source,source_job_id,company,title,department,location,is_remote,posted_at,updated_at,url,first_seen,last_seen
greenhouse,8503792002,GitLab,Account Executive - Italy,EMEA - Commercial,"Remote, Italy",1,2026-04-17T09:58:03Z,2026-08-03T20:43:10Z,https://job-boards.greenhouse.io/gitlab/jobs/8503792002,2026-08-05T02:23:56Z,2026-08-05T03:08:05Z
greenhouse,8565469002,GitLab,AI Engineer,Enterprise Applications,"Remote, US",1,2026-05-29T11:49:29Z,2026-08-03T20:43:10Z,https://job-boards.greenhouse.io/gitlab/jobs/8565469002,2026-08-05T02:23:56Z,2026-08-05T03:08:05Z
greenhouse,8638232002,GitLab,"AI Transformation Owner, CRO",Enablement,"Remote, United States",1,2026-07-22T17:38:40Z,2026-08-03T20:43:10Z,https://job-boards.greenhouse.io/gitlab/jobs/8638232002,2026-08-05T02:23:56Z,2026-08-05T03:08:05Z
greenhouse,8548105002,GitLab,"AI Transformation Owner, Marketing",Digital Marketing,"Remote, Canada; Remote, United Kingdom; Remote, US",1,2026-05-18T18:56:44Z,2026-08-03T20:43:10Z,https://job-boards.greenhouse.io/gitlab/jobs/8548105002,2026-08-05T02:23:56Z,2026-08-05T03:08:05Z
greenhouse,8631068002,GitLab,Area Vice President - Financial Services ,AMER - Enterprise,"Remote, US",1,2026-07-15T13:49:32Z,2026-08-03T20:43:10Z,https://job-boards.greenhouse.io/gitlab/jobs/8631068002,2026-08-05T02:23:56Z,2026-08-05T03:08:05Z
greenhouse,8624025002,GitLab,Area Vice President - LATAM,AMER - Enterprise,"Remote, Brazil",1,2026-07-14T13:45:49Z,2026-08-03T20:43:10Z,https://job-boards.greenhouse.io/gitlab/jobs/8624025002,2026-08-05T02:23:56Z,2026-08-05T03:08:05Z
greenhouse,8620720002,GitLab,"Backend Engineer (Ruby), AI Engineering: Agent Observability",AI Engineering,"Remote, Canada",1,2026-07-08T10:30:39Z,2026-08-03T20:43:10Z,https://job-boards.greenhouse.io/gitlab/jobs/8620720002,2026-08-05T02:23:56Z,2026-08-05T03:08:05Z
greenhouse,8532274002,GitLab,Business Development Representative ,Sales Development,"Remote, EMEA; Remote, Germany; Remote, Ireland; Remote, Netherlands; Remote, United Kingdom",1,2026-05-01T15:28:37Z,2026-08-03T20:43:10Z,https://job-boards.greenhouse.io/gitlab/jobs/8532274002,2026-08-05T02:23:56Z,2026-08-05T03:08:05Z
greenhouse,8532272002,GitLab,Business Development Representative ,Sales Development,"Remote, North America",1,2026-05-01T15:27:22Z,2026-08-03T20:43:10Z,https://job-boards.greenhouse.io/gitlab/jobs/8532272002,2026-08-05T02:23:56Z,2026-08-05T03:08:05Z
greenhouse,8608546002,GitLab,Business Development Representative - MENA   ,Sales Development,"Remote, UAE",1,2026-06-25T17:12:41Z,2026-08-03T20:43:10Z,https://job-boards.greenhouse.io/gitlab/jobs/8608546002,2026-08-05T02:23:56Z,2026-08-05T03:08:05Z
greenhouse,8617211002,GitLab,Commercial Account Executive - Australia,APAC - Commercial,"Remote, Australia",1,2026-07-12T23:05:20Z,2026-08-03T20:43:10Z,https://job-boards.greenhouse.io/gitlab/jobs/8617211002,2026-08-05T02:23:56Z,2026-08-05T03:08:05Z
greenhouse,8617751002,GitLab,Commercial Account Executive - Balkans,EMEA - Commercial,"Remote Ireland; Remote, France; Remote, Germany; Remote, Italy; Remote, Spain; Remote, United Kingdom",1,2026-07-16T08:30:59Z,2026-08-03T20:43:10Z,https://job-boards.greenhouse.io/gitlab/jobs/8617751002,2026-08-05T02:23:56Z,2026-08-05T03:08:05Z
greenhouse,8528922002,GitLab,Commercial Account Executive - Greece/Malta ,EMEA - Commercial,"Remote, France; Remote, Germany; Remote, Ireland; Remote, Italy; Remote, Spain; Remote, United Kingdom",1,2026-05-26T10:36:41Z,2026-08-03T20:43:10Z,https://job-boards.greenhouse.io/gitlab/jobs/8528922002,2026-08-05T02:23:56Z,2026-08-05T03:08:05Z
greenhouse,8638001002,GitLab,Commercial Account Executive - MENA,EMEA - Commercial,"Remote, KSA; Remote, UAE",1,2026-07-22T09:45:46Z,2026-08-03T20:43:10Z,https://job-boards.greenhouse.io/gitlab/jobs/8638001002,2026-08-05T02:23:56Z,2026-08-05T03:08:05Z
greenhouse,8561622002,GitLab,"Commercial Account Executive - Mid-Market, Canada",AMER - Commercial,"Remote, Canada",1,2026-05-26T16:13:38Z,2026-08-03T20:43:10Z,https://job-boards.greenhouse.io/gitlab/jobs/8561622002,2026-08-05T02:23:56Z,2026-08-05T03:08:05Z
greenhouse,8611838002,GitLab,"Commercial Account Executive - Named, US East",AMER - Commercial,"Remote, United States",1,2026-08-03T16:46:20Z,2026-08-03T20:43:10Z,https://job-boards.greenhouse.io/gitlab/jobs/8611838002,2026-08-05T02:23:56Z,2026-08-05T03:08:05Z
greenhouse,8592555002,GitLab,"Commercial Account Executive, Named - West",AMER - Commercial,Remote,1,2026-08-03T17:02:31Z,2026-08-03T20:43:10Z,https://job-boards.greenhouse.io/gitlab/jobs/8592555002,2026-08-05T02:23:56Z,2026-08-05T03:08:05Z
greenhouse,8562593002,GitLab,"Commercial Legal Counsel, Public Sector ",Legal,"Remote, US",1,2026-06-02T04:07:40Z,2026-08-03T20:43:10Z,https://job-boards.greenhouse.io/gitlab/jobs/8562593002,2026-08-05T02:23:56Z,2026-08-05T03:08:05Z
greenhouse,8617525002,GitLab,Customer Success Architect,Customer Success,"Remote, United Arab Emirates",1,2026-07-02T16:19:31Z,2026-08-03T20:43:10Z,https://job-boards.greenhouse.io/gitlab/jobs/8617525002,2026-08-05T02:23:56Z,2026-08-05T03:08:05Z
greenhouse,8561952002,GitLab,"Customer Success Architect, EMEA",Customer Success,"Remote, Austria; Remote, France; Remote, Germany",1,2026-05-28T08:40:59Z,2026-08-03T20:43:10Z,https://job-boards.greenhouse.io/gitlab/jobs/8561952002,2026-08-05T02:23:56Z,2026-08-05T03:08:05Z
greenhouse,8578321002,GitLab,"Customer Success Architect, NEUR",Customer Success,"Remote, Ireland; Remote, Netherlands; Remote, United Kingdom",1,2026-06-18T09:07:10Z,2026-08-03T20:43:10Z,https://job-boards.greenhouse.io/gitlab/jobs/8578321002,2026-08-05T02:23:56Z,2026-08-05T03:08:05Z
greenhouse,8583490002,GitLab,"Customer Success Engineer, EMEA ",Customer Success,"Remote, France; Remote, Germany; Remote, Ireland; Remote, Netherlands; Remote, Spain; Remote, United Kingdom",1,2026-06-25T08:04:37Z,2026-08-03T20:43:10Z,https://job-boards.greenhouse.io/gitlab/jobs/8583490002,2026-08-05T02:23:56Z,2026-08-05T03:08:05Z
greenhouse,8607271002,GitLab,"Customer Success Engineer, India",Customer Success,"Remote, India",1,2026-07-09T05:10:49Z,2026-08-03T20:43:10Z,https://job-boards.greenhouse.io/gitlab/jobs/8607271002,2026-08-05T02:23:56Z,2026-08-05T03:08:05Z
greenhouse,8637426002,GitLab,"Customer Success Engineer, LATAM (Spanish, Portugese) ",Customer Success,"Remote, Brazil; Remote, Mexico; Remote, United States",1,2026-07-22T14:59:01Z,2026-08-03T20:43:10Z,https://job-boards.greenhouse.io/gitlab/jobs/8637426002,2026-08-05T02:23:56Z,2026-08-05T03:08:05Z
greenhouse,8533016002,GitLab,Customer Success Manager,Customer Success,"Remote, North America",1,2026-06-23T21:12:13Z,2026-08-03T20:43:10Z,https://job-boards.greenhouse.io/gitlab/jobs/8533016002,2026-08-05T02:23:56Z,2026-08-05T03:08:05Z
greenhouse,8548980002,GitLab,Customer Success Manager - Australia,Customer Success,"Remote, Australia",1,2026-05-14T23:47:08Z,2026-08-03T20:43:10Z,https://job-boards.greenhouse.io/gitlab/jobs/8548980002,2026-08-05T02:23:56Z,2026-08-05T03:08:05Z
greenhouse,8646022002,GitLab,Customer Success Manager- Public Sector,Customer Success - PubSec,"Remote, United States",1,2026-07-23T16:27:14Z,2026-08-03T20:43:10Z,https://job-boards.greenhouse.io/gitlab/jobs/8646022002,2026-08-05T02:23:56Z,2026-08-05T03:08:05Z
greenhouse,8578341002,GitLab,"Customer Success Manager, SEUR",Customer Success,"Remote, France; Remote, Spain",1,2026-06-10T13:34:13Z,2026-08-03T20:43:10Z,https://job-boards.greenhouse.io/gitlab/jobs/8578341002,2026-08-05T02:23:56Z,2026-08-05T03:08:05Z
greenhouse,8628537002,GitLab,"Director, Customer Experience Strategy",Field Operations,"Remote, US",1,2026-07-10T20:23:17Z,2026-08-03T20:43:10Z,https://job-boards.greenhouse.io/gitlab/jobs/8628537002,2026-08-05T02:23:56Z,2026-08-05T03:08:05Z
greenhouse,8626772002,GitLab,"Director, Engineering, Platform Operations & Productivity",Architecture Engineering,"Bangalore, India",0,2026-07-13T16:57:20Z,2026-08-03T20:43:10Z,https://job-boards.greenhouse.io/gitlab/jobs/8626772002,2026-08-05T02:23:56Z,2026-08-05T03:08:05Z
greenhouse,8510488002,GitLab,"Director, Enterprise Architecture & Intelligent Automation",Enterprise Applications,"Remote, US",1,2026-04-21T12:30:18Z,2026-08-03T20:43:10Z,https://job-boards.greenhouse.io/gitlab/jobs/8510488002,2026-08-05T02:23:56Z,2026-08-05T03:08:05Z
greenhouse,8592768002,GitLab,"Director of Engineering, Growth & Monetization",Monetization Engineering,"Remote, Canada; Remote, US",1,2026-07-01T22:11:24Z,2026-08-03T20:43:10Z,https://job-boards.greenhouse.io/gitlab/jobs/8592768002,2026-08-05T02:23:56Z,2026-08-05T03:08:05Z
greenhouse,8607104002,GitLab,"Director of Engineering, Security Factory",Sec Engineering,"Remote, Israel; Remote, United Kingdom",1,2026-07-01T21:36:51Z,2026-08-03T20:43:10Z,https://job-boards.greenhouse.io/gitlab/jobs/8607104002,2026-08-05T02:23:56Z,2026-08-05T03:08:05Z
greenhouse,8637101002,GitLab,"Director, Pipeline Excellence",Field Operations,"Remote, United States",1,2026-07-17T16:26:27Z,2026-08-03T20:43:10Z,https://job-boards.greenhouse.io/gitlab/jobs/8637101002,2026-08-05T02:23:56Z,2026-08-05T03:08:05Z
greenhouse,8615811002,GitLab,"Director, Strategic Partnerships",Corporate Affairs,"Remote, US",1,2026-07-02T17:43:11Z,2026-08-03T20:43:10Z,https://job-boards.greenhouse.io/gitlab/jobs/8615811002,2026-08-05T02:23:56Z,2026-08-05T03:08:05Z
greenhouse,8629019002,GitLab,"Director, Support (Bengaluru)",Customer Support,"Bangalore, India",0,2026-07-16T14:48:02Z,2026-08-03T20:43:10Z,https://job-boards.greenhouse.io/gitlab/jobs/8629019002,2026-08-05T02:23:56Z,2026-08-05T03:08:05Z
greenhouse,8629005002,GitLab,"Director, Support (EMEA)",Customer Support,"Remote, United Kingdom",1,2026-07-15T19:07:47Z,2026-08-03T20:43:10Z,https://job-boards.greenhouse.io/gitlab/jobs/8629005002,2026-08-05T02:23:56Z,2026-08-05T03:08:05Z
greenhouse,8618771002,GitLab,"Ecosystem Sales Manager, Carahsoft (Washington DC)",Alliances and Channel,Remote,1,2026-07-15T18:23:24Z,2026-08-03T20:43:10Z,https://job-boards.greenhouse.io/gitlab/jobs/8618771002,2026-08-05T02:23:56Z,2026-08-05T03:08:05Z
greenhouse,8640317002,GitLab,Ecosystem Sales Manager: Scale,Alliances and Channel,Remote,1,2026-07-30T14:24:03Z,2026-08-03T20:43:10Z,https://job-boards.greenhouse.io/gitlab/jobs/8640317002,2026-08-05T02:23:56Z,2026-08-05T03:08:05Z
greenhouse,8635277002,GitLab,Enablement Content Manager,Enablement,"Remote, United States",1,2026-07-20T21:31:22Z,2026-08-03T20:43:10Z,https://job-boards.greenhouse.io/gitlab/jobs/8635277002,2026-08-05T02:23:56Z,2026-08-05T03:08:05Z
greenhouse,8603824002,GitLab,"Engineering Manager, AI Engineering: Chat",AI Engineering,"Remote, Americas; Remote, Canada; Remote, United Kingdom",1,2026-07-07T00:18:19Z,2026-08-03T20:43:10Z,https://job-boards.greenhouse.io/gitlab/jobs/8603824002,2026-08-05T02:23:56Z,2026-08-05T03:08:05Z
greenhouse,8615946002,GitLab,"Engineering Manager, Cell Infrastructure",Tenant Scale Engineering,"Bangalore, India",0,2026-07-06T13:34:36Z,2026-08-03T20:43:10Z,https://job-boards.greenhouse.io/gitlab/jobs/8615946002,2026-08-05T02:23:56Z,2026-08-05T03:08:05Z
greenhouse,8592950002,GitLab,"Engineering Manager, Data Foundations",Data Engineering,"Remote, US",1,2026-06-17T22:22:46Z,2026-08-03T20:43:10Z,https://job-boards.greenhouse.io/gitlab/jobs/8592950002,2026-08-05T02:23:56Z,2026-08-05T03:08:05Z
greenhouse,8607714002,GitLab,"Engineering Manager, Geo for Self-Managed Customers",Platforms Engineering,"Remote, United Kingdom",1,2026-07-02T20:24:45Z,2026-08-03T20:43:10Z,https://job-boards.greenhouse.io/gitlab/jobs/8607714002,2026-08-05T02:23:56Z,2026-08-05T03:08:05Z
greenhouse,8592891002,GitLab,"Engineering Manager, Growth",Data Engineering,"Remote, Canada; Remote, US",1,2026-06-17T22:15:14Z,2026-08-03T20:43:10Z,https://job-boards.greenhouse.io/gitlab/jobs/8592891002,2026-08-05T02:23:56Z,2026-08-05T03:08:05Z
greenhouse,8481197002,GitLab,"Engineering Manager, Observability, Monitoring, and Integrations (Monetization)",Data Engineering,"Bangalore, India",0,2026-06-16T16:03:23Z,2026-08-03T20:43:10Z,https://job-boards.greenhouse.io/gitlab/jobs/8481197002,2026-08-05T02:23:56Z,2026-08-05T03:08:05Z
greenhouse,8478405002,GitLab,"Engineering Manager, SSCS: Supply Chain",Sec Engineering,"Bangalore, India",0,2026-03-27T20:29:49Z,2026-08-03T20:43:10Z,https://job-boards.greenhouse.io/gitlab/jobs/8478405002,2026-08-05T02:23:56Z,2026-08-05T03:08:05Z
greenhouse,8586632002,GitLab,"Engineering Manager, Switchboard",Platforms Engineering,"Remote, United Kingdom",1,2026-07-13T11:33:45Z,2026-08-03T20:43:10Z,https://job-boards.greenhouse.io/gitlab/jobs/8586632002,2026-08-05T02:23:56Z,2026-08-05T03:08:05Z
greenhouse,8617538002,GitLab,"Engineering Manager, Tenant Scale:Git",Architecture Engineering,"Remote, Canada; Remote, United Kingdom; Remote, United States",1,2026-07-10T14:42:43Z,2026-08-03T20:43:10Z,https://job-boards.greenhouse.io/gitlab/jobs/8617538002,2026-08-05T02:23:56Z,2026-08-05T03:08:05Z
greenhouse,8631153002,GitLab,Enterprise Account Executive - DACH,EMEA - Commercial,"Remote, Germany",1,2026-07-13T14:43:44Z,2026-08-03T20:43:10Z,https://job-boards.greenhouse.io/gitlab/jobs/8631153002,2026-08-05T02:23:56Z,2026-08-05T03:08:05Z
greenhouse,8640151002,GitLab,Enterprise Account Executive - Singapore ,APAC - Enterprise,"Remote, Singapore",1,2026-07-24T05:22:11Z,2026-08-03T20:43:10Z,https://job-boards.greenhouse.io/gitlab/jobs/8640151002,2026-08-05T02:23:56Z,2026-08-05T03:08:05Z
greenhouse,8648964002,GitLab,"Enterprise QA Engineer, Salesforce ",Enterprise Applications,"Bangalore, India",0,2026-07-28T13:48:00Z,2026-08-03T20:43:10Z,https://job-boards.greenhouse.io/gitlab/jobs/8648964002,2026-08-05T02:23:56Z,2026-08-05T03:08:05Z
greenhouse,8522265002,GitLab,Forward Deployed Engineer - EMEA,Customer Experience,"Remote Ireland; Remote, Denmark; Remote, France; Remote, Germany; Remote, Italy; Remote, Netherlands; Remote, Sweden; Remote, United Kingdom",1,2026-05-11T08:41:42Z,2026-08-03T20:43:10Z,https://job-boards.greenhouse.io/gitlab/jobs/8522265002,2026-08-05T02:23:56Z,2026-08-05T03:08:05Z
greenhouse,8522408002,GitLab,Forward Deployed Engineer - EMEA,Customer Experience,"Remote Ireland; Remote, Austria; Remote, Denmark; Remote, France; Remote, Germany; Remote, Netherlands; Remote, Switzerland; Remote, United Kingdom",1,2026-05-11T08:40:57Z,2026-08-03T20:43:10Z,https://job-boards.greenhouse.io/gitlab/jobs/8522408002,2026-08-05T02:23:56Z,2026-08-05T03:08:05Z
greenhouse,8524783002,GitLab,Forward Deployed Engineer - META,Customer Experience,"Remote, United Arab Emirates",1,2026-05-11T08:42:09Z,2026-08-03T20:43:10Z,https://job-boards.greenhouse.io/gitlab/jobs/8524783002,2026-08-05T02:23:56Z,2026-08-05T03:08:05Z
greenhouse,8626198002,GitLab,"FP&A Manager, R&D",FP&A,"Remote, Canada; Remote, US",1,2026-07-10T17:59:34Z,2026-08-03T20:43:10Z,https://job-boards.greenhouse.io/gitlab/jobs/8626198002,2026-08-05T02:23:56Z,2026-08-05T03:08:05Z
greenhouse,8604633002,GitLab,High Velocity Enablement Lead ,Enablement,"Remote, US",1,2026-06-24T13:54:21Z,2026-08-03T20:43:10Z,https://job-boards.greenhouse.io/gitlab/jobs/8604633002,2026-08-05T02:23:56Z,2026-08-05T03:08:05Z
greenhouse,8632005002,GitLab,Hyperscaler Operations Manager,Field Operations,"Remote, Canada; Remote, US",1,2026-07-14T22:12:11Z,2026-08-03T20:43:10Z,https://job-boards.greenhouse.io/gitlab/jobs/8632005002,2026-08-05T02:23:56Z,2026-08-05T03:08:05Z
greenhouse,8615389002,GitLab,Intermediate Backend Engineer - Analytics Instrumentation,Data Engineering,"Bangalore, India",0,2026-07-13T06:29:08Z,2026-08-03T20:43:10Z,https://job-boards.greenhouse.io/gitlab/jobs/8615389002,2026-08-05T02:23:56Z,2026-08-05T03:08:05Z
greenhouse,8615332002,GitLab,Intermediate Backend Engineer - Platform Integrations (Monetization),Data Engineering,"Bangalore, India",0,2026-07-23T08:54:38Z,2026-08-04T09:22:08Z,https://job-boards.greenhouse.io/gitlab/jobs/8615332002,2026-08-05T02:23:56Z,2026-08-05T03:08:05Z
greenhouse,8644569002,GitLab,"Intermediate Backend Engineer, Platform Readiness",Platforms Engineering,"Remote, Canada; Remote, United States",1,2026-08-03T14:38:08Z,2026-08-03T20:43:10Z,https://job-boards.greenhouse.io/gitlab/jobs/8644569002,2026-08-05T02:23:56Z,2026-08-05T03:08:05Z
greenhouse,8623751002,GitLab,Intermediate Fullstack Engineer - Data Products,Data Engineering,"Bangalore, India",0,2026-07-13T06:29:51Z,2026-08-03T20:43:10Z,https://job-boards.greenhouse.io/gitlab/jobs/8623751002,2026-08-05T02:23:56Z,2026-08-05T03:08:05Z
greenhouse,8497793002,GitLab,"Intermediate/Senior/Staff Backend Engineer (C), Tenant Scale: Git ",Architecture Engineering,"Remote, Canada; Remote, India; Remote, United Kingdom; Remote, United States",1,2026-04-14T09:48:23Z,2026-08-03T20:43:10Z,https://job-boards.greenhouse.io/gitlab/jobs/8497793002,2026-08-05T02:23:56Z,2026-08-05T03:08:05Z
greenhouse,8617777002,GitLab,Lead Internal Events & Production Strategist,Engagement,"Remote, United States",1,2026-07-29T18:12:54Z,2026-08-03T20:43:10Z,https://job-boards.greenhouse.io/gitlab/jobs/8617777002,2026-08-05T02:23:56Z,2026-08-05T03:08:05Z
greenhouse,8633807002,GitLab,Lead SEC Analyst,FP&A,"Remote, United States",1,2026-07-27T22:20:48Z,2026-08-03T20:43:10Z,https://job-boards.greenhouse.io/gitlab/jobs/8633807002,2026-08-05T02:23:56Z,2026-08-05T03:08:05Z
greenhouse,8433107002,GitLab,"Major Account Executive, Germany",EMEA - Enterprise,"Remote, Germany",1,2026-06-25T09:21:20Z,2026-08-03T20:43:10Z,https://job-boards.greenhouse.io/gitlab/jobs/8433107002,2026-08-05T02:23:56Z,2026-08-05T03:08:05Z
greenhouse,8614683002,GitLab,"Manager, Business Development   ",Sales Development,"Remote, North America",1,2026-07-01T15:10:54Z,2026-08-03T20:43:10Z,https://job-boards.greenhouse.io/gitlab/jobs/8614683002,2026-08-05T02:23:56Z,2026-08-05T03:08:05Z
greenhouse,8613199002,GitLab,"Manager, Customer Success Managers, EMEA",Customer Success,"Remote, Austria; Remote, Germany",1,2026-07-06T06:41:32Z,2026-08-03T20:43:10Z,https://job-boards.greenhouse.io/gitlab/jobs/8613199002,2026-08-05T02:23:56Z,2026-08-05T03:08:05Z
greenhouse,8604996002,GitLab,"Manager, Customer Success Operations",Field Operations,"Remote, US",1,2026-06-25T16:29:11Z,2026-08-03T20:43:10Z,https://job-boards.greenhouse.io/gitlab/jobs/8604996002,2026-08-05T02:23:56Z,2026-08-05T03:08:05Z
greenhouse,8626740002,GitLab,"Manager, Engineering, Git & Gitaly Operations",Architecture Engineering,"Remote, Bangalore",1,2026-07-13T16:54:04Z,2026-08-03T20:43:10Z,https://job-boards.greenhouse.io/gitlab/jobs/8626740002,2026-08-05T02:23:56Z,2026-08-05T03:08:05Z
greenhouse,8632388002,GitLab,"Manager, Engineering, Nonlinear Productivity (Friction Elimination & Solutions)",Architecture Engineering,"Remote, Bangalore",1,2026-07-15T09:08:38Z,2026-08-03T20:43:10Z,https://job-boards.greenhouse.io/gitlab/jobs/8632388002,2026-08-05T02:23:56Z,2026-08-05T03:08:05Z
greenhouse,8643154002,GitLab,"Manager, IT SOX PMO",Accounting,"Remote, United States",1,2026-07-28T19:47:50Z,2026-08-03T20:43:10Z,https://job-boards.greenhouse.io/gitlab/jobs/8643154002,2026-08-05T02:23:56Z,2026-08-05T03:08:05Z
greenhouse,8589147002,GitLab,"Manager, Solutions Architect - Asia",SA,"Remote, Singapore",1,2026-06-16T23:50:23Z,2026-08-03T20:43:10Z,https://job-boards.greenhouse.io/gitlab/jobs/8589147002,2026-08-05T02:23:56Z,2026-08-05T03:08:05Z
greenhouse,8626770002,GitLab,"Manager, Solutions Architect - CEUR",SA,"Remote, Germany",1,2026-07-20T09:35:49Z,2026-08-03T20:43:10Z,https://job-boards.greenhouse.io/gitlab/jobs/8626770002,2026-08-05T02:23:56Z,2026-08-05T03:08:05Z
greenhouse,8627761002,GitLab,"Manager, Solutions Architect - India ",SA,"Remote, India",1,2026-07-21T09:23:03Z,2026-08-03T20:43:10Z,https://job-boards.greenhouse.io/gitlab/jobs/8627761002,2026-08-05T02:23:56Z,2026-08-05T03:08:05Z
greenhouse,8396674002,GitLab,"Manager, Solutions Architects",SA,"Remote, US",1,2026-03-06T19:25:31Z,2026-08-03T20:43:10Z,https://job-boards.greenhouse.io/gitlab/jobs/8396674002,2026-08-05T02:23:56Z,2026-08-05T03:08:05Z
greenhouse,8641849002,GitLab,"Manager, Solutions Architecture - East ",SA,"Remote, United States",1,2026-08-03T14:08:14Z,2026-08-03T20:43:10Z,https://job-boards.greenhouse.io/gitlab/jobs/8641849002,2026-08-05T02:23:56Z,2026-08-05T03:08:05Z
greenhouse,8626762002,GitLab,"Manager, Solutions Architecture - UK&I",SA,"Remote, United Kingdom",1,2026-07-17T08:49:31Z,2026-08-03T20:43:10Z,https://job-boards.greenhouse.io/gitlab/jobs/8626762002,2026-08-05T02:23:56Z,2026-08-05T03:08:05Z
greenhouse,8639170002,GitLab,"Manager, Strategic Finance",FP&A,"Remote, United States",1,2026-07-21T20:47:30Z,2026-08-03T20:43:10Z,https://job-boards.greenhouse.io/gitlab/jobs/8639170002,2026-08-05T02:23:56Z,2026-08-05T03:08:05Z
greenhouse,8675597002,GitLab,New Business Account Executive - Netherlands,New Business - EMEA,"Remote, Netherlands",1,2026-08-04T12:17:28Z,2026-08-04T12:17:28Z,https://job-boards.greenhouse.io/gitlab/jobs/8675597002,2026-08-05T02:23:56Z,2026-08-05T03:08:05Z
greenhouse,8615513002,GitLab,New Business Account Executive - Nordics,New Business - EMEA,"Remote, Netherlands; Remote, Sweden",1,2026-07-02T06:38:55Z,2026-08-03T20:43:10Z,https://job-boards.greenhouse.io/gitlab/jobs/8615513002,2026-08-05T02:23:56Z,2026-08-05T03:08:05Z
greenhouse,8610803002,GitLab,New Business Account Executive - SLED,New Business - PubSec,"Remote, US",1,2026-07-07T18:37:24Z,2026-08-03T20:43:10Z,https://job-boards.greenhouse.io/gitlab/jobs/8610803002,2026-08-05T02:23:56Z,2026-08-05T03:08:05Z
greenhouse,8615797002,GitLab,New Business Account Executive - Southern California ,New Business - AMER,"Remote, US",1,2026-07-07T17:30:45Z,2026-08-03T20:43:10Z,https://job-boards.greenhouse.io/gitlab/jobs/8615797002,2026-08-05T02:23:56Z,2026-08-05T03:08:05Z
greenhouse,8574978002,GitLab,"Principal HRIS Analyst, People Technology - Workday",People Operations,"Remote, US",1,2026-06-08T19:53:12Z,2026-08-03T20:43:10Z,https://job-boards.greenhouse.io/gitlab/jobs/8574978002,2026-08-05T02:23:56Z,2026-08-05T03:08:05Z
greenhouse,8564957002,GitLab,"Principal Product Manager, AI Custom Models",AI,"Remote, Canada; Remote, US",1,2026-05-27T18:51:21Z,2026-08-03T20:43:10Z,https://job-boards.greenhouse.io/gitlab/jobs/8564957002,2026-08-05T02:23:56Z,2026-08-05T03:08:05Z
greenhouse,8658878002,GitLab,"Principal Product Manager, AI Software Factory",AI,"Remote, Canada; Remote, United States",1,2026-08-03T17:47:46Z,2026-08-03T20:43:10Z,https://job-boards.greenhouse.io/gitlab/jobs/8658878002,2026-08-05T02:23:56Z,2026-08-05T03:08:05Z
greenhouse,8597813002,GitLab,"Principal Product Manager, Engineering Intelligence & Insights",Core DevOps,"Remote, Canada; Remote, US",1,2026-07-02T19:32:13Z,2026-08-03T20:43:10Z,https://job-boards.greenhouse.io/gitlab/jobs/8597813002,2026-08-05T02:23:56Z,2026-08-05T03:08:05Z
greenhouse,8579044002,GitLab,Professional Services Engagement Manager,Practice Management,"Remote, US",1,2026-06-05T21:44:12Z,2026-08-03T20:43:10Z,https://job-boards.greenhouse.io/gitlab/jobs/8579044002,2026-08-05T02:23:56Z,2026-08-05T03:08:05Z
greenhouse,8617252002,GitLab,Professional Services Program Manager,Consulting Delivery,"Remote, US",1,2026-07-02T20:42:05Z,2026-08-03T20:43:10Z,https://job-boards.greenhouse.io/gitlab/jobs/8617252002,2026-08-05T02:23:56Z,2026-08-05T03:08:05Z
greenhouse,8616847002,GitLab,Professional Services Technical Architect ,Consulting Delivery,"Remote, Canada; Remote, US",1,2026-07-01T21:11:26Z,2026-08-03T20:43:10Z,https://job-boards.greenhouse.io/gitlab/jobs/8616847002,2026-08-05T02:23:56Z,2026-08-05T03:08:05Z
greenhouse,8596778002,GitLab,"Public Sector Strategic Account Executive, FSI",PubSec - FED,"Remote, US",1,2026-06-27T02:43:21Z,2026-08-03T20:43:10Z,https://job-boards.greenhouse.io/gitlab/jobs/8596778002,2026-08-05T02:23:56Z,2026-08-05T03:08:05Z
greenhouse,8673952002,GitLab,"Regional Sales Director, Brazil",AMER - Enterprise,"Remote, Brazil",1,2026-08-03T20:26:36Z,2026-08-03T20:43:10Z,https://job-boards.greenhouse.io/gitlab/jobs/8673952002,2026-08-05T02:23:56Z,2026-08-05T03:08:05Z
greenhouse,8611813002,GitLab,Renewals Manager,Renewals,"Remote, US",1,2026-06-29T19:42:59Z,2026-08-03T20:43:10Z,https://job-boards.greenhouse.io/gitlab/jobs/8611813002,2026-08-05T02:23:56Z,2026-08-05T03:08:05Z
greenhouse,8620580002,GitLab,Renewals Manager Germany,Customer Success,Remote,1,2026-07-20T11:54:44Z,2026-08-03T20:43:10Z,https://job-boards.greenhouse.io/gitlab/jobs/8620580002,2026-08-05T02:23:56Z,2026-08-05T03:08:05Z
greenhouse,8616247002,GitLab,Revenue Analytics Manager,Field Operations,"Remote, Canada; Remote, US",1,2026-07-03T01:02:40Z,2026-08-03T20:43:10Z,https://job-boards.greenhouse.io/gitlab/jobs/8616247002,2026-08-05T02:23:56Z,2026-08-05T03:08:05Z
greenhouse,8645879002,GitLab,"Revenue Strategist Manager, Renewals",Field Operations,"Remote, United States",1,2026-07-23T16:49:37Z,2026-08-03T20:43:10Z,https://job-boards.greenhouse.io/gitlab/jobs/8645879002,2026-08-05T02:23:56Z,2026-08-05T03:08:05Z
greenhouse,8618795002,GitLab,Revenue Technology Analyst,Field Operations,"Remote, Canada; Remote, US",1,2026-07-13T20:49:37Z,2026-08-03T20:43:10Z,https://job-boards.greenhouse.io/gitlab/jobs/8618795002,2026-08-05T02:23:56Z,2026-08-05T03:08:05Z
greenhouse,8638385002,GitLab,Senior Absence Management Partner,Total Rewards,"Remote Ireland; Remote, Poland; Remote, United Kingdom",1,2026-07-22T13:27:09Z,2026-08-03T20:43:10Z,https://job-boards.greenhouse.io/gitlab/jobs/8638385002,2026-08-05T02:23:56Z,2026-08-05T03:08:05Z
greenhouse,8556658002,GitLab,Senior AI Engineer,Enterprise Applications,"Remote, Bangalore",1,2026-05-22T13:16:29Z,2026-08-03T20:43:10Z,https://job-boards.greenhouse.io/gitlab/jobs/8556658002,2026-08-05T02:23:56Z,2026-08-05T03:08:05Z
greenhouse,8645825002,GitLab,Senior Assigned Support Engineer (EMEA),ASE,"Remote, United Kingdom",1,2026-07-23T21:05:22Z,2026-08-03T20:43:10Z,https://job-boards.greenhouse.io/gitlab/jobs/8645825002,2026-08-05T02:23:56Z,2026-08-05T03:08:05Z
greenhouse,8621733002,GitLab,"Senior Backend Engineer, AI Engineering: Chat   ",AI Engineering,"Remote, Canada; Remote, United Kingdom",1,2026-07-20T22:41:32Z,2026-08-03T20:43:10Z,https://job-boards.greenhouse.io/gitlab/jobs/8621733002,2026-08-05T02:23:56Z,2026-08-05T03:08:05Z
greenhouse,8451512002,GitLab,"Senior Backend Engineer, Analytics Instrumentation (Golang)",Data Engineering,"Remote, Canada; Remote, US",1,2026-03-12T15:15:05Z,2026-08-03T20:43:10Z,https://job-boards.greenhouse.io/gitlab/jobs/8451512002,2026-08-05T02:23:56Z,2026-08-05T03:08:05Z
greenhouse,8636713002,GitLab,"Senior Backend Engineer, Deployment Environments",Platforms Engineering,"Remote, United Kingdom",1,2026-07-21T10:55:36Z,2026-08-03T20:43:10Z,https://job-boards.greenhouse.io/gitlab/jobs/8636713002,2026-08-05T02:23:56Z,2026-08-05T03:08:05Z
greenhouse,8463925002,GitLab,"Senior Backend Engineer, Gitlab Delivery: Zero Downtime Upgrades",Platforms Engineering,"Bangalore, India",0,2026-06-25T10:07:21Z,2026-08-03T20:43:10Z,https://job-boards.greenhouse.io/gitlab/jobs/8463925002,2026-08-05T02:23:56Z,2026-08-05T03:08:05Z
greenhouse,8615319002,GitLab,Senior Backend Engineer - Monitoring and Anomaly Detection (Monetization),Data Engineering,"Remote, Bangalore",1,2026-07-23T08:55:12Z,2026-08-03T20:43:10Z,https://job-boards.greenhouse.io/gitlab/jobs/8615319002,2026-08-05T02:23:56Z,2026-08-05T03:08:05Z
greenhouse,8615439002,GitLab,Senior Backend Engineer - Platform Insights,Data Engineering,"Bangalore, India",0,2026-07-13T06:29:28Z,2026-08-03T20:43:10Z,https://job-boards.greenhouse.io/gitlab/jobs/8615439002,2026-08-05T02:23:56Z,2026-08-05T03:08:05Z
greenhouse,8644572002,GitLab,"Senior Backend Engineer, Platform Readiness",Platforms Engineering,"Remote, Canada; Remote, United States",1,2026-08-03T15:54:04Z,2026-08-03T20:43:10Z,https://job-boards.greenhouse.io/gitlab/jobs/8644572002,2026-08-05T02:23:56Z,2026-08-05T03:08:05Z
greenhouse,8621620002,GitLab,"Senior Backend Engineer (Ruby), AI Engineering: AI Coding",AI Engineering,"Remote, United Kingdom",1,2026-07-13T19:26:35Z,2026-08-03T20:43:10Z,https://job-boards.greenhouse.io/gitlab/jobs/8621620002,2026-08-05T02:23:56Z,2026-08-05T03:08:05Z
greenhouse,8603839002,GitLab,"Senior Backend Engineer (Ruby), AI Engineering: Duo Agent Platform Tools",AI Engineering,"Remote, Canada; Remote, United Kingdom",1,2026-07-01T09:12:15Z,2026-08-03T20:43:10Z,https://job-boards.greenhouse.io/gitlab/jobs/8603839002,2026-08-05T02:23:56Z,2026-08-05T03:08:05Z
greenhouse,8480580002,GitLab,"Senior Backend Engineer,  SSCS: Supply Chain",Sec Engineering,"Bangalore, India",0,2026-04-10T22:40:58Z,2026-08-03T20:43:10Z,https://job-boards.greenhouse.io/gitlab/jobs/8480580002,2026-08-05T02:23:56Z,2026-08-05T03:08:05Z
greenhouse,8641816002,GitLab,Senior Benefits Analyst,Total Rewards,"Remote Ireland; Remote, Poland; Remote, United Kingdom",1,2026-07-23T17:52:01Z,2026-08-03T20:43:10Z,https://job-boards.greenhouse.io/gitlab/jobs/8641816002,2026-08-05T02:23:56Z,2026-08-05T03:08:05Z
greenhouse,8627798002,GitLab,Senior Commercial Account Executive - DACH,EMEA - Commercial,"Remote, Germany",1,2026-07-13T14:42:12Z,2026-08-03T20:43:10Z,https://job-boards.greenhouse.io/gitlab/jobs/8627798002,2026-08-05T02:23:56Z,2026-08-05T03:08:05Z
greenhouse,8500014002,GitLab,"Senior Commercial Legal Counsel, APAC",Legal,"Remote, Japan; Remote, Philippines; Remote, Singapore",1,2026-04-28T23:56:55Z,2026-08-03T20:43:10Z,https://job-boards.greenhouse.io/gitlab/jobs/8500014002,2026-08-05T02:23:56Z,2026-08-05T03:08:05Z
greenhouse,8607642002,GitLab,"Senior Customer Success Architect, France",Customer Success,"Remote, France",1,2026-07-02T15:57:49Z,2026-08-03T20:43:10Z,https://job-boards.greenhouse.io/gitlab/jobs/8607642002,2026-08-05T02:23:56Z,2026-08-05T03:08:05Z
greenhouse,8648304002,GitLab,Senior Customer Success Architect - Singapore,Customer Success,"Remote, Singapore",1,2026-07-31T06:32:33Z,2026-08-03T20:43:10Z,https://job-boards.greenhouse.io/gitlab/jobs/8648304002,2026-08-05T02:23:56Z,2026-08-05T03:08:05Z
greenhouse,8616005002,GitLab,Senior Customer Success Manager- Public Sector ,Customer Success - PubSec,"Remote, US",1,2026-07-07T20:23:44Z,2026-08-03T20:43:10Z,https://job-boards.greenhouse.io/gitlab/jobs/8616005002,2026-08-05T02:23:56Z,2026-08-05T03:08:05Z
greenhouse,8648306002,GitLab,"Senior Deal Desk Analyst, Philippines",Field Operations,"Remote, Phillipines",1,2026-08-05T00:33:43Z,2026-08-05T00:33:43Z,https://job-boards.greenhouse.io/gitlab/jobs/8648306002,2026-08-05T02:23:56Z,2026-08-05T03:08:05Z
greenhouse,8647506002,GitLab,"Senior Director, Associate General Counsel",Legal,"Remote, United States",1,2026-07-23T17:50:11Z,2026-08-03T20:43:10Z,https://job-boards.greenhouse.io/gitlab/jobs/8647506002,2026-08-05T02:23:56Z,2026-08-05T03:08:05Z
greenhouse,8592710002,GitLab,"Senior Director, People Business Partner",People Business Partners,"Remote, US",1,2026-07-09T14:03:22Z,2026-08-03T20:43:10Z,https://job-boards.greenhouse.io/gitlab/jobs/8592710002,2026-08-05T02:23:56Z,2026-08-05T03:08:05Z
greenhouse,8539908002,GitLab,"Senior Director, Procurement",Accounting,"Remote, US",1,2026-06-17T01:06:14Z,2026-08-03T20:43:10Z,https://job-boards.greenhouse.io/gitlab/jobs/8539908002,2026-08-05T02:23:56Z,2026-08-05T03:08:05Z
greenhouse,8640173002,GitLab,"Senior Ecosystem Sales Manager, Japan",Alliances and Channel,"Remote, Japan",1,2026-07-29T03:23:43Z,2026-08-03T20:43:10Z,https://job-boards.greenhouse.io/gitlab/jobs/8640173002,2026-08-05T02:23:56Z,2026-08-05T03:08:05Z
greenhouse,8626290002,GitLab,"Senior Engineering Manager, Non-Linear Productivity",Architecture Engineering,"Remote, Canada; Remote, United Kingdom; Remote, US",1,2026-07-13T16:25:24Z,2026-08-03T20:43:10Z,https://job-boards.greenhouse.io/gitlab/jobs/8626290002,2026-08-05T02:23:56Z,2026-08-05T03:08:05Z
greenhouse,8621204002,GitLab,"Senior FP&A Analyst, Corporate Finance",FP&A,"Remote, Canada; Remote, United States",1,2026-07-16T14:35:23Z,2026-08-04T20:39:14Z,https://job-boards.greenhouse.io/gitlab/jobs/8621204002,2026-08-05T02:23:56Z,2026-08-05T03:08:05Z
greenhouse,8643077002,GitLab,"Senior Internal Auditor, Technology",Internal Audit,"Remote, Canada; Remote, United States",1,2026-07-24T20:18:08Z,2026-08-03T20:43:10Z,https://job-boards.greenhouse.io/gitlab/jobs/8643077002,2026-08-05T02:23:56Z,2026-08-05T03:08:05Z
greenhouse,8637075002,GitLab,Senior Lifecycle Marketing Manager,Digital Marketing,"Remote, Canada; Remote, United States",1,2026-07-16T22:57:59Z,2026-08-03T20:43:10Z,https://job-boards.greenhouse.io/gitlab/jobs/8637075002,2026-08-05T02:23:56Z,2026-08-05T03:08:05Z
greenhouse,8561194002,GitLab,"Senior Manager, CX Services Operations",Field Operations,"Remote, US",1,2026-05-27T13:33:33Z,2026-08-03T20:43:10Z,https://job-boards.greenhouse.io/gitlab/jobs/8561194002,2026-08-05T02:23:56Z,2026-08-05T03:08:05Z
greenhouse,8642850002,GitLab,"Senior Manager, Internal Audit - Audit Automation & Technology Risk",Internal Audit,"Bangalore, India",0,2026-07-24T16:38:17Z,2026-08-03T20:43:10Z,https://job-boards.greenhouse.io/gitlab/jobs/8642850002,2026-08-05T02:23:56Z,2026-08-05T03:08:05Z
greenhouse,8597826002,GitLab,"Senior Manager, Product Management: Agentic Software Delivery",Core DevOps,"Remote, Canada; Remote, US",1,2026-07-02T21:08:40Z,2026-08-03T20:43:10Z,https://job-boards.greenhouse.io/gitlab/jobs/8597826002,2026-08-05T02:23:56Z,2026-08-05T03:08:05Z
greenhouse,8597809002,GitLab,"Senior Manager, Professional Services Technical Architect",Consulting Delivery,"Remote, Canada; Remote, US",1,2026-06-18T16:52:50Z,2026-08-03T20:43:10Z,https://job-boards.greenhouse.io/gitlab/jobs/8597809002,2026-08-05T02:23:56Z,2026-08-05T03:08:05Z
greenhouse,8627764002,GitLab,"Senior Manager, Solutions Architect - Australia & New Zealand",SA,"Remote, Australia",1,2026-07-21T09:17:16Z,2026-08-03T20:43:10Z,https://job-boards.greenhouse.io/gitlab/jobs/8627764002,2026-08-05T02:23:56Z,2026-08-05T03:08:05Z
greenhouse,8617615002,GitLab,Senior People Analytics Analyst,Engagement,"Remote, United States",1,2026-07-29T18:05:33Z,2026-08-03T20:43:10Z,https://job-boards.greenhouse.io/gitlab/jobs/8617615002,2026-08-05T02:23:56Z,2026-08-05T03:08:05Z
greenhouse,8617848002,GitLab,"Senior People Business Partner, Product & Marketing",People Business Partners,"Remote, United States",1,2026-07-16T20:33:27Z,2026-08-03T20:43:10Z,https://job-boards.greenhouse.io/gitlab/jobs/8617848002,2026-08-05T02:23:56Z,2026-08-05T03:08:05Z
greenhouse,8464608002,GitLab,"Senior Product Designer, AI",Product Design,"Remote, Canada; Remote, US",1,2026-03-19T15:45:39Z,2026-08-03T20:43:10Z,https://job-boards.greenhouse.io/gitlab/jobs/8464608002,2026-08-05T02:23:56Z,2026-08-05T03:08:05Z
greenhouse,8597805002,GitLab,"Senior Product Manager, Plan to Code",Core DevOps,"Remote, Canada; Remote, US",1,2026-07-07T20:49:09Z,2026-08-03T20:43:10Z,https://job-boards.greenhouse.io/gitlab/jobs/8597805002,2026-08-05T02:23:56Z,2026-08-05T03:08:05Z
greenhouse,8512220002,GitLab,"Senior Product Manager, Tenant Scale",Platforms,"Remote, Canada; Remote, US",1,2026-04-29T17:26:12Z,2026-08-03T20:43:10Z,https://job-boards.greenhouse.io/gitlab/jobs/8512220002,2026-08-05T02:23:56Z,2026-08-05T03:08:05Z
greenhouse,8638017002,GitLab,Senior Professional Services Engineer - EMEA,Consulting Delivery,Remote,1,2026-07-22T10:00:52Z,2026-08-03T20:43:10Z,https://job-boards.greenhouse.io/gitlab/jobs/8638017002,2026-08-05T02:23:56Z,2026-08-05T03:08:05Z
greenhouse,8623542002,GitLab,Senior Professional Services Engineer - Japan,Customer Experience,"Remote, Japan",1,2026-07-09T06:57:34Z,2026-08-03T20:43:10Z,https://job-boards.greenhouse.io/gitlab/jobs/8623542002,2026-08-05T02:23:56Z,2026-08-05T03:08:05Z
greenhouse,8597847002,GitLab,"Senior Professional Services Partners Manager, Subcontractor Partner Solutions",Consulting Delivery,"Remote, US",1,2026-06-24T21:36:07Z,2026-08-03T20:43:10Z,https://job-boards.greenhouse.io/gitlab/jobs/8597847002,2026-08-05T02:23:56Z,2026-08-05T03:08:05Z
greenhouse,8622433002,GitLab,Senior Professional Services Project Manager (EMEA),Consulting Delivery,Remote,1,2026-07-22T09:41:37Z,2026-08-03T20:43:10Z,https://job-boards.greenhouse.io/gitlab/jobs/8622433002,2026-08-05T02:23:56Z,2026-08-05T03:08:05Z
greenhouse,8584282002,GitLab,"Senior Program Manager, Enterprise Technology & AI",Enterprise Applications,"Remote, Bangalore",1,2026-07-06T12:34:18Z,2026-08-03T20:43:10Z,https://job-boards.greenhouse.io/gitlab/jobs/8584282002,2026-08-05T02:23:56Z,2026-08-05T03:08:05Z
greenhouse,8453504002,GitLab,"Senior Regional Marketing Manager, EMEA",Regional Marketing,"Remote, EMEA",1,2026-03-30T19:43:03Z,2026-08-03T20:43:10Z,https://job-boards.greenhouse.io/gitlab/jobs/8453504002,2026-08-05T02:23:56Z,2026-08-05T03:08:05Z
greenhouse,8616308002,GitLab,Senior Revenue Analytics Analyst,Field Operations,"Remote, Canada; Remote, US",1,2026-07-13T17:37:11Z,2026-08-03T20:43:10Z,https://job-boards.greenhouse.io/gitlab/jobs/8616308002,2026-08-05T02:23:56Z,2026-08-05T03:08:05Z
greenhouse,8628447002,GitLab,"Senior Security Engineer, Security Incident Response Team (SIRT) - EMEA",Security Operations,"Remote, Israel; Remote, United Kingdom",1,2026-07-10T20:02:45Z,2026-08-03T20:43:10Z,https://job-boards.greenhouse.io/gitlab/jobs/8628447002,2026-08-05T02:23:56Z,2026-08-05T03:08:05Z
greenhouse,8637549002,GitLab,Senior Software Security Engineer,Security Operations,"Bangalore, India; Remote, Canada; Remote, Israel; Remote, United Kingdom; Remote, United States",1,2026-07-21T13:45:22Z,2026-08-03T20:43:10Z,https://job-boards.greenhouse.io/gitlab/jobs/8637549002,2026-08-05T02:23:56Z,2026-08-05T03:08:05Z
greenhouse,8611764002,GitLab,Senior Solutions Architect,SA,"Remote, United Kingdom",1,2026-06-30T13:49:28Z,2026-08-03T20:43:10Z,https://job-boards.greenhouse.io/gitlab/jobs/8611764002,2026-08-05T02:23:56Z,2026-08-05T03:08:05Z
greenhouse,8476375002,GitLab,Senior Solutions Architect - AI & Platforms SME,SA,"Remote, Australia; Remote, Singapore",1,2026-03-24T23:46:42Z,2026-08-03T20:43:10Z,https://job-boards.greenhouse.io/gitlab/jobs/8476375002,2026-08-05T02:23:56Z,2026-08-05T03:08:05Z
greenhouse,8627772002,GitLab,Senior Solutions Architect- Australia and New Zealand,SA,"Remote, Australia",1,2026-07-22T01:23:21Z,2026-08-03T20:43:10Z,https://job-boards.greenhouse.io/gitlab/jobs/8627772002,2026-08-05T02:23:56Z,2026-08-05T03:08:05Z
greenhouse,8589176002,GitLab,"Senior Solutions Architect, Financial Services - NYC area",SA,"Remote, US",1,2026-06-15T17:04:12Z,2026-08-03T20:43:10Z,https://job-boards.greenhouse.io/gitlab/jobs/8589176002,2026-08-05T02:23:56Z,2026-08-05T03:08:05Z
greenhouse,8591221002,GitLab,"Senior Solutions Architect, Global SI (India)",SA,"Remote, Bangalore",1,2026-06-17T22:16:10Z,2026-08-03T20:43:10Z,https://job-boards.greenhouse.io/gitlab/jobs/8591221002,2026-08-05T02:23:56Z,2026-08-05T03:08:05Z
greenhouse,8593622002,GitLab,"Senior Solutions Architect, MEA",SA,"Remote, United Arab Emirates",1,2026-06-17T10:40:01Z,2026-08-03T20:43:10Z,https://job-boards.greenhouse.io/gitlab/jobs/8593622002,2026-08-05T02:23:56Z,2026-08-05T03:08:05Z
greenhouse,8627022002,GitLab,Senior Solutions Architect - Turkey,SA,"Remote, Turkey",1,2026-07-13T19:21:48Z,2026-08-03T20:43:10Z,https://job-boards.greenhouse.io/gitlab/jobs/8627022002,2026-08-05T02:23:56Z,2026-08-05T03:08:05Z
greenhouse,8588547002,GitLab,Senior TA Operations Specialist,Talent Acquisition,"Remote, US",1,2026-06-11T18:01:55Z,2026-08-03T20:43:10Z,https://job-boards.greenhouse.io/gitlab/jobs/8588547002,2026-08-05T02:23:56Z,2026-08-05T03:08:05Z
greenhouse,8631175002,GitLab,Senior Threat Intelligence Engineer ,Security Operations,"Remote, Canada; Remote, India; Remote, US",1,2026-07-15T15:47:29Z,2026-08-03T20:43:10Z,https://job-boards.greenhouse.io/gitlab/jobs/8631175002,2026-08-05T02:23:56Z,2026-08-05T03:08:05Z
greenhouse,8515080002,GitLab,"Site Reliability Engineer, Cloud Cost Utilization",Platforms Engineering,"Remote, US",1,2026-04-24T14:24:30Z,2026-08-03T20:43:10Z,https://job-boards.greenhouse.io/gitlab/jobs/8515080002,2026-08-05T02:23:56Z,2026-08-05T03:08:05Z
greenhouse,8644274002,GitLab,Site Reliability Engineer - Dedicated Hosted Runners,Platforms Engineering,"Bangalore, India",0,2026-07-23T12:48:45Z,2026-08-03T20:43:10Z,https://job-boards.greenhouse.io/gitlab/jobs/8644274002,2026-08-05T02:23:56Z,2026-08-05T03:08:05Z
greenhouse,8623389002,GitLab,"Site Reliability Engineer, Intermediate to Senior Staff — Infrastructure Platforms",Platforms Engineering,"Remote, Canada; Remote, United Kingdom; Remote, US",1,2026-07-11T02:45:49Z,2026-08-03T20:43:10Z,https://job-boards.greenhouse.io/gitlab/jobs/8623389002,2026-08-05T02:23:56Z,2026-08-05T03:08:05Z
greenhouse,8611767002,GitLab,Solutions Architect,SA,"Remote, United Kingdom",1,2026-06-30T13:50:39Z,2026-08-03T20:43:10Z,https://job-boards.greenhouse.io/gitlab/jobs/8611767002,2026-08-05T02:23:56Z,2026-08-05T03:08:05Z
greenhouse,8656506002,GitLab,Solutions Architect - France,SA,"Remote, France",1,2026-07-30T15:23:03Z,2026-08-03T20:43:10Z,https://job-boards.greenhouse.io/gitlab/jobs/8656506002,2026-08-05T02:23:56Z,2026-08-05T03:08:05Z
greenhouse,8611700002,GitLab,Solutions Architect - MENA,SA,"Remote, KSA; Remote, UAE",1,2026-07-20T11:59:55Z,2026-08-04T14:40:00Z,https://job-boards.greenhouse.io/gitlab/jobs/8611700002,2026-08-05T02:23:56Z,2026-08-05T03:08:05Z
greenhouse,8637579002,GitLab,Staff Account Based Marketing Manager,Digital Marketing,"Remote, Canada; Remote, United States",1,2026-07-16T22:59:51Z,2026-08-03T20:43:10Z,https://job-boards.greenhouse.io/gitlab/jobs/8637579002,2026-08-05T02:23:56Z,2026-08-05T03:08:05Z
greenhouse,8463922002,GitLab,"Staff Backend Engineer, Gitlab Delivery: Upgrades",Platforms Engineering,"Bangalore, India",0,2026-03-22T07:10:27Z,2026-08-03T20:43:10Z,https://job-boards.greenhouse.io/gitlab/jobs/8463922002,2026-08-05T02:23:56Z,2026-08-05T03:08:05Z
greenhouse,8488961002,GitLab,"Staff Backend Engineer (Go), Events Platform",DevOps Engineering,"Bangalore, India",0,2026-04-08T13:47:49Z,2026-08-03T20:43:10Z,https://job-boards.greenhouse.io/gitlab/jobs/8488961002,2026-08-05T02:23:56Z,2026-08-05T03:08:05Z
greenhouse,8448283002,GitLab,"Staff Backend Engineer (Ruby on Rails/AI), Verify",DevOps Engineering,"Remote, United Kingdom",1,2026-03-09T17:37:49Z,2026-08-03T20:43:10Z,https://job-boards.greenhouse.io/gitlab/jobs/8448283002,2026-08-05T02:23:56Z,2026-08-05T03:08:05Z
greenhouse,8480559002,GitLab,"Staff Backend Engineer,  Software Supply Chain Security",Sec Engineering,"Bangalore, India",0,2026-04-10T23:10:10Z,2026-08-03T20:43:10Z,https://job-boards.greenhouse.io/gitlab/jobs/8480559002,2026-08-05T02:23:56Z,2026-08-05T03:08:05Z
greenhouse,8638295002,GitLab,"Staff Engineer, People Technology",People Operations,"Remote, Canada; Remote, United States",1,2026-07-22T16:58:09Z,2026-08-03T20:43:10Z,https://job-boards.greenhouse.io/gitlab/jobs/8638295002,2026-08-05T02:23:56Z,2026-08-05T03:08:05Z
greenhouse,8512432002,GitLab,Staff Forward Deployed Engineer,Customer Experience,"Remote, US",1,2026-07-20T20:13:39Z,2026-08-03T20:47:48Z,https://job-boards.greenhouse.io/gitlab/jobs/8512432002,2026-08-05T02:23:56Z,2026-08-05T03:08:05Z
greenhouse,8613165002,GitLab,Staff Fullstack Engineer - Data Products,Data Engineering,"Bangalore, India",0,2026-07-10T07:20:59Z,2026-08-03T20:43:10Z,https://job-boards.greenhouse.io/gitlab/jobs/8613165002,2026-08-05T02:23:56Z,2026-08-05T03:08:05Z
greenhouse,8623763002,GitLab,Staff Fullstack Engineer - Data Products,Data Engineering,"Bangalore, India",0,2026-07-13T06:27:52Z,2026-08-03T20:43:10Z,https://job-boards.greenhouse.io/gitlab/jobs/8623763002,2026-08-05T02:23:56Z,2026-08-05T03:08:05Z
greenhouse,8514960002,GitLab,Staff Infrastructure Security Engineer ,Product Security,"Remote, India; Remote, Israel; Remote, United Kingdom; Remote, US",1,2026-04-27T16:03:04Z,2026-08-03T20:43:10Z,https://job-boards.greenhouse.io/gitlab/jobs/8514960002,2026-08-05T02:23:56Z,2026-08-05T03:08:05Z
greenhouse,8610952002,GitLab,Staff Lifecycle Marketing Manager,Digital Marketing,"Remote, Canada; Remote, US",1,2026-06-29T16:30:32Z,2026-08-03T20:43:10Z,https://job-boards.greenhouse.io/gitlab/jobs/8610952002,2026-08-05T02:23:56Z,2026-08-05T03:08:05Z
greenhouse,8475077002,GitLab,"Staff Product Designer, Knowledge Graph",Product Design,"Remote, Canada; Remote, United Kingdom; Remote, US",1,2026-03-25T15:33:57Z,2026-08-03T20:43:10Z,https://job-boards.greenhouse.io/gitlab/jobs/8475077002,2026-08-05T02:23:56Z,2026-08-05T03:08:05Z
greenhouse,8612937002,GitLab,"Staff Product Manager,  RevOps & Finance Systems",Enterprise Applications,"Remote, US",1,2026-07-08T12:39:12Z,2026-08-03T20:43:10Z,https://job-boards.greenhouse.io/gitlab/jobs/8612937002,2026-08-05T02:23:56Z,2026-08-05T03:08:05Z
greenhouse,8637467002,GitLab,Staff Team Member Relations Partner ,People Business Partners,"Remote, Canada; Remote, United States",1,2026-07-22T15:24:41Z,2026-08-03T20:43:10Z,https://job-boards.greenhouse.io/gitlab/jobs/8637467002,2026-08-05T02:23:56Z,2026-08-05T03:08:05Z
greenhouse,8575027002,GitLab,Strategic Account Executive  - Belgium & Luxembourg (Paris / Lille area based),EMEA - Enterprise,"Remote, France",1,2026-06-03T11:43:57Z,2026-08-03T20:43:10Z,https://job-boards.greenhouse.io/gitlab/jobs/8575027002,2026-08-05T02:23:56Z,2026-08-05T03:08:05Z
greenhouse,8520248002,GitLab,"Strategic Account Executive, Germany (Ent Industry)",EMEA - Enterprise,"Remote, Germany",1,2026-05-13T08:43:08Z,2026-08-03T20:43:10Z,https://job-boards.greenhouse.io/gitlab/jobs/8520248002,2026-08-05T02:23:56Z,2026-08-05T03:08:05Z
greenhouse,8637995002,GitLab,Strategic Account Executive - MENA,EMEA - Enterprise,"Remote, KSA; Remote, UAE",1,2026-07-22T09:52:22Z,2026-08-03T20:43:10Z,https://job-boards.greenhouse.io/gitlab/jobs/8637995002,2026-08-05T02:23:56Z,2026-08-05T03:08:05Z
greenhouse,8604630002,GitLab,"Strategic Account Executive, San Francisco ",AMER - Enterprise,"Remote, US",1,2026-07-01T18:12:19Z,2026-08-03T20:43:10Z,https://job-boards.greenhouse.io/gitlab/jobs/8604630002,2026-08-05T02:23:56Z,2026-08-05T03:08:05Z
greenhouse,8555134002,GitLab,Strategic Account Executive - South Africa,EMEA - Enterprise,"Remote, United Arab Emirates",1,2026-05-26T13:52:07Z,2026-08-03T20:43:10Z,https://job-boards.greenhouse.io/gitlab/jobs/8555134002,2026-08-05T02:23:56Z,2026-08-05T03:08:05Z
greenhouse,8656848002,GitLab,"Strategic Account Executive, Southeast",AMER - Enterprise,"Remote, United States",1,2026-07-31T21:08:56Z,2026-08-03T20:43:10Z,https://job-boards.greenhouse.io/gitlab/jobs/8656848002,2026-08-05T02:23:56Z,2026-08-05T03:08:05Z
greenhouse,8609979002,GitLab,Strategic Account Executive - Turkey ,EMEA - Enterprise,"Remote, Turkey",1,2026-07-17T12:53:06Z,2026-08-03T20:43:10Z,https://job-boards.greenhouse.io/gitlab/jobs/8609979002,2026-08-05T02:23:56Z,2026-08-05T03:08:05Z
greenhouse,8654230002,GitLab,Support Engineer (AMER),Customer Support,"Remote, Canada; Remote, United States",1,2026-07-31T18:26:58Z,2026-08-03T20:43:10Z,https://job-boards.greenhouse.io/gitlab/jobs/8654230002,2026-08-05T02:23:56Z,2026-08-05T03:08:05Z
greenhouse,8628780002,GitLab,"Support Engineer, U.S. Government Support",Customer Success - PubSec,"Remote, US",1,2026-07-14T19:14:38Z,2026-08-03T20:43:10Z,https://job-boards.greenhouse.io/gitlab/jobs/8628780002,2026-08-05T02:23:56Z,2026-08-05T03:08:05Z
greenhouse,8638246002,GitLab,Tech Operations Specialist,Enablement,"Remote, United States",1,2026-07-22T17:32:20Z,2026-08-03T20:43:10Z,https://job-boards.greenhouse.io/gitlab/jobs/8638246002,2026-08-05T02:23:56Z,2026-08-05T03:08:05Z
greenhouse,8510676002,GitLab,"Vice President, Data & Insights",Data,"Remote, US",1,2026-04-17T18:19:03Z,2026-08-03T20:43:10Z,https://job-boards.greenhouse.io/gitlab/jobs/8510676002,2026-08-05T02:23:56Z,2026-08-05T03:08:05Z
greenhouse,8499647002,GitLab,"Vice President, Legal Commercial",Legal,"Remote, US",1,2026-04-10T02:54:09Z,2026-08-03T20:43:10Z,https://job-boards.greenhouse.io/gitlab/jobs/8499647002,2026-08-05T02:23:56Z,2026-08-05T03:08:05Z
greenhouse,7915379,Customer.io,"Account Manager, EMEA",Account Management,EMEA Remote,1,2026-05-12T19:45:06Z,2026-07-23T16:12:02Z,https://job-boards.greenhouse.io/customerio/jobs/7915379,2026-08-05T02:23:56Z,2026-08-05T03:08:05Z
greenhouse,8076149,Customer.io,Contract IT Specialist ,Business Operations,Americas Remote,1,2026-07-21T04:48:30Z,2026-07-29T21:06:49Z,https://job-boards.greenhouse.io/customerio/jobs/8076149,2026-08-05T02:23:56Z,2026-08-05T03:08:05Z
greenhouse,8089365,Customer.io,"Customer Success Manager, EMEA",Customer Success,EMEA Remote,1,2026-07-27T19:20:50Z,2026-07-27T19:20:50Z,https://job-boards.greenhouse.io/customerio/jobs/8089365,2026-08-05T02:23:56Z,2026-08-05T03:08:05Z
greenhouse,7952110,Customer.io,"Director, Engineering",Engineering,Americas Remote,1,2026-05-22T00:24:53Z,2026-07-17T23:28:16Z,https://job-boards.greenhouse.io/customerio/jobs/7952110,2026-08-05T02:23:56Z,2026-08-05T03:08:05Z
greenhouse,8097481,Customer.io,"Director, GTM Finance",Business Operations,Americas Remote,1,2026-07-30T19:57:23Z,2026-07-30T19:57:32Z,https://job-boards.greenhouse.io/customerio/jobs/8097481,2026-08-05T02:23:56Z,2026-08-05T03:08:05Z
greenhouse,8104418,Customer.io,Engineering Manager,Engineering,Americas Remote,1,2026-08-04T15:39:02Z,2026-08-04T15:39:02Z,https://job-boards.greenhouse.io/customerio/jobs/8104418,2026-08-05T02:23:56Z,2026-08-05T03:08:05Z
greenhouse,8055540,Customer.io,GTM AI Engineer,Marketing,Americas Remote,1,2026-07-10T16:49:38Z,2026-07-10T16:49:38Z,https://job-boards.greenhouse.io/customerio/jobs/8055540,2026-08-05T02:23:56Z,2026-08-05T03:08:05Z
greenhouse,7992941,Customer.io,Legal Assistant,Business Operations,Americas Remote,1,2026-06-10T19:04:20Z,2026-06-10T19:05:18Z,https://job-boards.greenhouse.io/customerio/jobs/7992941,2026-08-05T02:23:56Z,2026-08-05T03:08:05Z
greenhouse,8042592,Customer.io,"Manager, Customer Success",Customer Success,Americas Remote,1,2026-07-01T23:37:11Z,2026-07-01T23:37:11Z,https://job-boards.greenhouse.io/customerio/jobs/8042592,2026-08-05T02:23:56Z,2026-08-05T03:08:05Z
greenhouse,8083831,Customer.io,"Mid-Market Account Executive, Americas",Sales,Americas Remote,1,2026-07-24T17:48:57Z,2026-07-24T17:48:57Z,https://job-boards.greenhouse.io/customerio/jobs/8083831,2026-08-05T02:23:56Z,2026-08-05T03:08:05Z
greenhouse,7971675,Customer.io,"Mid-Market Account Executive, Americas",Sales,Americas Remote,1,2026-06-02T23:50:56Z,2026-06-02T23:50:56Z,https://job-boards.greenhouse.io/customerio/jobs/7971675,2026-08-05T02:23:56Z,2026-08-05T03:08:05Z
greenhouse,8069682,Customer.io,Outbound Business Development Representative,Sales,Americas Remote,1,2026-07-16T19:45:44Z,2026-07-17T15:42:43Z,https://job-boards.greenhouse.io/customerio/jobs/8069682,2026-08-05T02:23:56Z,2026-08-05T03:08:05Z
greenhouse,8090074,Customer.io,People Partner,People ,Americas Remote,1,2026-07-28T17:10:50Z,2026-07-30T17:25:27Z,https://job-boards.greenhouse.io/customerio/jobs/8090074,2026-08-05T02:23:56Z,2026-08-05T03:08:05Z
greenhouse,8070658,Customer.io,Revenue Manager,Business Operations,Americas Remote,1,2026-07-16T22:15:52Z,2026-07-16T22:15:52Z,https://job-boards.greenhouse.io/customerio/jobs/8070658,2026-08-05T02:23:56Z,2026-08-05T03:08:05Z
greenhouse,7956880,Customer.io,Senior Data Scientist,Business Operations,Americas Remote,1,2026-05-26T04:26:53Z,2026-06-15T20:21:16Z,https://job-boards.greenhouse.io/customerio/jobs/7956880,2026-08-05T02:23:56Z,2026-08-05T03:08:05Z
greenhouse,8076081,Customer.io,Senior Fullstack SDK Engineer,Engineering,Americas Remote,1,2026-07-21T00:38:33Z,2026-07-21T00:38:33Z,https://job-boards.greenhouse.io/customerio/jobs/8076081,2026-08-05T02:23:56Z,2026-08-05T03:08:05Z
greenhouse,7991018,Customer.io,"Senior Manager, Data Science & Analytics",Business Operations,Americas Remote,1,2026-06-10T23:48:42Z,2026-07-09T19:16:08Z,https://job-boards.greenhouse.io/customerio/jobs/7991018,2026-08-05T02:23:56Z,2026-08-05T03:08:05Z
greenhouse,8039027,Customer.io,Senior Product Designer,Product & Design,Americas Remote,1,2026-06-30T17:43:23Z,2026-06-30T17:43:23Z,https://job-boards.greenhouse.io/customerio/jobs/8039027,2026-08-05T02:23:56Z,2026-08-05T03:08:05Z
greenhouse,8100087,Customer.io,Senior Product Manager,Product & Design,Americas Remote,1,2026-07-31T19:49:18Z,2026-07-31T19:49:18Z,https://job-boards.greenhouse.io/customerio/jobs/8100087,2026-08-05T02:23:56Z,2026-08-05T03:08:05Z
greenhouse,7778289,Customer.io,"Senior Software Engineer, Backend",Engineering,Americas Remote,1,2026-04-03T17:03:48Z,2026-05-15T15:09:14Z,https://job-boards.greenhouse.io/customerio/jobs/7778289,2026-08-05T02:23:56Z,2026-08-05T03:08:05Z
greenhouse,7778291,Customer.io,"Senior Software Engineer, Backend",Engineering,EMEA Remote,1,2026-04-03T17:03:49Z,2026-05-15T15:09:14Z,https://job-boards.greenhouse.io/customerio/jobs/7778291,2026-08-05T02:23:56Z,2026-08-05T03:08:05Z
greenhouse,8055585,Customer.io,Senior Software Engineer - Backend Platform,Engineering,Americas Remote,1,2026-07-10T17:19:32Z,2026-07-10T17:19:32Z,https://job-boards.greenhouse.io/customerio/jobs/8055585,2026-08-05T02:23:56Z,2026-08-05T03:08:05Z
greenhouse,7914033,Customer.io,Senior Software Engineer - Email Channel,Engineering,Americas Remote,1,2026-05-11T23:03:50Z,2026-07-31T22:13:20Z,https://job-boards.greenhouse.io/customerio/jobs/7914033,2026-08-05T02:23:56Z,2026-08-05T03:08:05Z
greenhouse,7776635,Customer.io,"Senior Software Engineer, Full Stack",Engineering,EMEA Remote,1,2026-04-02T23:15:37Z,2026-05-15T15:09:13Z,https://job-boards.greenhouse.io/customerio/jobs/7776635,2026-08-05T02:23:56Z,2026-08-05T03:08:05Z
greenhouse,7776591,Customer.io,"Senior Software Engineer, Full Stack",Engineering,Americas Remote,1,2026-04-02T23:15:36Z,2026-05-15T15:09:13Z,https://job-boards.greenhouse.io/customerio/jobs/7776591,2026-08-05T02:23:56Z,2026-08-05T03:08:05Z
greenhouse,8054502,Customer.io,Technical Marketing Operations Manager,Marketing,Americas Remote,1,2026-07-10T17:31:14Z,2026-07-10T17:31:14Z,https://job-boards.greenhouse.io/customerio/jobs/8054502,2026-08-05T02:23:56Z,2026-08-05T03:08:05Z
greenhouse,7956906,Customer.io,Technical Operations Manager ,Business Operations,Americas Remote,1,2026-05-26T04:57:46Z,2026-07-21T23:57:26Z,https://job-boards.greenhouse.io/customerio/jobs/7956906,2026-08-05T02:23:56Z,2026-08-05T03:08:05Z
greenhouse,7908701,Dropbox,Account Executive,Direct Sales - AMER (Sub Team),Remote - US: Select locations,1,2026-06-12T16:53:45Z,2026-07-02T17:48:16Z,https://jobs.dropbox.com/listing/7908701?gh_jid=7908701,2026-08-05T02:23:56Z,2026-08-05T03:08:05Z
greenhouse,8051403,Dropbox,Account Executive UKI ,"Direct & Channel Sales, UKI (Sub Team)",Remote - Ireland; Remote - United Kingdom,1,2026-07-16T13:44:42Z,2026-07-20T14:19:12Z,https://jobs.dropbox.com/listing/8051403?gh_jid=8051403,2026-08-05T02:23:56Z,2026-08-05T03:08:05Z
greenhouse,8048848,Dropbox,"Business Development Manager, Strategic Partnerships",Partnership Management (Sub Team),Remote - Canada: Select locations,1,2026-07-22T17:53:12Z,2026-07-29T18:45:55Z,https://jobs.dropbox.com/listing/8048848?gh_jid=8048848,2026-08-05T02:23:56Z,2026-08-05T03:08:05Z
greenhouse,8048847,Dropbox,"Business Development Manager, Strategic Partnerships",Partnership Management (Sub Team),Remote - US: Select locations,1,2026-07-22T17:53:11Z,2026-07-29T18:45:55Z,https://jobs.dropbox.com/listing/8048847?gh_jid=8048847,2026-08-05T02:23:56Z,2026-08-05T03:08:05Z
greenhouse,7848539,Dropbox,"Director, Head of Scaled Sales",CSO Projects & Vendor Management (Sub Team),Remote - Canada: Select locations,1,2026-04-24T13:28:07Z,2026-07-16T16:27:29Z,https://jobs.dropbox.com/listing/7848539?gh_jid=7848539,2026-08-05T02:23:56Z,2026-08-05T03:08:05Z
greenhouse,7848536,Dropbox,"Director, Head of Scaled Sales",CSO Projects & Vendor Management (Sub Team),Remote - US: All locations,1,2026-04-24T13:25:56Z,2026-07-16T16:28:19Z,https://jobs.dropbox.com/listing/7848536?gh_jid=7848536,2026-08-05T02:23:56Z,2026-08-05T03:08:05Z
greenhouse,7822804,Dropbox,"Director, Product Design",Design Systems (Sub Team),Remote - US: Select locations,1,2026-06-30T00:55:49Z,2026-07-02T17:48:16Z,https://jobs.dropbox.com/listing/7822804?gh_jid=7822804,2026-08-05T02:23:56Z,2026-08-05T03:08:05Z
greenhouse,7822807,Dropbox,"Director, Product Design",Design Systems (Sub Team),Remote - Canada: Select locations,1,2026-06-30T00:56:13Z,2026-07-02T17:48:16Z,https://jobs.dropbox.com/listing/7822807?gh_jid=7822807,2026-08-05T02:23:56Z,2026-08-05T03:08:05Z
greenhouse,8036650,Dropbox,Enterprise Context Architect,HR Ops and Technology (Sub Team),Remote - Canada: Select locations,1,2026-08-03T15:24:36Z,2026-08-03T15:24:36Z,https://jobs.dropbox.com/listing/8036650?gh_jid=8036650,2026-08-05T02:23:56Z,2026-08-05T03:08:05Z
greenhouse,8036649,Dropbox,Enterprise Context Architect,HR Ops and Technology (Sub Team),Remote - US: Select locations,1,2026-08-03T15:24:35Z,2026-08-03T15:24:35Z,https://jobs.dropbox.com/listing/8036649?gh_jid=8036649,2026-08-05T02:23:56Z,2026-08-05T03:08:05Z
greenhouse,7862086,Dropbox,"Frontend Product Software Engineer, Design Systems",Design Systems (Sub Team),Remote - Mexico,1,2026-05-06T07:10:12Z,2026-07-02T17:48:16Z,https://jobs.dropbox.com/listing/7862086?gh_jid=7862086,2026-08-05T02:23:56Z,2026-08-05T03:08:05Z
greenhouse,8038750,Dropbox,Head of Field and Partner Marketing ,Marketing Strategy and Operations (Sub Team),Remote - US: Select locations,1,2026-07-07T20:06:18Z,2026-07-07T20:06:45Z,https://jobs.dropbox.com/listing/8038750?gh_jid=8038750,2026-08-05T02:23:56Z,2026-08-05T03:08:05Z
greenhouse,6330377,Dropbox,Infrastructure Software Engineer,EPD,Remote - Poland,1,2025-10-22T19:14:52Z,2026-07-02T17:48:16Z,https://jobs.dropbox.com/listing/6330377?gh_jid=6330377,2026-08-05T02:23:56Z,2026-08-05T03:08:05Z
greenhouse,8003390,Dropbox,Principal Product Designer,Design Portfolio (Sub Team),Remote - Canada: Select locations,1,2026-06-22T21:28:21Z,2026-08-03T19:15:28Z,https://jobs.dropbox.com/listing/8003390?gh_jid=8003390,2026-08-05T02:23:56Z,2026-08-05T03:08:05Z
greenhouse,8003387,Dropbox,Principal Product Designer,Design Portfolio (Sub Team),Remote - US: Select locations,1,2026-06-22T21:28:18Z,2026-08-03T19:15:28Z,https://jobs.dropbox.com/listing/8003387?gh_jid=8003387,2026-08-05T02:23:56Z,2026-08-05T03:08:05Z
greenhouse,8006977,Dropbox,"Principal Software Engineer, Core Sharing & Collaboration",Eng - Teams and Collab (Sub Team),Remote - Canada: Select locations,1,2026-06-17T16:01:40Z,2026-07-02T17:48:16Z,https://jobs.dropbox.com/listing/8006977?gh_jid=8006977,2026-08-05T02:23:56Z,2026-08-05T03:08:05Z
greenhouse,8006972,Dropbox,"Principal Software Engineer, Core Sharing & Collaboration",Eng - Teams and Collab (Sub Team),Remote - US: All locations,1,2026-06-17T16:01:33Z,2026-07-02T17:48:16Z,https://jobs.dropbox.com/listing/8006972?gh_jid=8006972,2026-08-05T02:23:56Z,2026-08-05T03:08:05Z
greenhouse,8092224,Dropbox,"Program Manager, Workforce Planning",Workforce Planning (Sub Team),Remote - US: Select locations,1,2026-07-31T15:14:45Z,2026-07-31T15:14:45Z,https://jobs.dropbox.com/listing/8092224?gh_jid=8092224,2026-08-05T02:23:56Z,2026-08-05T03:08:05Z
greenhouse,8092225,Dropbox,"Program Manager, Workforce Planning",Workforce Planning (Sub Team),Remote - Canada: Select locations,1,2026-07-31T15:14:44Z,2026-07-31T15:14:44Z,https://jobs.dropbox.com/listing/8092225?gh_jid=8092225,2026-08-05T02:23:56Z,2026-08-05T03:08:05Z
greenhouse,8050990,Dropbox,Senior Compensation Business Partner,Rewards (Sub Team),Remote - US: Select locations,1,2026-07-20T19:57:08Z,2026-07-20T19:57:08Z,https://jobs.dropbox.com/listing/8050990?gh_jid=8050990,2026-08-05T02:23:56Z,2026-08-05T03:08:05Z
greenhouse,8050991,Dropbox,Senior Compensation Business Partner,Rewards (Sub Team),Remote - Canada: Select locations,1,2026-07-20T19:57:07Z,2026-07-20T19:57:07Z,https://jobs.dropbox.com/listing/8050991?gh_jid=8050991,2026-08-05T02:23:56Z,2026-08-05T03:08:05Z
greenhouse,8103658,Dropbox,Senior Data Scientist,"CTO-Data Science, AI Platform & Eng (Sub Team)",Remote - US: All locations,1,2026-08-03T22:10:39Z,2026-08-03T22:10:39Z,https://jobs.dropbox.com/listing/8103658?gh_jid=8103658,2026-08-05T02:23:56Z,2026-08-05T03:08:05Z
greenhouse,8067367,Dropbox,"Senior Director, Revenue Operations",GCO Office (Sub Team),Remote - Canada: Select locations,1,2026-07-23T15:31:23Z,2026-07-23T15:31:23Z,https://jobs.dropbox.com/listing/8067367?gh_jid=8067367,2026-08-05T02:23:56Z,2026-08-05T03:08:05Z
greenhouse,8067362,Dropbox,"Senior Director, Revenue Operations",GCO Office (Sub Team),Remote - US: All locations,1,2026-07-28T17:58:37Z,2026-07-28T17:58:37Z,https://jobs.dropbox.com/listing/8067362?gh_jid=8067362,2026-08-05T02:23:56Z,2026-08-05T03:08:05Z
greenhouse,8074707,Dropbox,"Senior Fullstack Product Software Engineer, Web Experience",Eng - Core Experience (Sub Team),Remote - Canada: Select locations,1,2026-07-23T19:37:37Z,2026-08-04T16:01:44Z,https://jobs.dropbox.com/listing/8074707?gh_jid=8074707,2026-08-05T02:23:56Z,2026-08-05T03:08:05Z
greenhouse,8074709,Dropbox,"Senior Fullstack Product Software Engineer, Web Experience",Eng - Core Experience (Sub Team),Remote - Mexico,1,2026-07-23T19:37:35Z,2026-08-04T16:01:44Z,https://jobs.dropbox.com/listing/8074709?gh_jid=8074709,2026-08-05T02:23:56Z,2026-08-05T03:08:05Z
greenhouse,8074704,Dropbox,"Senior Fullstack Product Software Engineer, Web Experience",Eng - Core Experience (Sub Team),Remote - US: Select locations,1,2026-07-23T19:37:40Z,2026-08-04T16:01:44Z,https://jobs.dropbox.com/listing/8074704?gh_jid=8074704,2026-08-05T02:23:56Z,2026-08-05T03:08:05Z
greenhouse,6333181,Dropbox,Senior Infrastructure Software Engineer,EPD,Remote - Poland,1,2025-07-16T14:24:34Z,2026-07-02T17:48:16Z,https://jobs.dropbox.com/listing/6333181?gh_jid=6333181,2026-08-05T02:23:56Z,2026-08-05T03:08:05Z
greenhouse,8090062,Dropbox,"Senior Manager, Data Engineering","CTO-Data Science, AI Platform & Eng (Sub Team)",Remote - US: Select locations,1,2026-07-29T21:04:04Z,2026-07-29T21:31:03Z,https://jobs.dropbox.com/listing/8090062?gh_jid=8090062,2026-08-05T02:23:56Z,2026-08-05T03:08:05Z
greenhouse,8090065,Dropbox,"Senior Manager, Data Engineering","CTO-Data Science, AI Platform & Eng (Sub Team)",Remote - Canada: Select locations,1,2026-08-04T17:49:51Z,2026-08-04T17:49:51Z,https://jobs.dropbox.com/listing/8090065?gh_jid=8090065,2026-08-05T02:23:56Z,2026-08-05T03:08:05Z
greenhouse,8070686,Dropbox,Senior Product Marketing Operations Manager,Core PMM (Sub Team),Remote - Canada: Select locations,1,2026-07-29T17:17:58Z,2026-07-29T17:17:58Z,https://jobs.dropbox.com/listing/8070686?gh_jid=8070686,2026-08-05T02:23:56Z,2026-08-05T03:08:05Z
greenhouse,8070685,Dropbox,Senior Product Marketing Operations Manager,Core PMM (Sub Team),Remote - US: Select locations,1,2026-07-29T17:10:04Z,2026-07-29T17:10:04Z,https://jobs.dropbox.com/listing/8070685?gh_jid=8070685,2026-08-05T02:23:56Z,2026-08-05T03:08:05Z
greenhouse,8075225,Dropbox,Senior Sales Strategy & Operations Manager - APJ (Remote),CSO Projects & Vendor Management (Sub Team),Remote - Japan,1,2026-07-21T15:23:52Z,2026-08-04T13:12:14Z,https://jobs.dropbox.com/listing/8075225?gh_jid=8075225,2026-08-05T02:23:56Z,2026-08-05T03:08:05Z
greenhouse,7421149,Dropbox,"Staff Fullstack Software Engineer, Core Performance",Eng - Growth (Sub Team),Remote - US: All locations,1,2026-05-15T17:21:57Z,2026-07-02T17:48:16Z,https://jobs.dropbox.com/listing/7421149?gh_jid=7421149,2026-08-05T02:23:56Z,2026-08-05T03:08:05Z
greenhouse,7421153,Dropbox,"Staff Fullstack Software Engineer, Core Performance",Eng - Growth (Sub Team),Remote - Canada: Select locations,1,2025-12-04T17:34:55Z,2026-07-02T17:48:16Z,https://jobs.dropbox.com/listing/7421153?gh_jid=7421153,2026-08-05T02:23:56Z,2026-08-05T03:08:05Z
greenhouse,8092712,Dropbox,Staff Product Designer,Design - Core Experience (Sub Team),Remote - US: Select locations,1,2026-08-03T19:08:27Z,2026-08-03T19:08:27Z,https://jobs.dropbox.com/listing/8092712?gh_jid=8092712,2026-08-05T02:23:56Z,2026-08-05T03:08:05Z
greenhouse,8092715,Dropbox,Staff Product Designer,Design - Core Experience (Sub Team),Remote - Canada: Select locations,1,2026-08-03T19:08:29Z,2026-08-03T19:08:29Z,https://jobs.dropbox.com/listing/8092715?gh_jid=8092715,2026-08-05T02:23:56Z,2026-08-05T03:08:05Z
greenhouse,5999669004,Grafana Labs,Backend Engineer - Platform - Stacks | Ireland | Remote,R&D: Platform,Republic of Ireland (Remote),1,2026-05-19T12:17:09Z,2026-07-29T15:30:37Z,https://job-boards.greenhouse.io/grafanalabs/jobs/5999669004,2026-08-05T02:23:56Z,2026-08-05T03:08:05Z
greenhouse,5999670004,Grafana Labs,Backend Engineer - Platform - Stacks | Spain | Remote,R&D: Platform,Spain (Remote),1,2026-05-19T12:14:06Z,2026-07-29T15:30:38Z,https://job-boards.greenhouse.io/grafanalabs/jobs/5999670004,2026-08-05T02:23:56Z,2026-08-05T03:08:05Z
greenhouse,5999672004,Grafana Labs,Backend Engineer - Platform - Stacks | Sweden | Remote,R&D: Platform,Sweden (Remote),1,2026-05-19T12:15:34Z,2026-07-29T15:30:39Z,https://job-boards.greenhouse.io/grafanalabs/jobs/5999672004,2026-08-05T02:23:56Z,2026-08-05T03:08:05Z
greenhouse,5999673004,Grafana Labs,Backend Engineer - Platform - Stacks | UK | Remote,R&D: Platform,United Kingdom (Remote),1,2026-05-19T12:14:47Z,2026-07-29T15:30:40Z,https://job-boards.greenhouse.io/grafanalabs/jobs/5999673004,2026-08-05T02:23:56Z,2026-08-05T03:08:05Z
greenhouse,6116452004,Grafana Labs,"Commercial Account Executive, Acquisition | Remote | Netherlands",Sales (EMEA),Netherlands (Remote),1,2026-07-27T15:34:24Z,2026-07-27T15:34:35Z,https://job-boards.greenhouse.io/grafanalabs/jobs/6116452004,2026-08-05T02:23:56Z,2026-08-05T03:08:05Z
greenhouse,6116460004,Grafana Labs,"Commercial Account Executive, Acquisition | Remote | Sweden",Sales (EMEA),Sweden (Remote),1,2026-07-27T15:36:32Z,2026-07-27T15:36:43Z,https://job-boards.greenhouse.io/grafanalabs/jobs/6116460004,2026-08-05T02:23:56Z,2026-08-05T03:08:05Z
greenhouse,6121134004,Grafana Labs,"Commercial Account Executive, Acquisition | Switzerland | Remote",Sales (EMEA),Switzerland (Remote),1,2026-07-27T15:32:42Z,2026-07-27T15:32:42Z,https://job-boards.greenhouse.io/grafanalabs/jobs/6121134004,2026-08-05T02:23:56Z,2026-08-05T03:08:05Z
greenhouse,6115636004,Grafana Labs, Demand Generation Program Manager | Canada | Remote,Marketing,Canada (Remote),1,2026-07-15T18:31:02Z,2026-07-15T18:31:02Z,https://job-boards.greenhouse.io/grafanalabs/jobs/6115636004,2026-08-05T02:23:56Z,2026-08-05T03:08:05Z
greenhouse,6115634004,Grafana Labs, Demand Generation Program Manager | United States | Remote,Marketing,United States (Remote),1,2026-07-15T17:00:30Z,2026-07-15T17:00:30Z,https://job-boards.greenhouse.io/grafanalabs/jobs/6115634004,2026-08-05T02:23:56Z,2026-08-05T03:08:05Z
greenhouse,6131836004,Grafana Labs,"Director, Legal - Commercial (Americas) | United States | Remote",Legal,United States (Remote),1,2026-07-31T14:42:17Z,2026-08-04T21:29:13Z,https://job-boards.greenhouse.io/grafanalabs/jobs/6131836004,2026-08-05T02:23:56Z,2026-08-05T03:08:05Z
greenhouse,6004701004,Grafana Labs,"Director, Sales Development Americas | United States | Remote",Sales Development,United States (Remote),1,2026-05-22T19:27:45Z,2026-07-09T14:23:39Z,https://job-boards.greenhouse.io/grafanalabs/jobs/6004701004,2026-08-05T02:23:56Z,2026-08-05T03:08:05Z
greenhouse,6101665004,Grafana Labs," Enterprise Account Executive, Acquisition | Carolinas | Remote",Sales (North & South America),United States (Remote),1,2026-06-25T20:46:43Z,2026-07-09T14:23:39Z,https://job-boards.greenhouse.io/grafanalabs/jobs/6101665004,2026-08-05T02:23:56Z,2026-08-05T03:08:05Z
greenhouse,6121146004,Grafana Labs,"Enterprise Account Executive, Acquisition | Switzerland | Remote",Sales (EMEA),Switzerland (Remote),1,2026-07-27T15:31:33Z,2026-07-27T15:31:33Z,https://job-boards.greenhouse.io/grafanalabs/jobs/6121146004,2026-08-05T02:23:56Z,2026-08-05T03:08:05Z
greenhouse,5755394004,Grafana Labs,"Enterprise Account Executive, Growth | Southeast | Remote",Sales (North & South America),United States (Remote),1,2026-01-09T20:53:19Z,2026-07-09T14:23:39Z,https://job-boards.greenhouse.io/grafanalabs/jobs/5755394004,2026-08-05T02:23:56Z,2026-08-05T03:08:05Z
greenhouse,6110822004,Grafana Labs,Finance and Strategy Director | USA | Remote,Finance,United States (Remote),1,2026-07-07T22:10:52Z,2026-07-23T15:41:33Z,https://job-boards.greenhouse.io/grafanalabs/jobs/6110822004,2026-08-05T02:23:56Z,2026-08-05T03:08:05Z
greenhouse,5823504004,Grafana Labs,"Future Sales Openings: Account Executive, US |Remote| ",Sales (North & South America),United States (Remote),1,2026-03-13T15:45:09Z,2026-07-09T14:23:39Z,https://job-boards.greenhouse.io/grafanalabs/jobs/5823504004,2026-08-05T02:23:56Z,2026-08-05T03:08:05Z
greenhouse,6129212004,Grafana Labs,Majors Account Director - Key Customers | West Coast | Remote,Sales (North & South America),United States (Remote),1,2026-08-03T22:20:39Z,2026-08-03T22:21:30Z,https://job-boards.greenhouse.io/grafanalabs/jobs/6129212004,2026-08-05T02:23:56Z,2026-08-05T03:08:05Z
greenhouse,6122353004,Grafana Labs,"Manager, Solutions Engineering | NorBen | Remote",Solutions Engineering (EMEA),Sweden (Remote),1,2026-07-22T16:02:36Z,2026-07-22T16:02:36Z,https://job-boards.greenhouse.io/grafanalabs/jobs/6122353004,2026-08-05T02:23:56Z,2026-08-05T03:08:05Z
greenhouse,6121600004,Grafana Labs,"Manager, Solutions Engineering | NorBen | Remote",Solutions Engineering (EMEA),Netherlands (Remote),1,2026-07-22T16:02:35Z,2026-07-22T16:02:35Z,https://job-boards.greenhouse.io/grafanalabs/jobs/6121600004,2026-08-05T02:23:56Z,2026-08-05T03:08:05Z
greenhouse,6121609004,Grafana Labs,"Manager, Solutions Engineering | SEMEA | Remote",Solutions Engineering (EMEA),Israel (Remote),1,2026-07-22T16:03:33Z,2026-07-29T15:11:06Z,https://job-boards.greenhouse.io/grafanalabs/jobs/6121609004,2026-08-05T02:23:56Z,2026-08-05T03:08:05Z
greenhouse,6107096004,Grafana Labs,Marketing Analytics Director  | Canada | Remote,Marketing,Canada (Remote),1,2026-07-01T19:45:26Z,2026-07-09T14:23:39Z,https://job-boards.greenhouse.io/grafanalabs/jobs/6107096004,2026-08-05T02:23:56Z,2026-08-05T03:08:05Z
greenhouse,6107094004,Grafana Labs,Marketing Analytics Director  | United States | Remote,Marketing,United States (Remote),1,2026-07-01T19:43:58Z,2026-07-09T14:23:39Z,https://job-boards.greenhouse.io/grafanalabs/jobs/6107094004,2026-08-05T02:23:56Z,2026-08-05T03:08:05Z
greenhouse,6134276004,Grafana Labs,Observability Architect | EST | Remote,Customer Experience,United States (Remote),1,2026-08-04T17:31:13Z,2026-08-04T17:31:13Z,https://job-boards.greenhouse.io/grafanalabs/jobs/6134276004,2026-08-05T02:23:56Z,2026-08-05T03:08:05Z
greenhouse,6100581004,Grafana Labs,Regional Marketing Associate | UK | Remote,Marketing,United Kingdom (Remote),1,2026-06-24T22:34:37Z,2026-07-09T19:31:18Z,https://job-boards.greenhouse.io/grafanalabs/jobs/6100581004,2026-08-05T02:23:56Z,2026-08-05T03:08:05Z
greenhouse,6129172004,Grafana Labs,"Regional Sales Director, Enterprise Growth | West | Remote",Sales (North & South America),United States (Remote),1,2026-07-28T23:30:51Z,2026-07-29T04:04:26Z,https://job-boards.greenhouse.io/grafanalabs/jobs/6129172004,2026-08-05T02:23:56Z,2026-08-05T03:08:05Z
greenhouse,6119054004,Grafana Labs,"Regional Vice President, Commercial, East | Remote | CA ",Sales (North & South America),United States (Remote),1,2026-07-17T19:14:30Z,2026-07-17T19:14:30Z,https://job-boards.greenhouse.io/grafanalabs/jobs/6119054004,2026-08-05T02:23:56Z,2026-08-05T03:08:05Z
greenhouse,6111052004,Grafana Labs,"Regional Vice President, Commercial, West | Remote | CA ",Sales (North & South America),United States (Remote),1,2026-07-07T21:08:56Z,2026-07-09T14:23:39Z,https://job-boards.greenhouse.io/grafanalabs/jobs/6111052004,2026-08-05T02:23:56Z,2026-08-05T03:08:05Z
greenhouse,5996829004,Grafana Labs,Sales Development Representative | Israel | Remote,Sales Development,Israel (Remote),1,2026-05-15T11:32:32Z,2026-07-09T14:23:39Z,https://job-boards.greenhouse.io/grafanalabs/jobs/5996829004,2026-08-05T02:23:56Z,2026-08-05T03:08:05Z
greenhouse,6110395004,Grafana Labs,Sales Development Representative | PST | Remote,Sales Development,United States (Remote),1,2026-07-07T12:36:17Z,2026-07-09T14:23:39Z,https://job-boards.greenhouse.io/grafanalabs/jobs/6110395004,2026-08-05T02:23:56Z,2026-08-05T03:08:05Z
greenhouse,6092954004,Grafana Labs,Senior AI Engineer | Canada | Remote,Marketing,Canada (Remote),1,2026-06-18T18:14:46Z,2026-07-09T14:23:39Z,https://job-boards.greenhouse.io/grafanalabs/jobs/6092954004,2026-08-05T02:23:56Z,2026-08-05T03:08:05Z
greenhouse,6092955004,Grafana Labs,Senior AI Engineer | US | Remote,Marketing,United States (Remote),1,2026-06-18T18:14:46Z,2026-07-09T14:23:39Z,https://job-boards.greenhouse.io/grafanalabs/jobs/6092955004,2026-08-05T02:23:56Z,2026-08-05T03:08:05Z
greenhouse,6123193004,Grafana Labs,Senior Backend Engineer - Databases - Loki Query | UK | Remote,R&D : Databases,United Kingdom (Remote),1,2026-07-23T16:02:28Z,2026-07-29T12:05:46Z,https://job-boards.greenhouse.io/grafanalabs/jobs/6123193004,2026-08-05T02:23:56Z,2026-08-05T03:08:05Z
greenhouse,6123195004,Grafana Labs,Senior Backend Engineer - Databases - Loki Query  | Germany | Remote,R&D : Databases,Germany (Remote),1,2026-07-23T16:08:21Z,2026-07-29T12:03:52Z,https://job-boards.greenhouse.io/grafanalabs/jobs/6123195004,2026-08-05T02:23:56Z,2026-08-05T03:08:05Z
greenhouse,6123197004,Grafana Labs,Senior Backend Engineer - Databases - Loki Query  | Spain | Remote,R&D : Databases,Spain (Remote),1,2026-07-23T16:08:19Z,2026-07-29T12:04:12Z,https://job-boards.greenhouse.io/grafanalabs/jobs/6123197004,2026-08-05T02:23:56Z,2026-08-05T03:08:05Z
greenhouse,6123196004,Grafana Labs,Senior Backend Engineer - Databases - Loki Query  | Sweden | Remote,R&D : Databases,Sweden (Remote),1,2026-07-23T16:05:13Z,2026-07-29T12:04:35Z,https://job-boards.greenhouse.io/grafanalabs/jobs/6123196004,2026-08-05T02:23:56Z,2026-08-05T03:08:05Z
greenhouse,6126930004,Grafana Labs,Senior Backend Engineer - Databases Pyroscope | Germany | Remote,R&D : Databases,Germany (Remote),1,2026-07-24T20:46:49Z,2026-07-24T20:46:49Z,https://job-boards.greenhouse.io/grafanalabs/jobs/6126930004,2026-08-05T02:23:56Z,2026-08-05T03:08:05Z
greenhouse,6126925004,Grafana Labs,Senior Backend Engineer - Databases Pyroscope | Ireland | Remote,R&D : Databases,Republic of Ireland (Remote),1,2026-07-24T20:46:50Z,2026-07-24T20:46:50Z,https://job-boards.greenhouse.io/grafanalabs/jobs/6126925004,2026-08-05T02:23:56Z,2026-08-05T03:08:05Z
greenhouse,6126921004,Grafana Labs,Senior Backend Engineer - Databases Pyroscope | Spain | Remote,R&D : Databases,Spain (Remote),1,2026-07-24T20:46:51Z,2026-07-24T20:46:51Z,https://job-boards.greenhouse.io/grafanalabs/jobs/6126921004,2026-08-05T02:23:56Z,2026-08-05T03:08:05Z
greenhouse,6126919004,Grafana Labs,Senior Backend Engineer - Databases Pyroscope | Sweden | Remote,R&D : Databases,Sweden (Remote),1,2026-07-24T20:46:52Z,2026-07-24T20:46:52Z,https://job-boards.greenhouse.io/grafanalabs/jobs/6126919004,2026-08-05T02:23:56Z,2026-08-05T03:08:05Z
greenhouse,6126889004,Grafana Labs,Senior Backend Engineer - Databases Pyroscope | UK | Remote,R&D : Databases,United Kingdom (Remote),1,2026-07-24T20:46:53Z,2026-07-24T20:46:53Z,https://job-boards.greenhouse.io/grafanalabs/jobs/6126889004,2026-08-05T02:23:56Z,2026-08-05T03:08:05Z
greenhouse,6116748004,Grafana Labs,"Senior Commercial Account Executive, Growth | CA | Remote",Sales (North & South America),United States (Remote),1,2026-07-15T18:24:20Z,2026-07-15T18:24:20Z,https://job-boards.greenhouse.io/grafanalabs/jobs/6116748004,2026-08-05T02:23:56Z,2026-08-05T03:08:05Z
greenhouse,6117020004,Grafana Labs,"Senior Commercial Account Executive, Growth | East Coast | Remote",Sales (North & South America),United States (Remote),1,2026-07-29T15:54:41Z,2026-07-29T15:54:41Z,https://job-boards.greenhouse.io/grafanalabs/jobs/6117020004,2026-08-05T02:23:56Z,2026-08-05T03:08:05Z
greenhouse,5836417004,Grafana Labs,Senior Demand Generation Manager| Canada | Remote,Marketing,Canada (Remote),1,2026-03-24T21:17:04Z,2026-07-09T14:23:39Z,https://job-boards.greenhouse.io/grafanalabs/jobs/5836417004,2026-08-05T02:23:56Z,2026-08-05T03:08:05Z
greenhouse,5836198004,Grafana Labs,Senior Demand Generation Manager | United States | Remote,Marketing,United States (Remote),1,2026-03-24T21:14:47Z,2026-07-09T14:46:10Z,https://job-boards.greenhouse.io/grafanalabs/jobs/5836198004,2026-08-05T02:23:56Z,2026-08-05T03:08:05Z
greenhouse,6126959004,Grafana Labs,"Senior Director, Solutions Engineering | Americas | Remote",Solutions Engineering (North & South America),United States (Remote),1,2026-07-24T21:15:59Z,2026-07-31T19:57:59Z,https://job-boards.greenhouse.io/grafanalabs/jobs/6126959004,2026-08-05T02:23:56Z,2026-08-05T03:08:05Z
greenhouse,6112305004,Grafana Labs,"Senior Enterprise Account Executive, Acquisition | Bengaluru, India",Sales (APAC),India (Remote),1,2026-08-03T10:15:14Z,2026-08-04T10:19:29Z,https://job-boards.greenhouse.io/grafanalabs/jobs/6112305004,2026-08-05T02:23:56Z,2026-08-05T03:08:05Z
greenhouse,6107018004,Grafana Labs,"Senior Enterprise Account Executive, Acquisition | Seattle, Denver, Portland | Remote",Sales (North & South America),United States (Remote),1,2026-07-29T20:11:15Z,2026-07-29T20:11:15Z,https://job-boards.greenhouse.io/grafanalabs/jobs/6107018004,2026-08-05T02:23:56Z,2026-08-05T03:08:05Z
greenhouse,6092347004,Grafana Labs,"Senior Enterprise Account Executive, Acquisition | Tokyo, Japan",Sales (APAC),Japan (Remote),1,2026-06-17T06:57:32Z,2026-07-09T14:23:39Z,https://job-boards.greenhouse.io/grafanalabs/jobs/6092347004,2026-08-05T02:23:56Z,2026-08-05T03:08:05Z
greenhouse,6095341004,Grafana Labs,Senior Field Engineer | Germany | Remote,GTM Enablement,Germany (Remote),1,2026-06-18T17:34:38Z,2026-07-09T14:23:39Z,https://job-boards.greenhouse.io/grafanalabs/jobs/6095341004,2026-08-05T02:23:56Z,2026-08-05T03:08:05Z
greenhouse,6098737004,Grafana Labs,Senior Field Engineer | Netherlands | Remote,GTM Enablement,Netherlands (Remote),1,2026-06-23T16:39:16Z,2026-07-09T14:23:39Z,https://job-boards.greenhouse.io/grafanalabs/jobs/6098737004,2026-08-05T02:23:56Z,2026-08-05T03:08:05Z
greenhouse,6103284004,Grafana Labs, Senior Finance Analytics Manager  | United States | Remote ,Finance,United States (Remote),1,2026-06-30T18:57:08Z,2026-07-16T16:01:41Z,https://job-boards.greenhouse.io/grafanalabs/jobs/6103284004,2026-08-05T02:23:56Z,2026-08-05T03:08:05Z
greenhouse,6130872004,Grafana Labs,Senior FullStack Engineer - Grafana Cloud Observability| Canada | Remote,R&D: Observability ,Canada (Remote),1,2026-07-31T11:26:30Z,2026-07-31T11:26:30Z,https://job-boards.greenhouse.io/grafanalabs/jobs/6130872004,2026-08-05T02:23:56Z,2026-08-05T03:08:05Z
greenhouse,6130907004,Grafana Labs,Senior FullStack Engineer - Grafana Cloud Observability| US | Remote,R&D: Observability ,United States (Remote),1,2026-07-31T11:26:29Z,2026-07-31T11:26:29Z,https://job-boards.greenhouse.io/grafanalabs/jobs/6130907004,2026-08-05T02:23:56Z,2026-08-05T03:08:05Z
greenhouse,5985339004,Grafana Labs,Senior IT SOX Audit Manager| United States | Remote,Finance,United States (Remote),1,2026-05-06T13:50:26Z,2026-08-03T18:20:19Z,https://job-boards.greenhouse.io/grafanalabs/jobs/5985339004,2026-08-05T02:23:56Z,2026-08-05T03:08:05Z
greenhouse,6121756004,Grafana Labs,"Senior Machine Learning Engineer, Developer Advocacy | Canada | Remote",Developer Advocacy,Canada (Remote),1,2026-07-22T12:59:39Z,2026-07-22T13:45:38Z,https://job-boards.greenhouse.io/grafanalabs/jobs/6121756004,2026-08-05T02:23:56Z,2026-08-05T03:08:05Z
greenhouse,6121947004,Grafana Labs,"Senior Machine Learning Engineer, Developer Advocacy | Germany | Remote",Developer Advocacy,Germany (Remote),1,2026-07-22T12:59:40Z,2026-07-22T13:45:50Z,https://job-boards.greenhouse.io/grafanalabs/jobs/6121947004,2026-08-05T02:23:56Z,2026-08-05T03:08:05Z
greenhouse,6121948004,Grafana Labs,"Senior Machine Learning Engineer, Developer Advocacy | Ireland | Remote",Developer Advocacy,Republic of Ireland (Remote),1,2026-07-22T12:59:41Z,2026-07-22T13:46:04Z,https://job-boards.greenhouse.io/grafanalabs/jobs/6121948004,2026-08-05T02:23:56Z,2026-08-05T03:08:05Z
greenhouse,6121949004,Grafana Labs,"Senior Machine Learning Engineer, Developer Advocacy | Spain | Remote",Developer Advocacy,Spain (Remote),1,2026-07-22T12:59:42Z,2026-07-22T13:46:17Z,https://job-boards.greenhouse.io/grafanalabs/jobs/6121949004,2026-08-05T02:23:56Z,2026-08-05T03:08:05Z
greenhouse,6121954004,Grafana Labs,"Senior Machine Learning Engineer, Developer Advocacy | Sweden | Remote",Developer Advocacy,Sweden (Remote),1,2026-07-22T12:59:43Z,2026-07-22T13:46:44Z,https://job-boards.greenhouse.io/grafanalabs/jobs/6121954004,2026-08-05T02:23:56Z,2026-08-05T03:08:05Z
greenhouse,6121956004,Grafana Labs,"Senior Machine Learning Engineer, Developer Advocacy | UK | Remote",Developer Advocacy,United Kingdom (Remote),1,2026-07-22T12:59:44Z,2026-07-22T13:46:53Z,https://job-boards.greenhouse.io/grafanalabs/jobs/6121956004,2026-08-05T02:23:56Z,2026-08-05T03:08:05Z
greenhouse,6121755004,Grafana Labs,"Senior Machine Learning Engineer, Developer Advocacy | US | Remote",Developer Advocacy,United States (Remote),1,2026-07-22T12:59:45Z,2026-07-22T13:47:02Z,https://job-boards.greenhouse.io/grafanalabs/jobs/6121755004,2026-08-05T02:23:56Z,2026-08-05T03:08:05Z
greenhouse,5999968004,Grafana Labs,"Senior Manager, Web Technology | Canada | Remote",Marketing,Canada (Remote),1,2026-05-19T16:24:30Z,2026-07-09T14:23:39Z,https://job-boards.greenhouse.io/grafanalabs/jobs/5999968004,2026-08-05T02:23:56Z,2026-08-05T03:08:05Z
greenhouse,5999936004,Grafana Labs,"Senior Manager, Web Technology | US | Remote",Marketing,United States (Remote),1,2026-05-19T16:24:30Z,2026-07-09T14:23:39Z,https://job-boards.greenhouse.io/grafanalabs/jobs/5999936004,2026-08-05T02:23:56Z,2026-08-05T03:08:05Z
greenhouse,6128082004,Grafana Labs, Senior Partner Development Program Manager | United States| Remote,Corporate Development,United States (Remote),1,2026-07-27T19:58:35Z,2026-08-03T18:24:19Z,https://job-boards.greenhouse.io/grafanalabs/jobs/6128082004,2026-08-05T02:23:56Z,2026-08-05T03:08:05Z
greenhouse,6008078004,Grafana Labs,"Senior Product Manager, Infrastructure Observability | Canada | Remote",Product Management,Canada (Remote),1,2026-05-28T14:32:35Z,2026-07-09T14:23:39Z,https://job-boards.greenhouse.io/grafanalabs/jobs/6008078004,2026-08-05T02:23:56Z,2026-08-05T03:08:05Z
greenhouse,6008082004,Grafana Labs,"Senior Product Manager, Infrastructure Observability | Germany | Remote",Product Management,Germany (Remote),1,2026-05-28T14:32:36Z,2026-07-09T14:23:39Z,https://job-boards.greenhouse.io/grafanalabs/jobs/6008082004,2026-08-05T02:23:56Z,2026-08-05T03:08:05Z
greenhouse,6008080004,Grafana Labs,"Senior Product Manager, Infrastructure Observability | Ireland | Remote",Product Management,Republic of Ireland (Remote),1,2026-05-28T14:32:37Z,2026-07-09T14:23:39Z,https://job-boards.greenhouse.io/grafanalabs/jobs/6008080004,2026-08-05T02:23:56Z,2026-08-05T03:08:05Z
greenhouse,6008081004,Grafana Labs,"Senior Product Manager, Infrastructure Observability | Spain | Remote",Product Management,Spain (Remote),1,2026-05-28T14:32:38Z,2026-07-09T14:23:39Z,https://job-boards.greenhouse.io/grafanalabs/jobs/6008081004,2026-08-05T02:23:56Z,2026-08-05T03:08:05Z
greenhouse,6008084004,Grafana Labs,"Senior Product Manager, Infrastructure Observability | Sweden | Remote",Product Management,Sweden (Remote),1,2026-05-28T14:32:39Z,2026-07-09T14:23:39Z,https://job-boards.greenhouse.io/grafanalabs/jobs/6008084004,2026-08-05T02:23:56Z,2026-08-05T03:08:05Z
greenhouse,6008083004,Grafana Labs,"Senior Product Manager, Infrastructure Observability | UK | Remote",Product Management,United Kingdom (Remote),1,2026-05-28T14:32:40Z,2026-07-09T14:23:39Z,https://job-boards.greenhouse.io/grafanalabs/jobs/6008083004,2026-08-05T02:23:56Z,2026-08-05T03:08:05Z
greenhouse,6008077004,Grafana Labs,"Senior Product Manager, Infrastructure Observability | US | Remote",Product Management,United States (Remote),1,2026-05-28T14:32:41Z,2026-07-09T14:23:39Z,https://job-boards.greenhouse.io/grafanalabs/jobs/6008077004,2026-08-05T02:23:56Z,2026-08-05T03:08:05Z
greenhouse,5998479004,Grafana Labs,Senior Solutions Engineer | East Coast | Remote,Solutions Engineering (North & South America),United States (Remote),1,2026-07-13T16:38:04Z,2026-07-13T16:38:04Z,https://job-boards.greenhouse.io/grafanalabs/jobs/5998479004,2026-08-05T02:23:56Z,2026-08-05T03:08:05Z
greenhouse,6099563004,Grafana Labs,Senior Solutions Engineer | East Coast | Remote,Solutions Engineering (North & South America),United States (Remote),1,2026-06-23T16:33:15Z,2026-07-09T14:23:39Z,https://job-boards.greenhouse.io/grafanalabs/jobs/6099563004,2026-08-05T02:23:56Z,2026-08-05T03:08:05Z
greenhouse,6121630004,Grafana Labs,Senior Solutions Engineer | France | Remote ,Solutions Engineering (EMEA),France (Remote),1,2026-07-22T16:05:56Z,2026-07-22T16:05:56Z,https://job-boards.greenhouse.io/grafanalabs/jobs/6121630004,2026-08-05T02:23:56Z,2026-08-05T03:08:05Z
greenhouse,5781151004,Grafana Labs,Senior Solutions Engineer | Israel | Remote,Solutions Engineering (EMEA),Israel (Remote),1,2026-01-27T18:56:42Z,2026-07-15T19:40:50Z,https://job-boards.greenhouse.io/grafanalabs/jobs/5781151004,2026-08-05T02:23:56Z,2026-08-05T03:08:05Z
greenhouse,6121640004,Grafana Labs,Senior Solutions Engineer | Netherlands | Remote ,Solutions Engineering (EMEA),Netherlands (Remote),1,2026-07-22T16:06:49Z,2026-07-22T16:06:49Z,https://job-boards.greenhouse.io/grafanalabs/jobs/6121640004,2026-08-05T02:23:56Z,2026-08-05T03:08:05Z
greenhouse,6121672004,Grafana Labs,Senior Solutions Engineer | Spain | Remote ,Solutions Engineering (EMEA),Spain (Remote),1,2026-07-22T16:04:43Z,2026-07-22T16:04:43Z,https://job-boards.greenhouse.io/grafanalabs/jobs/6121672004,2026-08-05T02:23:56Z,2026-08-05T03:08:05Z
greenhouse,5789080004,Grafana Labs,Senior Solutions Engineer | Sweden | Remote ,Solutions Engineering (EMEA),Sweden (Remote),1,2026-02-02T11:36:56Z,2026-07-09T14:23:39Z,https://job-boards.greenhouse.io/grafanalabs/jobs/5789080004,2026-08-05T02:23:56Z,2026-08-05T03:08:05Z
greenhouse,6121669004,Grafana Labs,Senior Solutions Engineer | Sweden | Remote ,Solutions Engineering (EMEA),Sweden (Remote),1,2026-07-22T16:05:14Z,2026-07-22T16:05:14Z,https://job-boards.greenhouse.io/grafanalabs/jobs/6121669004,2026-08-05T02:23:56Z,2026-08-05T03:08:05Z
greenhouse,6094015004,Grafana Labs,Senior Solutions Engineer | Toronto | Remote,Solutions Engineering (North & South America),Canada (Remote),1,2026-06-18T16:58:51Z,2026-07-09T14:23:39Z,https://job-boards.greenhouse.io/grafanalabs/jobs/6094015004,2026-08-05T02:23:56Z,2026-08-05T03:08:05Z
greenhouse,6111927004,Grafana Labs,Senior Solutions Engineer | West Coast | Remote,Solutions Engineering (North & South America),United States (Remote),1,2026-07-08T18:24:46Z,2026-08-04T16:12:15Z,https://job-boards.greenhouse.io/grafanalabs/jobs/6111927004,2026-08-05T02:23:56Z,2026-08-05T03:08:05Z
greenhouse,6098834004,Grafana Labs,Senior Solutions Engineer | West Coast | Remote,Solutions Engineering (North & South America),United States (Remote),1,2026-06-22T18:01:14Z,2026-07-09T14:23:39Z,https://job-boards.greenhouse.io/grafanalabs/jobs/6098834004,2026-08-05T02:23:56Z,2026-08-05T03:08:05Z
greenhouse,6099558004,Grafana Labs,Senior Solutions Engineer | West Coast | Remote,Solutions Engineering (North & South America),United States (Remote),1,2026-06-23T16:33:36Z,2026-07-09T14:23:39Z,https://job-boards.greenhouse.io/grafanalabs/jobs/6099558004,2026-08-05T02:23:56Z,2026-08-05T03:08:05Z
greenhouse,6103101004,Grafana Labs,Social Media and Influencer Relations Associate | United States | Remote,Marketing,United States (Remote),1,2026-06-30T20:52:47Z,2026-07-09T14:23:39Z,https://job-boards.greenhouse.io/grafanalabs/jobs/6103101004,2026-08-05T02:23:56Z,2026-08-05T03:08:05Z
greenhouse,6130622004,Grafana Labs,Software Engineer - Synthetic Monitoring | Germany | Remote,R&D : Databases,Germany (Remote),1,2026-07-30T14:39:37Z,2026-07-30T14:39:37Z,https://job-boards.greenhouse.io/grafanalabs/jobs/6130622004,2026-08-05T02:23:56Z,2026-08-05T03:08:05Z
greenhouse,6130621004,Grafana Labs,Software Engineer - Synthetic Monitoring | Ireland | Remote,R&D : Databases,Republic of Ireland (Remote),1,2026-07-30T14:38:13Z,2026-07-30T14:38:13Z,https://job-boards.greenhouse.io/grafanalabs/jobs/6130621004,2026-08-05T02:23:56Z,2026-08-05T03:08:05Z
greenhouse,6130618004,Grafana Labs,Software Engineer - Synthetic Monitoring | Spain | Remote,R&D : Databases,Spain (Remote),1,2026-07-30T14:24:51Z,2026-07-30T14:24:51Z,https://job-boards.greenhouse.io/grafanalabs/jobs/6130618004,2026-08-05T02:23:56Z,2026-08-05T03:08:05Z
greenhouse,6130620004,Grafana Labs,Software Engineer - Synthetic Monitoring | Sweden | Remote,R&D : Databases,Sweden (Remote),1,2026-07-30T14:30:03Z,2026-07-30T14:30:03Z,https://job-boards.greenhouse.io/grafanalabs/jobs/6130620004,2026-08-05T02:23:56Z,2026-08-05T03:08:05Z
greenhouse,6130623004,Grafana Labs,Software Engineer - Synthetic Monitoring | UK | Remote,R&D : Databases,United Kingdom (Remote),1,2026-07-30T14:43:47Z,2026-07-30T14:43:47Z,https://job-boards.greenhouse.io/grafanalabs/jobs/6130623004,2026-08-05T02:23:56Z,2026-08-05T03:08:05Z
greenhouse,6127968004,Grafana Labs,Solutions Engineer | East or Central US | Remote,Solutions Engineering (North & South America),United States (Remote),1,2026-07-27T22:40:11Z,2026-07-27T22:40:11Z,https://job-boards.greenhouse.io/grafanalabs/jobs/6127968004,2026-08-05T02:23:56Z,2026-08-05T03:08:05Z
greenhouse,6121627004,Grafana Labs,Solutions Engineer | France | Remote ,Solutions Engineering (EMEA),France (Remote),1,2026-07-22T16:05:27Z,2026-07-22T16:05:27Z,https://job-boards.greenhouse.io/grafanalabs/jobs/6121627004,2026-08-05T02:23:56Z,2026-08-05T03:08:05Z
greenhouse,6121633004,Grafana Labs,Solutions Engineer | UK | Remote,Solutions Engineering (EMEA),United Kingdom (Remote),1,2026-07-22T16:06:26Z,2026-07-22T16:06:26Z,https://job-boards.greenhouse.io/grafanalabs/jobs/6121633004,2026-08-05T02:23:56Z,2026-08-05T03:08:05Z
greenhouse,6117334004,Grafana Labs,Staff AI Engineer - 2nd Horizon | Germany | Remote,R&D: Second Horizon,Germany (Remote),1,2026-07-16T11:36:00Z,2026-07-16T11:44:12Z,https://job-boards.greenhouse.io/grafanalabs/jobs/6117334004,2026-08-05T02:23:56Z,2026-08-05T03:08:05Z
greenhouse,6117338004,Grafana Labs,Staff AI Engineer - 2nd Horizon | Ireland | Remote,R&D: Second Horizon,Republic of Ireland (Remote),1,2026-07-16T11:40:15Z,2026-07-16T11:40:15Z,https://job-boards.greenhouse.io/grafanalabs/jobs/6117338004,2026-08-05T02:23:56Z,2026-08-05T03:08:05Z
greenhouse,6117336004,Grafana Labs,Staff AI Engineer - 2nd Horizon | Spain | Remote,R&D: Second Horizon,Spain (Remote),1,2026-07-16T11:38:27Z,2026-07-16T11:38:27Z,https://job-boards.greenhouse.io/grafanalabs/jobs/6117336004,2026-08-05T02:23:56Z,2026-08-05T03:08:05Z
greenhouse,6117340004,Grafana Labs,Staff AI Engineer - 2nd Horizon | Sweden | Remote,R&D: Second Horizon,Sweden (Remote),1,2026-07-16T11:44:18Z,2026-07-16T11:44:18Z,https://job-boards.greenhouse.io/grafanalabs/jobs/6117340004,2026-08-05T02:23:56Z,2026-08-05T03:08:05Z
greenhouse,6117339004,Grafana Labs,Staff AI Engineer - 2nd Horizon | UK | Remote,R&D: Second Horizon,United Kingdom (Remote),1,2026-07-16T11:42:05Z,2026-07-16T11:42:05Z,https://job-boards.greenhouse.io/grafanalabs/jobs/6117339004,2026-08-05T02:23:56Z,2026-08-05T03:08:05Z
greenhouse,6100673004,Grafana Labs,Staff AI Engineer - Grafana AI/ML | Canada | Remote,R&D: Artificial Intelligence (AI),Canada (Remote),1,2026-06-24T18:37:40Z,2026-08-04T21:00:32Z,https://job-boards.greenhouse.io/grafanalabs/jobs/6100673004,2026-08-05T02:23:56Z,2026-08-05T03:08:05Z
greenhouse,6100672004,Grafana Labs,Staff AI Engineer - Grafana AI/ML | USA | Remote,R&D: Artificial Intelligence (AI),United States (Remote),1,2026-06-24T18:37:39Z,2026-08-04T21:00:07Z,https://job-boards.greenhouse.io/grafanalabs/jobs/6100672004,2026-08-05T02:23:56Z,2026-08-05T03:08:05Z
greenhouse,6107533004,Grafana Labs,"Staff AI Product Analyst, Product Management | Canada | Remote",Product Management,Canada (Remote),1,2026-07-02T12:54:23Z,2026-07-23T14:10:50Z,https://job-boards.greenhouse.io/grafanalabs/jobs/6107533004,2026-08-05T02:23:56Z,2026-08-05T03:08:05Z
greenhouse,6107540004,Grafana Labs,"Staff AI Product Analyst, Product Management | Germany | Remote",Product Management,Germany (Remote),1,2026-07-02T12:57:47Z,2026-07-23T14:11:03Z,https://job-boards.greenhouse.io/grafanalabs/jobs/6107540004,2026-08-05T02:23:56Z,2026-08-05T03:08:05Z
greenhouse,6107541004,Grafana Labs,"Staff AI Product Analyst, Product Management | Spain | Remote",Product Management,Spain (Remote),1,2026-07-02T12:58:51Z,2026-07-23T14:11:20Z,https://job-boards.greenhouse.io/grafanalabs/jobs/6107541004,2026-08-05T02:23:56Z,2026-08-05T03:08:05Z
greenhouse,6107542004,Grafana Labs,"Staff AI Product Analyst, Product Management | Sweden | Remote",Product Management,Sweden (Remote),1,2026-07-02T12:59:48Z,2026-07-23T14:12:02Z,https://job-boards.greenhouse.io/grafanalabs/jobs/6107542004,2026-08-05T02:23:56Z,2026-08-05T03:08:05Z
greenhouse,6107538004,Grafana Labs,"Staff AI Product Analyst, Product Management | UK | Remote",Product Management,United Kingdom (Remote),1,2026-07-02T12:56:06Z,2026-07-23T14:12:17Z,https://job-boards.greenhouse.io/grafanalabs/jobs/6107538004,2026-08-05T02:23:56Z,2026-08-05T03:08:05Z
greenhouse,6107527004,Grafana Labs,"Staff AI Product Analyst, Product Management | USA, EST | Remote",Product Management,United States (Remote),1,2026-07-02T12:51:39Z,2026-07-23T14:12:36Z,https://job-boards.greenhouse.io/grafanalabs/jobs/6107527004,2026-08-05T02:23:56Z,2026-08-05T03:08:05Z
greenhouse,6105872004,Grafana Labs,Staff Backend Engineer - Alerting | Germany | Remote,R&D: Ops,Germany (Remote),1,2026-07-07T13:16:14Z,2026-07-09T14:23:39Z,https://job-boards.greenhouse.io/grafanalabs/jobs/6105872004,2026-08-05T02:23:56Z,2026-08-05T03:08:05Z
greenhouse,6105874004,Grafana Labs,Staff Backend Engineer - Alerting | Ireland | Remote,R&D: Ops,Republic of Ireland (Remote),1,2026-07-07T13:16:16Z,2026-07-09T14:23:39Z,https://job-boards.greenhouse.io/grafanalabs/jobs/6105874004,2026-08-05T02:23:56Z,2026-08-05T03:08:05Z
greenhouse,6105873004,Grafana Labs,Staff Backend Engineer - Alerting | Spain | Remote,R&D: Ops,Spain (Remote),1,2026-07-07T13:16:16Z,2026-07-09T14:23:39Z,https://job-boards.greenhouse.io/grafanalabs/jobs/6105873004,2026-08-05T02:23:56Z,2026-08-05T03:08:05Z
greenhouse,6105876004,Grafana Labs,Staff Backend Engineer - Alerting | UK | Remote,R&D: Ops,United Kingdom (Remote),1,2026-07-07T13:16:18Z,2026-07-09T14:23:39Z,https://job-boards.greenhouse.io/grafanalabs/jobs/6105876004,2026-08-05T02:23:56Z,2026-08-05T03:08:05Z
greenhouse,5982443004,Grafana Labs,Staff Backend Engineer - Databases Tempo | Canada | Remote,R&D : Databases,Canada (Remote),1,2026-04-27T14:46:24Z,2026-07-09T14:23:39Z,https://job-boards.greenhouse.io/grafanalabs/jobs/5982443004,2026-08-05T02:23:56Z,2026-08-05T03:08:05Z
greenhouse,5982444004,Grafana Labs,Staff Backend Engineer - Databases Tempo | US | Remote,R&D : Databases,United States (Remote),1,2026-04-27T14:46:25Z,2026-07-09T14:23:39Z,https://job-boards.greenhouse.io/grafanalabs/jobs/5982444004,2026-08-05T02:23:56Z,2026-08-05T03:08:05Z
greenhouse,6007413004,Grafana Labs,Staff Backend Engineer - Grafana Enterprise | Canada | Remote,R&D: Grafana,Canada (Remote),1,2026-05-28T12:29:21Z,2026-07-09T14:23:39Z,https://job-boards.greenhouse.io/grafanalabs/jobs/6007413004,2026-08-05T02:23:56Z,2026-08-05T03:08:05Z
greenhouse,6007414004,Grafana Labs,Staff Backend Engineer - Grafana Enterprise | US | Remote,R&D: Grafana,United States (Remote),1,2026-05-28T12:29:20Z,2026-07-09T14:23:39Z,https://job-boards.greenhouse.io/grafanalabs/jobs/6007414004,2026-08-05T02:23:56Z,2026-08-05T03:08:05Z
greenhouse,6123179004,Grafana Labs,Staff Backend Engineer - Grafana Second Horizon | Germany | Remote,R&D : Databases,Germany (Remote),1,2026-07-23T14:03:23Z,2026-07-23T14:03:23Z,https://job-boards.greenhouse.io/grafanalabs/jobs/6123179004,2026-08-05T02:23:56Z,2026-08-05T03:08:05Z
greenhouse,6123178004,Grafana Labs,Staff Backend Engineer - Grafana Second Horizon | Ireland | Remote,R&D : Databases,Republic of Ireland (Remote),1,2026-07-23T13:58:36Z,2026-07-23T13:58:36Z,https://job-boards.greenhouse.io/grafanalabs/jobs/6123178004,2026-08-05T02:23:56Z,2026-08-05T03:08:05Z
greenhouse,6123175004,Grafana Labs,Staff Backend Engineer - Grafana Second Horizon | Spain | Remote,R&D : Databases,Spain (Remote),1,2026-07-23T13:56:46Z,2026-07-23T13:56:46Z,https://job-boards.greenhouse.io/grafanalabs/jobs/6123175004,2026-08-05T02:23:56Z,2026-08-05T03:08:05Z
greenhouse,6123177004,Grafana Labs,Staff Backend Engineer - Grafana Second Horizon | Sweden | Remote,R&D : Databases,Sweden (Remote),1,2026-07-23T13:56:48Z,2026-07-23T13:56:48Z,https://job-boards.greenhouse.io/grafanalabs/jobs/6123177004,2026-08-05T02:23:56Z,2026-08-05T03:08:05Z
greenhouse,6123180004,Grafana Labs,Staff Backend Engineer - Grafana Second Horizon | UK | Remote,R&D : Databases,United Kingdom (Remote),1,2026-07-23T13:58:38Z,2026-07-23T14:00:51Z,https://job-boards.greenhouse.io/grafanalabs/jobs/6123180004,2026-08-05T02:23:56Z,2026-08-05T03:08:05Z
greenhouse,6111473004,Grafana Labs,Staff Backend Engineer - Second Horizon | Canada | Remote,R&D: Second Horizon,Canada (Remote),1,2026-07-08T13:38:36Z,2026-07-13T14:45:24Z,https://job-boards.greenhouse.io/grafanalabs/jobs/6111473004,2026-08-05T02:23:56Z,2026-08-05T03:08:05Z
greenhouse,6114603004,Grafana Labs,Staff Backend Engineer - Second Horizon | US | Remote,R&D: Second Horizon,United States (Remote),1,2026-07-13T14:46:25Z,2026-07-13T14:46:25Z,https://job-boards.greenhouse.io/grafanalabs/jobs/6114603004,2026-08-05T02:23:56Z,2026-08-05T03:08:05Z
greenhouse,6108385004,Grafana Labs,"Staff Software Engineer - Adaptive Telemetry, Databases | Canada | Remote",R&D : Databases,Canada (Remote),1,2026-07-02T21:50:00Z,2026-07-29T19:26:59Z,https://job-boards.greenhouse.io/grafanalabs/jobs/6108385004,2026-08-05T02:23:56Z,2026-08-05T03:08:05Z
greenhouse,6108384004,Grafana Labs,"Staff Software Engineer - Adaptive Telemetry, Databases | USA | Remote",R&D : Databases,United States (Remote),1,2026-07-02T21:49:59Z,2026-07-29T19:27:15Z,https://job-boards.greenhouse.io/grafanalabs/jobs/6108384004,2026-08-05T02:23:56Z,2026-08-05T03:08:05Z
greenhouse,6103688004,Grafana Labs,Staff Software Engineer - Databases SRE | Germany | Remote,R&D : Databases,Germany (Remote),1,2026-06-29T13:24:07Z,2026-07-09T14:23:39Z,https://job-boards.greenhouse.io/grafanalabs/jobs/6103688004,2026-08-05T02:23:56Z,2026-08-05T03:08:05Z
greenhouse,6107502004,Grafana Labs,Staff Software Engineer - Databases SRE | Ireland | Remote,R&D : Databases,Republic of Ireland (Remote),1,2026-07-02T12:20:02Z,2026-07-09T14:23:39Z,https://job-boards.greenhouse.io/grafanalabs/jobs/6107502004,2026-08-05T02:23:56Z,2026-08-05T03:08:05Z
greenhouse,6103685004,Grafana Labs,Staff Software Engineer - Databases SRE | Spain | Remote,R&D : Databases,Spain (Remote),1,2026-06-29T13:21:49Z,2026-07-09T14:23:39Z,https://job-boards.greenhouse.io/grafanalabs/jobs/6103685004,2026-08-05T02:23:56Z,2026-08-05T03:08:05Z
greenhouse,6103687004,Grafana Labs,Staff Software Engineer - Databases SRE | Sweden | Remote,R&D : Databases,Sweden (Remote),1,2026-06-29T13:23:05Z,2026-07-09T14:23:39Z,https://job-boards.greenhouse.io/grafanalabs/jobs/6103687004,2026-08-05T02:23:56Z,2026-08-05T03:08:05Z
greenhouse,6101637004,Grafana Labs,Staff Software Engineer - Databases SRE | UK | Remote,R&D : Databases,United Kingdom (Remote),1,2026-06-29T13:20:17Z,2026-07-09T14:23:39Z,https://job-boards.greenhouse.io/grafanalabs/jobs/6101637004,2026-08-05T02:23:56Z,2026-08-05T03:08:05Z
greenhouse,6112829004,Grafana Labs,"Staff Software Engineer - Databases, Tempo | Germany | Remote",R&D : Databases,Germany (Remote),1,2026-07-10T12:15:59Z,2026-07-29T13:34:49Z,https://job-boards.greenhouse.io/grafanalabs/jobs/6112829004,2026-08-05T02:23:56Z,2026-08-05T03:08:05Z
greenhouse,6112828004,Grafana Labs,"Staff Software Engineer - Databases, Tempo | Ireland | Remote",R&D : Databases,Republic of Ireland (Remote),1,2026-07-10T12:16:00Z,2026-07-29T13:35:20Z,https://job-boards.greenhouse.io/grafanalabs/jobs/6112828004,2026-08-05T02:23:56Z,2026-08-05T03:08:05Z
greenhouse,6112824004,Grafana Labs,"Staff Software Engineer - Databases, Tempo | Spain | Remote",R&D : Databases,Spain (Remote),1,2026-07-10T12:16:01Z,2026-07-29T13:36:27Z,https://job-boards.greenhouse.io/grafanalabs/jobs/6112824004,2026-08-05T02:23:56Z,2026-08-05T03:08:05Z
greenhouse,6112827004,Grafana Labs,"Staff Software Engineer - Databases, Tempo | Sweden | Remote",R&D : Databases,Sweden (Remote),1,2026-07-10T12:16:03Z,2026-07-29T13:37:26Z,https://job-boards.greenhouse.io/grafanalabs/jobs/6112827004,2026-08-05T02:23:56Z,2026-08-05T03:08:05Z
greenhouse,6112830004,Grafana Labs,"Staff Software Engineer - Databases, Tempo | United Kingdom | Remote",R&D : Databases,United Kingdom (Remote),1,2026-07-10T12:16:04Z,2026-07-29T13:37:43Z,https://job-boards.greenhouse.io/grafanalabs/jobs/6112830004,2026-08-05T02:23:56Z,2026-08-05T03:08:05Z
greenhouse,6105595004,Grafana Labs,"Staff Software Engineer – Identity and Access, Identity Squads | Ireland | Remote",R&D: Grafana,Republic of Ireland (Remote),1,2026-07-01T12:18:02Z,2026-07-09T14:23:39Z,https://job-boards.greenhouse.io/grafanalabs/jobs/6105595004,2026-08-05T02:23:56Z,2026-08-05T03:08:05Z
greenhouse,6105597004,Grafana Labs,"Staff Software Engineer – Identity and Access, Identity Squads | Spain | Remote",R&D: Grafana,Spain (Remote),1,2026-07-01T12:17:08Z,2026-07-09T14:23:39Z,https://job-boards.greenhouse.io/grafanalabs/jobs/6105597004,2026-08-05T02:23:56Z,2026-08-05T03:08:05Z
greenhouse,6105600004,Grafana Labs,"Staff Software Engineer – Identity and Access, Identity Squads | UK | Remote",R&D: Grafana,United Kingdom (Remote),1,2026-07-01T12:18:01Z,2026-07-09T14:23:39Z,https://job-boards.greenhouse.io/grafanalabs/jobs/6105600004,2026-08-05T02:23:56Z,2026-08-05T03:08:05Z
greenhouse,6011797004,Grafana Labs,Staff Software Engineer (Internal Tooling) | Canada |Remote,Sales Operations,Canada (Remote),1,2026-06-02T20:59:41Z,2026-07-29T14:15:11Z,https://job-boards.greenhouse.io/grafanalabs/jobs/6011797004,2026-08-05T02:23:56Z,2026-08-05T03:08:05Z
greenhouse,5735539004,Grafana Labs,Staff Software Engineer (Internal Tooling) | United States | Remote ,Sales Operations,United States (Remote),1,2025-12-11T23:15:32Z,2026-07-29T14:15:43Z,https://job-boards.greenhouse.io/grafanalabs/jobs/5735539004,2026-08-05T02:23:56Z,2026-08-05T03:08:05Z
greenhouse,5985793004,Grafana Labs,"Staff Software Engineer - Platform, Application Core Services | Canada | Remote",R&D: Platform,Canada (Remote),1,2026-04-30T18:47:18Z,2026-07-29T19:42:35Z,https://job-boards.greenhouse.io/grafanalabs/jobs/5985793004,2026-08-05T02:23:56Z,2026-08-05T03:08:05Z
greenhouse,5968728004,Grafana Labs,"Staff Software Engineer - Platform, Application Core Services | USA | Remote",R&D: Platform,United States (Remote),1,2026-04-13T17:00:00Z,2026-07-29T19:42:54Z,https://job-boards.greenhouse.io/grafanalabs/jobs/5968728004,2026-08-05T02:23:56Z,2026-08-05T03:08:05Z
greenhouse,8653419002,Duolingo,"Ad Sales Lead, Central",Business Development,Remote - Illinois,1,2026-07-28T13:47:45Z,2026-07-28T15:26:11Z,https://careers.duolingo.com/jobs/8653419002?gh_jid=8653419002,2026-08-05T03:08:05Z,2026-08-05T03:08:05Z
greenhouse,8621574002,Duolingo,Brand Campaigns Director,Marketing and Communications,"New York, NY",0,2026-07-06T20:06:18Z,2026-07-23T13:04:47Z,https://careers.duolingo.com/jobs/8621574002?gh_jid=8621574002,2026-08-05T03:08:05Z,2026-08-05T03:08:05Z
greenhouse,8621586002,Duolingo,Brand Campaigns Director,Marketing and Communications,"Pittsburgh, PA",0,2026-07-06T20:06:19Z,2026-07-23T13:04:47Z,https://careers.duolingo.com/jobs/8621586002?gh_jid=8621586002,2026-08-05T03:08:05Z,2026-08-05T03:08:05Z
greenhouse,8625579002,Duolingo,Consumer Product Lead,Marketing and Communications,"Tokyo, Japan",0,2026-07-09T00:07:38Z,2026-07-29T13:16:34Z,https://careers.duolingo.com/jobs/8625579002?gh_jid=8625579002,2026-08-05T03:08:05Z,2026-08-05T03:08:05Z
greenhouse,8576434002,Duolingo,Corporate Counsel,Legal,"Pittsburgh, PA",0,2026-06-03T13:39:17Z,2026-07-28T17:29:31Z,https://careers.duolingo.com/jobs/8576434002?gh_jid=8576434002,2026-08-05T03:08:05Z,2026-08-05T03:08:05Z
greenhouse,8442932002,Duolingo,"Creative Director, Marketing",Marketing and Communications,"New York, NY",0,2026-02-27T20:40:50Z,2026-07-30T17:28:42Z,https://careers.duolingo.com/jobs/8442932002?gh_jid=8442932002,2026-08-05T03:08:05Z,2026-08-05T03:08:05Z
greenhouse,8442934002,Duolingo,"Creative Director, Marketing",Marketing and Communications,"London, England",0,2026-02-27T20:40:50Z,2026-07-23T13:04:47Z,https://careers.duolingo.com/jobs/8442934002?gh_jid=8442934002,2026-08-05T03:08:05Z,2026-08-05T03:08:05Z
greenhouse,8532790002,Duolingo,Director of Communications,Marketing and Communications,"New York, NY",0,2026-05-01T11:26:18Z,2026-07-23T13:04:47Z,https://careers.duolingo.com/jobs/8532790002?gh_jid=8532790002,2026-08-05T03:08:05Z,2026-08-05T03:08:05Z
greenhouse,8602840002,Duolingo,Executive Assistant to the CEO,Executive + Senior Leadership,"Pittsburgh, PA",0,2026-06-22T16:04:20Z,2026-07-23T13:04:47Z,https://careers.duolingo.com/jobs/8602840002?gh_jid=8602840002,2026-08-05T03:08:05Z,2026-08-05T03:08:05Z
greenhouse,8602852002,Duolingo,Executive Assistant to the CEO,Executive + Senior Leadership,"New York, NY",0,2026-06-22T16:04:20Z,2026-07-23T13:04:47Z,https://careers.duolingo.com/jobs/8602852002?gh_jid=8602852002,2026-08-05T03:08:05Z,2026-08-05T03:08:05Z
greenhouse,8611799002,Duolingo,Government Affairs Manager,Legal,"Beijing, China",0,2026-06-29T14:56:55Z,2026-07-28T17:30:27Z,https://careers.duolingo.com/jobs/8611799002?gh_jid=8611799002,2026-08-05T03:08:05Z,2026-08-05T03:08:05Z
greenhouse,8548803002,Duolingo,Head of Influencers & Community,Marketing and Communications,"New York, NY",0,2026-05-13T21:01:01Z,2026-07-23T13:04:47Z,https://careers.duolingo.com/jobs/8548803002?gh_jid=8548803002,2026-08-05T03:08:05Z,2026-08-05T03:08:05Z
greenhouse,8548793002,Duolingo,Head of Influencers & Community,Marketing and Communications,"Pittsburgh, PA",0,2026-05-13T21:01:02Z,2026-07-23T13:04:47Z,https://careers.duolingo.com/jobs/8548793002?gh_jid=8548793002,2026-08-05T03:08:05Z,2026-08-05T03:08:05Z
greenhouse,8590178002,Duolingo,Head of Talent Management Programs and PMO,Leadership + Talent Development,"Pittsburgh, PA",0,2026-06-12T18:48:29Z,2026-07-23T13:04:47Z,https://careers.duolingo.com/jobs/8590178002?gh_jid=8590178002,2026-08-05T03:08:05Z,2026-08-05T03:08:05Z
greenhouse,8637185002,Duolingo,Managing Editor,Design Studio,"Tokyo, Japan",0,2026-07-16T18:53:04Z,2026-07-23T13:04:47Z,https://careers.duolingo.com/jobs/8637185002?gh_jid=8637185002,2026-08-05T03:08:05Z,2026-08-05T03:08:05Z
greenhouse,8604113002,Duolingo,Product Marketing Lead,Marketing and Communications,"New York, NY",0,2026-06-23T14:38:04Z,2026-07-23T13:04:47Z,https://careers.duolingo.com/jobs/8604113002?gh_jid=8604113002,2026-08-05T03:08:05Z,2026-08-05T03:08:05Z
greenhouse,8400553002,Duolingo,"Product Marketing Manager, Duolingo Math",Marketing and Communications,"New York, NY",0,2026-02-02T18:46:03Z,2026-07-23T13:04:47Z,https://careers.duolingo.com/jobs/8400553002?gh_jid=8400553002,2026-08-05T03:08:05Z,2026-08-05T03:08:05Z
greenhouse,8400588002,Duolingo,"Product Marketing Manager, Duolingo Math",Marketing and Communications,"London, England",0,2026-02-02T18:46:03Z,2026-07-23T13:04:47Z,https://careers.duolingo.com/jobs/8400588002?gh_jid=8400588002,2026-08-05T03:08:05Z,2026-08-05T03:08:05Z
greenhouse,8374797002,Duolingo,Senior Account Executive,Business,"New York, NY",0,2026-01-14T18:11:37Z,2026-08-04T16:13:55Z,https://careers.duolingo.com/jobs/8374797002?gh_jid=8374797002,2026-08-05T03:08:05Z,2026-08-05T03:08:05Z
greenhouse,8656931002,Duolingo,Senior AI Research Engineer,AI + Machine Learning Engineering,"Pittsburgh, PA",0,2026-07-29T18:34:49Z,2026-08-04T16:17:37Z,https://careers.duolingo.com/jobs/8656931002?gh_jid=8656931002,2026-08-05T03:08:05Z,2026-08-05T03:08:05Z
greenhouse,8656959002,Duolingo,Senior AI Research Engineer,AI + Machine Learning Engineering,"New York, NY",0,2026-07-29T18:34:50Z,2026-08-04T16:17:37Z,https://careers.duolingo.com/jobs/8656959002?gh_jid=8656959002,2026-08-05T03:08:05Z,2026-08-05T03:08:05Z
greenhouse,8590308002,Duolingo,"Senior B2B Marketing Manager, DET (UK, Europe & ANZ) ",DET,"London, England",0,2026-06-12T20:28:10Z,2026-07-28T17:27:38Z,https://careers.duolingo.com/jobs/8590308002?gh_jid=8590308002,2026-08-05T03:08:05Z,2026-08-05T03:08:05Z
greenhouse,8524827002,Duolingo,Senior Community Manager,Marketing and Communications,"Pittsburgh, PA",0,2026-04-27T14:13:07Z,2026-07-23T13:04:47Z,https://careers.duolingo.com/jobs/8524827002?gh_jid=8524827002,2026-08-05T03:08:05Z,2026-08-05T03:08:05Z
greenhouse,8385180002,Duolingo,Senior Community Manager,Marketing and Communications,"New York, NY",0,2026-01-22T01:19:46Z,2026-07-23T13:04:47Z,https://careers.duolingo.com/jobs/8385180002?gh_jid=8385180002,2026-08-05T03:08:05Z,2026-08-05T03:08:05Z
greenhouse,8345186002,Duolingo,Senior Community Manager,Marketing and Communications,"Seattle, WA",0,2026-01-22T01:19:45Z,2026-07-23T13:04:47Z,https://careers.duolingo.com/jobs/8345186002?gh_jid=8345186002,2026-08-05T03:08:05Z,2026-08-05T03:08:05Z
greenhouse,8654296002,Duolingo,"Senior Data Science Manager, User Growth",Data Science + Analytics,"Pittsburgh, PA",0,2026-07-28T20:59:12Z,2026-08-04T16:16:25Z,https://careers.duolingo.com/jobs/8654296002?gh_jid=8654296002,2026-08-05T03:08:05Z,2026-08-05T03:08:05Z
greenhouse,8654321002,Duolingo,"Senior Data Science Manager, User Growth",Data Science + Analytics,"New York, NY",0,2026-07-28T20:59:13Z,2026-08-04T16:16:25Z,https://careers.duolingo.com/jobs/8654321002?gh_jid=8654321002,2026-08-05T03:08:05Z,2026-08-05T03:08:05Z
greenhouse,8616695002,Duolingo,"Senior Director of Engineering, Math",Software Engineering,"New York, NY",0,2026-07-01T19:35:24Z,2026-07-23T13:04:47Z,https://careers.duolingo.com/jobs/8616695002?gh_jid=8616695002,2026-08-05T03:08:05Z,2026-08-05T03:08:05Z
greenhouse,8584465002,Duolingo,"Senior Director of Engineering, New Subjects",Software Engineering,"New York, NY",0,2026-06-09T18:34:50Z,2026-08-04T16:14:36Z,https://careers.duolingo.com/jobs/8584465002?gh_jid=8584465002,2026-08-05T03:08:05Z,2026-08-05T03:08:05Z
greenhouse,8468545002,Duolingo,"Senior Engineering Manager, Growth",Engineering,"Pittsburgh, PA",0,2026-03-18T18:16:26Z,2026-07-23T13:04:47Z,https://careers.duolingo.com/jobs/8468545002?gh_jid=8468545002,2026-08-05T03:08:05Z,2026-08-05T03:08:05Z
greenhouse,8468556002,Duolingo,"Senior Engineering Manager, Growth",Engineering,"New York, NY",0,2026-03-18T18:16:26Z,2026-07-23T13:04:47Z,https://careers.duolingo.com/jobs/8468556002?gh_jid=8468556002,2026-08-05T03:08:05Z,2026-08-05T03:08:05Z
greenhouse,8627568002,Duolingo,"Senior Engineering Manager, Language Learning",Software Engineering,"New York, NY",0,2026-07-09T23:45:51Z,2026-07-23T13:04:47Z,https://careers.duolingo.com/jobs/8627568002?gh_jid=8627568002,2026-08-05T03:08:05Z,2026-08-05T03:08:05Z
greenhouse,8627565002,Duolingo,"Senior Engineering Manager, Language Learning",Software Engineering,"Pittsburgh, PA",0,2026-07-09T23:45:50Z,2026-07-23T13:04:47Z,https://careers.duolingo.com/jobs/8627565002?gh_jid=8627565002,2026-08-05T03:08:05Z,2026-08-05T03:08:05Z
greenhouse,8534630002,Duolingo,"Senior Engineering Manager, Monetization",Software Engineering,"Pittsburgh, PA",0,2026-05-06T16:12:50Z,2026-07-23T13:04:47Z,https://careers.duolingo.com/jobs/8534630002?gh_jid=8534630002,2026-08-05T03:08:05Z,2026-08-05T03:08:05Z
greenhouse,8537884002,Duolingo,"Senior Engineering Manager, Monetization",Software Engineering,"New York, NY",0,2026-05-06T16:12:51Z,2026-07-23T13:04:47Z,https://careers.duolingo.com/jobs/8537884002?gh_jid=8537884002,2026-08-05T03:08:05Z,2026-08-05T03:08:05Z
greenhouse,8393272002,Duolingo,Senior iOS Engineer,Software Engineering,"Pittsburgh, PA",0,2026-01-27T20:48:11Z,2026-07-23T13:04:47Z,https://careers.duolingo.com/jobs/8393272002?gh_jid=8393272002,2026-08-05T03:08:05Z,2026-08-05T03:08:05Z
greenhouse,8318257002,Duolingo,Senior/iOS Engineer II,Software Engineering,"New York, NY",0,2025-12-02T20:47:19Z,2026-07-23T13:04:47Z,https://careers.duolingo.com/jobs/8318257002?gh_jid=8318257002,2026-08-05T03:08:05Z,2026-08-05T03:08:05Z
greenhouse,8543375002,Duolingo,"Senior Manager, Scaling Operations",Scaling Operations,"New York, NY",0,2026-05-11T13:30:31Z,2026-07-23T13:04:47Z,https://careers.duolingo.com/jobs/8543375002?gh_jid=8543375002,2026-08-05T03:08:05Z,2026-08-05T03:08:05Z
greenhouse,8543137002,Duolingo,"Senior Manager, Scaling Operations",Scaling Operations,"Pittsburgh, PA",0,2026-05-11T13:30:31Z,2026-07-23T13:04:47Z,https://careers.duolingo.com/jobs/8543137002?gh_jid=8543137002,2026-08-05T03:08:05Z,2026-08-05T03:08:05Z
greenhouse,8590390002,Duolingo,Senior People Technology Analyst,People Operations,"Pittsburgh, PA",0,2026-06-12T21:12:25Z,2026-07-23T13:04:47Z,https://careers.duolingo.com/jobs/8590390002?gh_jid=8590390002,2026-08-05T03:08:05Z,2026-08-05T03:08:05Z
greenhouse,8590394002,Duolingo,Senior People Technology Analyst,People Operations,"New York, NY",0,2026-06-12T21:12:25Z,2026-07-23T13:04:47Z,https://careers.duolingo.com/jobs/8590394002?gh_jid=8590394002,2026-08-05T03:08:05Z,2026-08-05T03:08:05Z
greenhouse,8618405002,Duolingo,Senior Product Designer,Product Design,"New York, NY",0,2026-07-02T19:49:22Z,2026-08-04T16:12:50Z,https://careers.duolingo.com/jobs/8618405002?gh_jid=8618405002,2026-08-05T03:08:05Z,2026-08-05T03:08:05Z
greenhouse,8489189002,Duolingo,Senior Product Designer,Product Design,"Pittsburgh, PA",0,2026-04-01T13:55:33Z,2026-08-04T16:12:50Z,https://careers.duolingo.com/jobs/8489189002?gh_jid=8489189002,2026-08-05T03:08:05Z,2026-08-05T03:08:05Z
greenhouse,8675713002,Duolingo,Senior Product Designer,Product Design,"Beijing, China",0,2026-08-04T13:42:33Z,2026-08-04T13:42:33Z,https://careers.duolingo.com/jobs/8675713002?gh_jid=8675713002,2026-08-05T03:08:05Z,2026-08-05T03:08:05Z
greenhouse,8675670002,Duolingo,Senior Product Manager,Product Management,"Beijing, China",0,2026-08-04T13:18:27Z,2026-08-04T13:21:41Z,https://careers.duolingo.com/jobs/8675670002?gh_jid=8675670002,2026-08-05T03:08:05Z,2026-08-05T03:08:05Z
greenhouse,8530395002,Duolingo,"Senior Product Manager, DET",Product Management,"Pittsburgh, PA",0,2026-04-29T19:48:41Z,2026-07-23T13:04:47Z,https://careers.duolingo.com/jobs/8530395002?gh_jid=8530395002,2026-08-05T03:08:05Z,2026-08-05T03:08:05Z
greenhouse,8474673002,Duolingo,"Senior Product Manager, Monetization",Product Management,"New York, NY",0,2026-03-23T15:18:13Z,2026-07-23T13:04:47Z,https://careers.duolingo.com/jobs/8474673002?gh_jid=8474673002,2026-08-05T03:08:05Z,2026-08-05T03:08:05Z
greenhouse,8612080002,Duolingo,Software Engineer I,Software Engineering,"Beijing, China",0,2026-06-29T16:08:02Z,2026-07-23T13:04:47Z,https://careers.duolingo.com/jobs/8612080002?gh_jid=8612080002,2026-08-05T03:08:05Z,2026-08-05T03:08:05Z
greenhouse,8612120002,Duolingo,Software Engineer II,Software Engineering,"Beijing, China",0,2026-06-29T16:25:20Z,2026-07-23T13:04:47Z,https://careers.duolingo.com/jobs/8612120002?gh_jid=8612120002,2026-08-05T03:08:05Z,2026-08-05T03:08:05Z
greenhouse,8628670002,Duolingo,"Software Engineer II, Android",Software Engineering,"New York, NY",0,2026-07-10T17:53:29Z,2026-07-23T13:04:47Z,https://careers.duolingo.com/jobs/8628670002?gh_jid=8628670002,2026-08-05T03:08:05Z,2026-08-05T03:08:05Z
greenhouse,8628658002,Duolingo,"Software Engineer II, Android",Software Engineering,"Pittsburgh, PA",0,2026-07-10T17:53:28Z,2026-07-23T13:04:47Z,https://careers.duolingo.com/jobs/8628658002?gh_jid=8628658002,2026-08-05T03:08:05Z,2026-08-05T03:08:05Z
greenhouse,8573696002,Duolingo,Staff Accountant,Accounting,"Pittsburgh, PA",0,2026-06-04T00:00:59Z,2026-07-23T13:04:47Z,https://careers.duolingo.com/jobs/8573696002?gh_jid=8573696002,2026-08-05T03:08:05Z,2026-08-05T03:08:05Z
greenhouse,8610345002,Duolingo,Staff AI Research Engineer ,AI + Machine Learning Engineering,"Pittsburgh, PA",0,2026-06-26T15:41:38Z,2026-07-23T13:04:47Z,https://careers.duolingo.com/jobs/8610345002?gh_jid=8610345002,2026-08-05T03:08:05Z,2026-08-05T03:08:05Z
greenhouse,8610353002,Duolingo,Staff AI Research Engineer ,AI + Machine Learning Engineering,"New York, NY",0,2026-06-26T15:41:43Z,2026-07-23T13:04:47Z,https://careers.duolingo.com/jobs/8610353002?gh_jid=8610353002,2026-08-05T03:08:05Z,2026-08-05T03:08:05Z
greenhouse,8200010002,Duolingo,Staff Product Designer,Product Design,"New York, NY",0,2025-10-07T00:17:41Z,2026-08-04T16:12:50Z,https://careers.duolingo.com/jobs/8200010002?gh_jid=8200010002,2026-08-05T03:08:05Z,2026-08-05T03:08:05Z
greenhouse,8200009002,Duolingo,Staff Product Designer,Product Design,"Pittsburgh, PA",0,2025-10-07T00:17:41Z,2026-08-04T16:12:50Z,https://careers.duolingo.com/jobs/8200009002?gh_jid=8200009002,2026-08-05T03:08:05Z,2026-08-05T03:08:05Z
greenhouse,8590229002,Duolingo,Staff Program Manager Brand Campaigns,Marketing and Communications,"New York, NY",0,2026-06-12T19:13:33Z,2026-07-23T13:04:47Z,https://careers.duolingo.com/jobs/8590229002?gh_jid=8590229002,2026-08-05T03:08:05Z,2026-08-05T03:08:05Z
greenhouse,8590215002,Duolingo,Staff Program Manager Brand Campaigns,Marketing and Communications,"Pittsburgh, PA",0,2026-06-12T19:13:32Z,2026-07-23T13:04:47Z,https://careers.duolingo.com/jobs/8590215002?gh_jid=8590215002,2026-08-05T03:08:05Z,2026-08-05T03:08:05Z
greenhouse,8638482002,Duolingo,Staff Technical Program Manager,Software Engineering,"Seattle, WA",0,2026-07-17T15:19:28Z,2026-07-23T13:04:47Z,https://careers.duolingo.com/jobs/8638482002?gh_jid=8638482002,2026-08-05T03:08:05Z,2026-08-05T03:08:05Z
greenhouse,8658654002,Duolingo,Talent Attraction Partner,Talent Acquisition,"Pittsburgh, PA",0,2026-07-30T15:24:29Z,2026-07-30T15:24:29Z,https://careers.duolingo.com/jobs/8658654002?gh_jid=8658654002,2026-08-05T03:08:05Z,2026-08-05T03:08:05Z
greenhouse,8658615002,Duolingo,Talent Attraction Partner,Talent Acquisition,"Pittsburgh, PA  New York, NY",0,2026-07-30T15:09:32Z,2026-08-04T19:18:43Z,https://careers.duolingo.com/jobs/8658615002?gh_jid=8658615002,2026-08-05T03:08:05Z,2026-08-05T03:08:05Z
greenhouse,8658659002,Duolingo,Talent Attraction Partner,Talent Acquisition,"New York, NY",0,2026-07-30T15:24:30Z,2026-07-30T15:24:30Z,https://careers.duolingo.com/jobs/8658659002?gh_jid=8658659002,2026-08-05T03:08:05Z,2026-08-05T03:08:05Z
greenhouse,8492085002,Duolingo,VP of Finance,Financial Planning & Analysis,"New York, NY",0,2026-04-02T16:16:32Z,2026-07-23T13:04:47Z,https://careers.duolingo.com/jobs/8492085002?gh_jid=8492085002,2026-08-05T03:08:05Z,2026-08-05T03:08:05Z
greenhouse,8562297002,Duolingo,VP of Strategy and Corporate Development,Strategy + Business Operations,"Pittsburgh, PA",0,2026-05-22T15:52:30Z,2026-07-23T13:04:47Z,https://careers.duolingo.com/jobs/8562297002?gh_jid=8562297002,2026-08-05T03:08:05Z,2026-08-05T03:08:05Z
greenhouse,8562334002,Duolingo,VP of Strategy and Corporate Development,Strategy + Business Operations,"New York, NY",0,2026-05-22T15:52:32Z,2026-07-23T13:04:47Z,https://careers.duolingo.com/jobs/8562334002?gh_jid=8562334002,2026-08-05T03:08:05Z,2026-08-05T03:08:05Z
greenhouse,5364702004,Figma,"Account Executive, Emerging Enterprise (Berlin, Germany)",Sales,"Berlin, Germany",0,2024-11-01T10:05:10Z,2026-07-22T09:37:08Z,https://boards.greenhouse.io/figma/jobs/5364702004?gh_jid=5364702004,2026-08-05T03:08:05Z,2026-08-05T03:08:05Z
greenhouse,5426468004,Figma,"Account Executive, Enterprise",Sales,"San Francisco, CA • New York, NY • United States",0,2025-01-28T23:57:29Z,2026-07-22T09:37:08Z,https://boards.greenhouse.io/figma/jobs/5426468004?gh_jid=5426468004,2026-08-05T03:08:05Z,2026-08-05T03:08:05Z
greenhouse,5579204004,Figma,"Account Executive, Enterprise (Bengaluru, India)",Sales,"Bengaluru, India",0,2025-07-22T03:53:16Z,2026-07-22T09:37:08Z,https://boards.greenhouse.io/figma/jobs/5579204004?gh_jid=5579204004,2026-08-05T03:08:05Z,2026-08-05T03:08:05Z
greenhouse,5783812004,Figma,"Account Executive, Enterprise (Berlin, Germany)",Sales,"Berlin, Germany",0,2026-02-03T12:13:56Z,2026-07-22T09:37:08Z,https://boards.greenhouse.io/figma/jobs/5783812004?gh_jid=5783812004,2026-08-05T03:08:05Z,2026-08-05T03:08:05Z
greenhouse,5428656004,Figma,"Account Executive, Enterprise (Paris, France) ",Sales,"Paris, France",0,2025-01-28T13:48:46Z,2026-07-22T09:37:08Z,https://boards.greenhouse.io/figma/jobs/5428656004?gh_jid=5428656004,2026-08-05T03:08:05Z,2026-08-05T03:08:05Z
greenhouse,5753209004,Figma,"Account Executive, Enterprise (Singapore)",Sales,Singapore,0,2026-01-13T06:12:25Z,2026-07-22T09:37:08Z,https://boards.greenhouse.io/figma/jobs/5753209004?gh_jid=5753209004,2026-08-05T03:08:05Z,2026-08-05T03:08:05Z
greenhouse,5803515004,Figma,"Account Executive, Enterprise (Sydney or Melbourne, Australia)",Sales,"Sydney, Australia • Melbourne, Australia",0,2026-02-18T02:22:34Z,2026-07-22T09:37:08Z,https://boards.greenhouse.io/figma/jobs/5803515004?gh_jid=5803515004,2026-08-05T03:08:05Z,2026-08-05T03:08:05Z
greenhouse,5806875004,Figma,"Account Executive, Enterprise (Tokyo, Japan) ",Sales,"Tokyo, Japan",0,2026-02-20T05:56:33Z,2026-07-22T09:37:08Z,https://boards.greenhouse.io/figma/jobs/5806875004?gh_jid=5806875004,2026-08-05T03:08:05Z,2026-08-05T03:08:05Z
greenhouse,5422236004,Figma,"Account Executive, Mid-Market",Sales,"San Francisco, CA • New York, NY • United States",0,2025-01-22T14:27:24Z,2026-07-22T09:37:08Z,https://boards.greenhouse.io/figma/jobs/5422236004?gh_jid=5422236004,2026-08-05T03:08:05Z,2026-08-05T03:08:05Z
greenhouse,5415515004,Figma,"Account Executive, Mid-Market (London, United Kingdom)",Sales,"London, England",0,2025-01-13T12:43:20Z,2026-07-22T09:37:08Z,https://boards.greenhouse.io/figma/jobs/5415515004?gh_jid=5415515004,2026-08-05T03:08:05Z,2026-08-05T03:08:05Z
greenhouse,5844225004,Figma,"Account Executive, Mid-Market (Paris, France)",Sales,"Paris, France",0,2026-04-09T16:16:08Z,2026-07-22T09:37:08Z,https://boards.greenhouse.io/figma/jobs/5844225004?gh_jid=5844225004,2026-08-05T03:08:05Z,2026-08-05T03:08:05Z
greenhouse,6117206004,Figma,"Account Executive, Mid-Market (Sydney, Australia)",Sales,"Sydney, Australia",0,2026-07-19T21:47:57Z,2026-07-22T09:37:08Z,https://boards.greenhouse.io/figma/jobs/6117206004?gh_jid=6117206004,2026-08-05T03:08:05Z,2026-08-05T03:08:05Z
greenhouse,5694259004,Figma,"Account Executive, SMB ",Sales,"San Francisco, CA • New York, NY",0,2025-11-01T22:28:07Z,2026-07-22T09:37:08Z,https://boards.greenhouse.io/figma/jobs/5694259004?gh_jid=5694259004,2026-08-05T03:08:05Z,2026-08-05T03:08:05Z
greenhouse,5985397004,Figma,"Account Executive, SMB (Berlin, Germany)",Sales,"Berlin, Germany",0,2026-04-30T15:58:02Z,2026-07-22T09:37:08Z,https://boards.greenhouse.io/figma/jobs/5985397004?gh_jid=5985397004,2026-08-05T03:08:05Z,2026-08-05T03:08:05Z
greenhouse,5647851004,Figma,"Account Executive, SMB (London, United Kingdom)",Sales,"London, England",0,2025-10-02T16:53:25Z,2026-07-28T08:29:46Z,https://boards.greenhouse.io/figma/jobs/5647851004?gh_jid=5647851004,2026-08-05T03:08:05Z,2026-08-05T03:08:05Z
greenhouse,5675771004,Figma,"Account Executive, SMB (Paris, France)",Sales,"Paris, France",0,2025-10-14T05:55:15Z,2026-07-22T09:37:08Z,https://boards.greenhouse.io/figma/jobs/5675771004?gh_jid=5675771004,2026-08-05T03:08:05Z,2026-08-05T03:08:05Z
greenhouse,5729844004,Figma,"Account Executive, SMB (Tokyo, Japan) ",Sales,"Tokyo, Japan",0,2025-12-09T03:44:45Z,2026-07-22T09:37:08Z,https://boards.greenhouse.io/figma/jobs/5729844004?gh_jid=5729844004,2026-08-05T03:08:05Z,2026-08-05T03:08:05Z
greenhouse,5558737004,Figma,"Account Executive, Strategic",Sales,"San Francisco, CA • New York, NY • United States",0,2025-06-17T00:54:46Z,2026-07-22T09:37:08Z,https://boards.greenhouse.io/figma/jobs/5558737004?gh_jid=5558737004,2026-08-05T03:08:05Z,2026-08-05T03:08:05Z
greenhouse,5565921004,Figma,"Account Executive, Strategic (Paris, France) ",Sales,"Paris, France",0,2025-06-17T09:53:27Z,2026-07-22T09:37:08Z,https://boards.greenhouse.io/figma/jobs/5565921004?gh_jid=5565921004,2026-08-05T03:08:05Z,2026-08-05T03:08:05Z
greenhouse,5756182004,Figma,"Account Executive, Strategic (Tokyo, Japan)",Sales,"Tokyo, Japan",0,2026-01-13T00:00:53Z,2026-07-22T09:37:08Z,https://boards.greenhouse.io/figma/jobs/5756182004?gh_jid=5756182004,2026-08-05T03:08:05Z,2026-08-05T03:08:05Z
greenhouse,5707966004,Figma,AI Applied Scientist,Engineering,"San Francisco, CA • New York, NY • United States",0,2025-12-17T18:52:04Z,2026-07-22T09:37:08Z,https://boards.greenhouse.io/figma/jobs/5707966004?gh_jid=5707966004,2026-08-05T03:08:05Z,2026-08-05T03:08:05Z
greenhouse,5633324004,Figma,Associate Solutions Consultant,Sales,"San Francisco, CA • New York, NY",0,2025-08-28T19:54:53Z,2026-07-22T09:37:08Z,https://boards.greenhouse.io/figma/jobs/5633324004?gh_jid=5633324004,2026-08-05T03:08:05Z,2026-08-05T03:08:05Z
greenhouse,6119180004,Figma,Business Operations,Business Operations,"San Francisco, CA • New York, NY • United States",0,2026-07-29T17:26:26Z,2026-08-04T18:07:04Z,https://boards.greenhouse.io/figma/jobs/6119180004?gh_jid=6119180004,2026-08-05T03:08:05Z,2026-08-05T03:08:05Z
greenhouse,5832782004,Figma,"Business Recruiter (São Paulo, Brazil)",Talent,"São Paulo, Brazil",0,2026-03-24T18:31:00Z,2026-07-22T09:37:08Z,https://boards.greenhouse.io/figma/jobs/5832782004?gh_jid=5832782004,2026-08-05T03:08:05Z,2026-08-05T03:08:05Z
greenhouse,6123890004,Figma,"Community Support Specialist (Tokyo, Japan)",Customer Operations and Support,"Tokyo, Japan",0,2026-07-28T08:17:30Z,2026-07-28T08:17:30Z,https://boards.greenhouse.io/figma/jobs/6123890004?gh_jid=6123890004,2026-08-05T03:08:05Z,2026-08-05T03:08:05Z
greenhouse,6014642004,Figma,Compensation Partner (Engineering),People,"San Francisco, CA • New York, NY • United States",0,2026-06-08T15:54:08Z,2026-07-22T09:37:08Z,https://boards.greenhouse.io/figma/jobs/6014642004?gh_jid=6014642004,2026-08-05T03:08:05Z,2026-08-05T03:08:05Z
greenhouse,6018708004,Figma,Corporate Counsel,Legal,"San Francisco, CA • New York, NY • United States",0,2026-06-10T20:33:54Z,2026-07-22T09:37:08Z,https://boards.greenhouse.io/figma/jobs/6018708004?gh_jid=6018708004,2026-08-05T03:08:05Z,2026-08-05T03:08:05Z
greenhouse,5817899004,Figma,Customer Enablement Manager,Sales,"San Francisco, CA • New York, NY • United States",0,2026-03-04T15:06:15Z,2026-07-22T09:37:08Z,https://boards.greenhouse.io/figma/jobs/5817899004?gh_jid=5817899004,2026-08-05T03:08:05Z,2026-08-05T03:08:05Z
greenhouse,6133181004,Figma,"Customer Enablement Manager (Berlin, Germany)",Sales,"Berlin, Germany",0,2026-08-04T07:53:26Z,2026-08-04T17:14:37Z,https://boards.greenhouse.io/figma/jobs/6133181004?gh_jid=6133181004,2026-08-05T03:08:05Z,2026-08-05T03:08:05Z
greenhouse,5765928004,Figma,"Customer Enablement Manager - Figma Weave (New York, United States)",Weavy - Figma Weave,"New York, NY",0,2026-01-18T22:22:32Z,2026-07-22T09:37:08Z,https://boards.greenhouse.io/figma/jobs/5765928004?gh_jid=5765928004,2026-08-05T03:08:05Z,2026-08-05T03:08:05Z
greenhouse,6102903004,Figma,"Customer Enablement Manager - French Speaker (London, United Kingdom)",Sales,"London, England",0,2026-06-29T15:20:16Z,2026-07-30T12:04:08Z,https://boards.greenhouse.io/figma/jobs/6102903004?gh_jid=6102903004,2026-08-05T03:08:05Z,2026-08-05T03:08:05Z
greenhouse,6130557004,Figma,"Customer Enablement Manager (London, United Kingdom)",Sales,"London, England",0,2026-07-30T17:55:47Z,2026-07-30T17:55:47Z,https://boards.greenhouse.io/figma/jobs/6130557004?gh_jid=6130557004,2026-08-05T03:08:05Z,2026-08-05T03:08:05Z
greenhouse,5976498004,Figma,"Customer Enablement Manager (Paris, France)   ",Sales,"Paris, France",0,2026-04-21T09:32:12Z,2026-07-29T11:42:25Z,https://boards.greenhouse.io/figma/jobs/5976498004?gh_jid=5976498004,2026-08-05T03:08:05Z,2026-08-05T03:08:05Z
greenhouse,6099277004,Figma,"Customer Enablement Manager (Tokyo, Japan)",Sales,"Tokyo, Japan",0,2026-06-24T21:34:52Z,2026-07-22T09:37:08Z,https://boards.greenhouse.io/figma/jobs/6099277004?gh_jid=6099277004,2026-08-05T03:08:05Z,2026-08-05T03:08:05Z
greenhouse,6104028004,Figma,"Customer Success Manager (São Paulo, Brazil)",Sales,"São Paulo, Brazil",0,2026-07-06T17:15:29Z,2026-07-22T09:37:08Z,https://boards.greenhouse.io/figma/jobs/6104028004?gh_jid=6104028004,2026-08-05T03:08:05Z,2026-08-05T03:08:05Z
greenhouse,5220003004,Figma,Data Engineer,Engineering,"San Francisco, CA • New York, NY • United States",0,2024-07-08T16:15:29Z,2026-07-22T09:37:08Z,https://boards.greenhouse.io/figma/jobs/5220003004?gh_jid=5220003004,2026-08-05T03:08:05Z,2026-08-05T03:08:05Z
greenhouse,5976930004,Figma,"Data Scientist, Core Data -  PhD (2026)",Early Career,"San Francisco, CA • New York, NY",0,2026-04-23T02:44:22Z,2026-07-22T09:37:08Z,https://boards.greenhouse.io/figma/jobs/5976930004?gh_jid=5976930004,2026-08-05T03:08:05Z,2026-08-05T03:08:05Z
greenhouse,6013304004,Figma,"Data Scientist, Finance",Engineering,"San Francisco, CA • New York, NY • United States",0,2026-06-12T19:20:07Z,2026-07-22T09:37:08Z,https://boards.greenhouse.io/figma/jobs/6013304004?gh_jid=6013304004,2026-08-05T03:08:05Z,2026-08-05T03:08:05Z
greenhouse,6014530004,Figma,Designer Advocate,Marketing,"San Francisco, CA",0,2026-06-05T14:18:41Z,2026-07-22T09:37:08Z,https://boards.greenhouse.io/figma/jobs/6014530004?gh_jid=6014530004,2026-08-05T03:08:05Z,2026-08-05T03:08:05Z
greenhouse,5692764004,Figma,"Designer Advocate - Figma Weave (New York, United States)",Weavy - Figma Weave,"New York, NY",0,2025-10-30T14:05:53Z,2026-07-22T09:37:08Z,https://boards.greenhouse.io/figma/jobs/5692764004?gh_jid=5692764004,2026-08-05T03:08:05Z,2026-08-05T03:08:05Z
greenhouse,6122399004,Figma,"Designer Advocate (London, United Kingdom)",Marketing,"London, England",0,2026-07-23T14:50:39Z,2026-07-23T14:50:39Z,https://boards.greenhouse.io/figma/jobs/6122399004?gh_jid=6122399004,2026-08-05T03:08:05Z,2026-08-05T03:08:05Z
greenhouse,6114301004,Figma,"Designer Advocate, Partnerships",Marketing,"San Francisco, CA",0,2026-07-13T20:44:56Z,2026-07-22T09:37:08Z,https://boards.greenhouse.io/figma/jobs/6114301004?gh_jid=6114301004,2026-08-05T03:08:05Z,2026-08-05T03:08:05Z
greenhouse,6022151004,Figma,"Designer Advocate (São Paulo, Brazil)",Marketing,"São Paulo, Brazil",0,2026-06-23T19:49:23Z,2026-07-22T09:37:08Z,https://boards.greenhouse.io/figma/jobs/6022151004?gh_jid=6022151004,2026-08-05T03:08:05Z,2026-08-05T03:08:05Z
greenhouse,5969647004,Figma,"Developer Advocate (Tokyo, Japan)",Marketing,"Tokyo, Japan",0,2026-04-15T18:48:50Z,2026-07-22T09:37:08Z,https://boards.greenhouse.io/figma/jobs/5969647004?gh_jid=5969647004,2026-08-05T03:08:05Z,2026-08-05T03:08:05Z
greenhouse,6092343004,Figma,"Director, Business Operations",Business Operations,"San Francisco, CA • New York, NY • United States",0,2026-06-18T20:59:01Z,2026-07-22T09:37:08Z,https://boards.greenhouse.io/figma/jobs/6092343004?gh_jid=6092343004,2026-08-05T03:08:05Z,2026-08-05T03:08:05Z
greenhouse,6019394004,Figma,"Director, Business Systems",Business Operations,"San Francisco, CA • New York, NY • United States",0,2026-06-11T16:26:45Z,2026-07-22T09:37:08Z,https://boards.greenhouse.io/figma/jobs/6019394004?gh_jid=6019394004,2026-08-05T03:08:05Z,2026-08-05T03:08:05Z
greenhouse,5841222004,Figma,"Director, Communications ",Marketing,"San Francisco, CA • New York, NY",0,2026-03-31T21:20:34Z,2026-07-22T09:37:08Z,https://boards.greenhouse.io/figma/jobs/5841222004?gh_jid=5841222004,2026-08-05T03:08:05Z,2026-08-05T03:08:05Z
greenhouse,6130865004,Figma,"Director, Data Science",Engineering,"San Francisco, CA • New York, NY • United States",0,2026-07-31T19:25:07Z,2026-07-31T19:25:07Z,https://boards.greenhouse.io/figma/jobs/6130865004?gh_jid=6130865004,2026-08-05T03:08:05Z,2026-08-05T03:08:05Z
greenhouse,5996614004,Figma,"Director, Enterprise Sales",Sales,"San Francisco, CA • United States",0,2026-05-15T22:23:15Z,2026-07-22T09:37:08Z,https://boards.greenhouse.io/figma/jobs/5996614004?gh_jid=5996614004,2026-08-05T03:08:05Z,2026-08-05T03:08:05Z
greenhouse,6130524004,Figma,"Director, Enterprise Sales (London, United Kingdom)",Sales,"London, England",0,2026-07-30T15:34:52Z,2026-07-30T15:34:52Z,https://boards.greenhouse.io/figma/jobs/6130524004?gh_jid=6130524004,2026-08-05T03:08:05Z,2026-08-05T03:08:05Z
greenhouse,5728495004,Figma,"Director, Federal Sales",Sales,"San Francisco, CA • New York, NY • United States",0,2025-12-10T19:21:16Z,2026-07-22T09:37:08Z,https://boards.greenhouse.io/figma/jobs/5728495004?gh_jid=5728495004,2026-08-05T03:08:05Z,2026-08-05T03:08:05Z
greenhouse,5850497004,Figma,"Director, IT",Business Operations,"San Francisco, CA • New York, NY • United States",0,2026-04-08T22:56:15Z,2026-07-22T09:37:08Z,https://boards.greenhouse.io/figma/jobs/5850497004?gh_jid=5850497004,2026-08-05T03:08:05Z,2026-08-05T03:08:05Z
greenhouse,6018024004,Figma,"Director, Mid-Market Sales",Sales,"New York, NY; San Francisco, CA • New York, NY • United States",0,2026-06-11T20:54:39Z,2026-07-22T09:37:08Z,https://boards.greenhouse.io/figma/jobs/6018024004?gh_jid=6018024004,2026-08-05T03:08:05Z,2026-08-05T03:08:05Z
greenhouse,6002024004,Figma,"Director, Product - Enterprise ",Product,"San Francisco, CA • New York, NY • United States",0,2026-05-26T16:04:46Z,2026-07-22T09:37:08Z,https://boards.greenhouse.io/figma/jobs/6002024004?gh_jid=6002024004,2026-08-05T03:08:05Z,2026-08-05T03:08:05Z
greenhouse,6112112004,Figma,"Director, Research - AI Evals",Design,"San Francisco, CA • New York, NY • United States",0,2026-07-13T16:16:39Z,2026-07-22T09:37:08Z,https://boards.greenhouse.io/figma/jobs/6112112004?gh_jid=6112112004,2026-08-05T03:08:05Z,2026-08-05T03:08:05Z
greenhouse,5820284004,Figma,"Director, Solutions Consulting",Sales,"San Francisco, CA • New York, NY • United States",0,2026-03-12T22:53:29Z,2026-07-22T09:37:08Z,https://boards.greenhouse.io/figma/jobs/5820284004?gh_jid=5820284004,2026-08-05T03:08:05Z,2026-08-05T03:08:05Z
greenhouse,5835172004,Figma,"Director, Technical Revenue Accounting",Business Operations,"San Francisco, CA • New York, NY • United States",0,2026-03-26T01:44:20Z,2026-07-22T09:37:08Z,https://boards.greenhouse.io/figma/jobs/5835172004?gh_jid=5835172004,2026-08-05T03:08:05Z,2026-08-05T03:08:05Z
greenhouse,5813967004,Figma,Distribution Partner Manager,Business Development,"San Francisco, CA • New York, NY • United States",0,2026-02-28T00:00:43Z,2026-07-22T09:37:08Z,https://boards.greenhouse.io/figma/jobs/5813967004?gh_jid=5813967004,2026-08-05T03:08:05Z,2026-08-05T03:08:05Z
greenhouse,6100732004,Figma,"Employment Counsel (London, United Kingdom) ",Legal,"London, England",0,2026-06-25T20:49:34Z,2026-07-22T09:37:08Z,https://boards.greenhouse.io/figma/jobs/6100732004?gh_jid=6100732004,2026-08-05T03:08:05Z,2026-08-05T03:08:05Z
greenhouse,5615966004,Figma,"Enterprise Solutions Consultant (Bengaluru, India)",Sales,"Bengaluru, India",0,2025-08-12T13:15:50Z,2026-07-22T09:37:08Z,https://boards.greenhouse.io/figma/jobs/5615966004?gh_jid=5615966004,2026-08-05T03:08:05Z,2026-08-05T03:08:05Z
greenhouse,6105678004,Figma,"Enterprise Support Specialist, Korean Speaking (London, United Kingdom)",Customer Operations and Support,"London, England",0,2026-07-15T09:30:30Z,2026-07-22T09:37:08Z,https://boards.greenhouse.io/figma/jobs/6105678004?gh_jid=6105678004,2026-08-05T03:08:05Z,2026-08-05T03:08:05Z
greenhouse,6010954004,Figma,"Enterprise Support Specialist, Korean Speaking (Singapore)",Customer Operations and Support,Singapore,0,2026-06-03T03:04:14Z,2026-07-22T09:37:08Z,https://boards.greenhouse.io/figma/jobs/6010954004?gh_jid=6010954004,2026-08-05T03:08:05Z,2026-08-05T03:08:05Z
greenhouse,6116486004,Figma,"Enterprise Support Specialist (London, United Kingdom)",Customer Operations and Support,"London, England",0,2026-07-17T10:20:04Z,2026-07-22T09:37:08Z,https://boards.greenhouse.io/figma/jobs/6116486004?gh_jid=6116486004,2026-08-05T03:08:05Z,2026-08-05T03:08:05Z
greenhouse,6126728004,Figma,"Events Manager - Figma Weave (New York, United States)",Weavy - Figma Weave,"New York, NY",0,2026-07-26T21:29:05Z,2026-07-26T21:29:05Z,https://boards.greenhouse.io/figma/jobs/6126728004?gh_jid=6126728004,2026-08-05T03:08:05Z,2026-08-05T03:08:05Z
greenhouse,6132356004,Figma,"Executive Assistant, Chief People Officer",People,"San Francisco, CA",0,2026-08-03T17:37:18Z,2026-08-03T17:37:18Z,https://boards.greenhouse.io/figma/jobs/6132356004?gh_jid=6132356004,2026-08-05T03:08:05Z,2026-08-05T03:08:05Z
greenhouse,6115082004,Figma,"Executive Assistant, Design ",Design,"San Francisco, CA • New York, NY • United States",0,2026-07-15T22:44:03Z,2026-07-22T09:37:08Z,https://boards.greenhouse.io/figma/jobs/6115082004?gh_jid=6115082004,2026-08-05T03:08:05Z,2026-08-05T03:08:05Z
greenhouse,5969046004,Figma,"Executive Assistant, People",People,"San Francisco, CA",0,2026-04-15T15:50:10Z,2026-08-03T23:12:20Z,https://boards.greenhouse.io/figma/jobs/5969046004?gh_jid=5969046004,2026-08-05T03:08:05Z,2026-08-05T03:08:05Z
greenhouse,6007619004,Figma,Field Enablement Manager,Sales,"San Francisco, CA • New York, NY • United States",0,2026-05-29T16:21:03Z,2026-07-30T20:21:38Z,https://boards.greenhouse.io/figma/jobs/6007619004?gh_jid=6007619004,2026-08-05T03:08:05Z,2026-08-05T03:08:05Z
greenhouse,6110219004,Figma,Forward Deployed Engineer ,Sales,"San Francisco, CA • New York, NY • United States",0,2026-07-14T18:33:47Z,2026-07-22T09:37:08Z,https://boards.greenhouse.io/figma/jobs/6110219004?gh_jid=6110219004,2026-08-05T03:08:05Z,2026-08-05T03:08:05Z
greenhouse,6015630004,Figma,Governance Risk and Compliance,Business Operations,"San Francisco, CA • New York, NY • United States",0,2026-06-05T23:55:55Z,2026-07-22T09:37:08Z,https://boards.greenhouse.io/figma/jobs/6015630004?gh_jid=6015630004,2026-08-05T03:08:05Z,2026-08-05T03:08:05Z
greenhouse,5810842004,Figma,"Head of Marketing, LATAM (São Paulo, Brazil)",Marketing,"São Paulo, Brazil",0,2026-03-02T16:55:51Z,2026-07-22T09:37:08Z,https://boards.greenhouse.io/figma/jobs/5810842004?gh_jid=5810842004,2026-08-05T03:08:05Z,2026-08-05T03:08:05Z
greenhouse,6122269004,Figma,"Inside Sales Representative - French/German Speaker (London, United Kingdom) ",Sales,"London, England",0,2026-07-22T16:04:38Z,2026-07-27T12:17:06Z,https://boards.greenhouse.io/figma/jobs/6122269004?gh_jid=6122269004,2026-08-05T03:08:05Z,2026-08-05T03:08:05Z
greenhouse,5983820004,Figma,"Manager, Data Science - AI Product",Engineering,"San Francisco, CA • New York, NY • United States",0,2026-04-30T19:33:08Z,2026-07-22T09:37:08Z,https://boards.greenhouse.io/figma/jobs/5983820004?gh_jid=5983820004,2026-08-05T03:08:05Z,2026-08-05T03:08:05Z
greenhouse,6118332004,Figma,"Manager, Distribution Partnerships",Business Development,"San Francisco, CA • New York, NY • United States",0,2026-07-20T15:21:43Z,2026-07-22T09:37:08Z,https://boards.greenhouse.io/figma/jobs/6118332004?gh_jid=6118332004,2026-08-05T03:08:05Z,2026-08-05T03:08:05Z
greenhouse,5996930004,Figma,"Manager, Enterprise Sales",Sales,"San Francisco, CA • New York, NY • United States",0,2026-05-20T01:44:07Z,2026-07-22T09:37:08Z,https://boards.greenhouse.io/figma/jobs/5996930004?gh_jid=5996930004,2026-08-05T03:08:05Z,2026-08-05T03:08:05Z
greenhouse,6104574004,Figma,"Manager, Enterprise Support (Singapore)",Customer Operations and Support,Singapore,0,2026-07-02T02:33:38Z,2026-07-22T09:37:08Z,https://boards.greenhouse.io/figma/jobs/6104574004?gh_jid=6104574004,2026-08-05T03:08:05Z,2026-08-05T03:08:05Z
greenhouse,6004606004,Figma,"Manager, Figma for Education (International)",Marketing,"San Francisco, CA • New York, NY • United States",0,2026-05-27T13:58:55Z,2026-07-22T09:37:08Z,https://boards.greenhouse.io/figma/jobs/6004606004?gh_jid=6004606004,2026-08-05T03:08:05Z,2026-08-05T03:08:05Z
greenhouse,6132269004,Figma,"Manager, HRIS",People,"San Francisco, CA • New York, NY • United States",0,2026-08-03T15:23:59Z,2026-08-04T16:58:17Z,https://boards.greenhouse.io/figma/jobs/6132269004?gh_jid=6132269004,2026-08-05T03:08:05Z,2026-08-05T03:08:05Z
greenhouse,6010992004,Figma,"Manager, Inside Sales (London, United Kingdom)",Sales,"London, England",0,2026-06-04T16:21:29Z,2026-07-22T09:37:08Z,https://boards.greenhouse.io/figma/jobs/6010992004?gh_jid=6010992004,2026-08-05T03:08:05Z,2026-08-05T03:08:05Z
greenhouse,6104563004,Figma,"Manager, IT Operations",Business Operations,"New York, NY",0,2026-07-01T21:53:13Z,2026-07-22T09:37:08Z,https://boards.greenhouse.io/figma/jobs/6104563004?gh_jid=6104563004,2026-08-05T03:08:05Z,2026-08-05T03:08:05Z
greenhouse,6110744004,Figma,"Manager, Mid-Market Sales (Berlin, Germany)",Sales,"Berlin, Germany",0,2026-07-20T16:36:59Z,2026-07-22T09:37:08Z,https://boards.greenhouse.io/figma/jobs/6110744004?gh_jid=6110744004,2026-08-05T03:08:05Z,2026-08-05T03:08:05Z
greenhouse,6104919004,Figma,"Manager, Product - Code",Product,"New York, NY • United States",0,2026-07-24T20:05:13Z,2026-07-24T20:05:13Z,https://boards.greenhouse.io/figma/jobs/6104919004?gh_jid=6104919004,2026-08-05T03:08:05Z,2026-08-05T03:08:05Z
greenhouse,5790585004,Figma,"Manager, Product Design",Design,"San Francisco, CA • New York, NY • United States",0,2026-02-04T16:41:24Z,2026-07-22T09:37:08Z,https://boards.greenhouse.io/figma/jobs/5790585004?gh_jid=5790585004,2026-08-05T03:08:05Z,2026-08-05T03:08:05Z
greenhouse,6015609004,Figma,"Manager, Security Operations",Business Operations,"San Francisco, CA • New York, NY • United States",0,2026-06-05T23:54:47Z,2026-07-22T09:37:08Z,https://boards.greenhouse.io/figma/jobs/6015609004?gh_jid=6015609004,2026-08-05T03:08:05Z,2026-08-05T03:08:05Z
greenhouse,5838098004,Figma,"Manager, Software Engineering - AI Product ",Engineering,"San Francisco, CA • New York, NY • United States",0,2026-03-31T15:20:09Z,2026-07-22T09:37:08Z,https://boards.greenhouse.io/figma/jobs/5838098004?gh_jid=5838098004,2026-08-05T03:08:05Z,2026-08-05T03:08:05Z
greenhouse,6099616004,Figma,"Manager, Software Engineering - AI Product (London, United Kingdom)",Engineering,"London, England",0,2026-06-25T15:08:52Z,2026-07-22T09:37:08Z,https://boards.greenhouse.io/figma/jobs/6099616004?gh_jid=6099616004,2026-08-05T03:08:05Z,2026-08-05T03:08:05Z
greenhouse,5722244004,Figma,"Manager, Software Engineering - Billing",Engineering,"San Francisco, CA • New York, NY • United States",0,2025-12-01T18:41:32Z,2026-07-22T09:37:08Z,https://boards.greenhouse.io/figma/jobs/5722244004?gh_jid=5722244004,2026-08-05T03:08:05Z,2026-08-05T03:08:05Z
greenhouse,6008752004,Figma,"Manager, Software Engineering - DevEx AI Tools",Engineering,"San Francisco, CA • New York, NY • United States",0,2026-06-03T20:01:07Z,2026-07-22T09:37:08Z,https://boards.greenhouse.io/figma/jobs/6008752004?gh_jid=6008752004,2026-08-05T03:08:05Z,2026-08-05T03:08:05Z
greenhouse,6105734004,Figma,"Manager, Software Engineering - Figma Weave (Tel Aviv, Israel)",Weavy - Figma Weave,"Tel Aviv, Israel",0,2026-07-02T17:40:31Z,2026-07-22T09:37:08Z,https://boards.greenhouse.io/figma/jobs/6105734004?gh_jid=6105734004,2026-08-05T03:08:05Z,2026-08-05T03:08:05Z
greenhouse,6010279004,Figma,"Manager, Software Engineering - Growth Platform ",Engineering,"San Francisco, CA • New York, NY • United States",0,2026-06-03T20:02:13Z,2026-07-22T09:37:08Z,https://boards.greenhouse.io/figma/jobs/6010279004?gh_jid=6010279004,2026-08-05T03:08:05Z,2026-08-05T03:08:05Z
greenhouse,5778796004,Figma,"Manager, Software Engineering - Interaction Design",Engineering,"San Francisco, CA • New York, NY • United States",0,2026-01-22T20:48:32Z,2026-07-22T09:37:08Z,https://boards.greenhouse.io/figma/jobs/5778796004?gh_jid=5778796004,2026-08-05T03:08:05Z,2026-08-05T03:08:05Z
greenhouse,5807963004,Figma,"Manager, Software Engineering - Observability",Engineering,"San Francisco, CA • New York, NY • United States",0,2026-02-27T21:31:36Z,2026-07-23T18:13:49Z,https://boards.greenhouse.io/figma/jobs/5807963004?gh_jid=5807963004,2026-08-05T03:08:05Z,2026-08-05T03:08:05Z
greenhouse,6092906004,Figma,"Manager, Software Engineering - Payload",Engineering,"San Francisco, CA • New York, NY • United States",0,2026-06-18T16:12:19Z,2026-07-22T09:37:08Z,https://boards.greenhouse.io/figma/jobs/6092906004?gh_jid=6092906004,2026-08-05T03:08:05Z,2026-08-05T03:08:05Z
greenhouse,6111591004,Figma,"Manager, Solutions Consultant (London, United Kingdom)",Sales,"London, England",0,2026-07-09T10:10:51Z,2026-07-22T09:37:08Z,https://boards.greenhouse.io/figma/jobs/6111591004?gh_jid=6111591004,2026-08-05T03:08:05Z,2026-08-05T03:08:05Z
greenhouse,5697641004,Figma,"Manager, Solutions Consulting",Sales,"San Francisco, CA • New York, NY • United States",0,2025-11-10T12:47:53Z,2026-07-22T09:37:08Z,https://boards.greenhouse.io/figma/jobs/5697641004?gh_jid=5697641004,2026-08-05T03:08:05Z,2026-08-05T03:08:05Z
greenhouse,5620034004,Figma,"Manager, Strategic Sales",Sales,"San Francisco, CA • New York, NY",0,2025-08-15T18:40:21Z,2026-07-22T09:37:08Z,https://boards.greenhouse.io/figma/jobs/5620034004?gh_jid=5620034004,2026-08-05T03:08:05Z,2026-08-05T03:08:05Z
greenhouse,6013495004,Figma,Marketing Engineer,Marketing,"San Francisco, CA • New York, NY • United States",0,2026-06-05T20:57:53Z,2026-07-22T09:37:08Z,https://boards.greenhouse.io/figma/jobs/6013495004?gh_jid=6013495004,2026-08-05T03:08:05Z,2026-08-05T03:08:05Z
greenhouse,6117563004,Figma,Motion Designer ,Customer Operations and Support,"San Francisco, CA • New York, NY • United States",0,2026-07-17T02:08:44Z,2026-07-22T21:09:11Z,https://boards.greenhouse.io/figma/jobs/6117563004?gh_jid=6117563004,2026-08-05T03:08:05Z,2026-08-05T03:08:05Z
greenhouse,6051050004,Figma,"Onboarding Manager, Customer Experience (Tokyo, Japan)",Sales,"Tokyo, Japan",0,2026-06-16T14:45:51Z,2026-07-22T09:37:08Z,https://boards.greenhouse.io/figma/jobs/6051050004?gh_jid=6051050004,2026-08-05T03:08:05Z,2026-08-05T03:08:05Z
greenhouse,6104568004,Figma,People Operations Coordinator,People,"San Francisco, CA",0,2026-07-01T16:27:55Z,2026-07-22T09:37:08Z,https://boards.greenhouse.io/figma/jobs/6104568004?gh_jid=6104568004,2026-08-05T03:08:05Z,2026-08-05T03:08:05Z
greenhouse,5978282004,Figma,"People Partner, Japan & APAC (Singapore)",People,Singapore,0,2026-04-24T03:47:56Z,2026-07-22T09:37:08Z,https://boards.greenhouse.io/figma/jobs/5978282004?gh_jid=5978282004,2026-08-05T03:08:05Z,2026-08-05T03:08:05Z
greenhouse,5711913004,Figma,"Product Designer, AI Models",Design,"San Francisco, CA • New York, NY • United States",0,2025-11-21T16:05:35Z,2026-07-22T09:37:08Z,https://boards.greenhouse.io/figma/jobs/5711913004?gh_jid=5711913004,2026-08-05T03:08:05Z,2026-08-05T03:08:05Z
greenhouse,6126976004,Figma,"Product Designer, CMS",Design,"San Francisco, CA • New York, NY • United States",0,2026-07-29T16:33:52Z,2026-08-03T18:29:30Z,https://boards.greenhouse.io/figma/jobs/6126976004?gh_jid=6126976004,2026-08-05T03:08:05Z,2026-08-05T03:08:05Z
greenhouse,5711468004,Figma,"Product Designer, Design, Dev, & AI Tools",Design,"San Francisco, CA • New York, NY • United States",0,2025-11-21T15:54:56Z,2026-07-22T09:37:08Z,https://boards.greenhouse.io/figma/jobs/5711468004?gh_jid=5711468004,2026-08-05T03:08:05Z,2026-08-05T03:08:05Z
greenhouse,5991320004,Figma,"Product Designer - Figma Weave (Tel Aviv, Israel)",Weavy - Figma Weave,"Tel Aviv, Israel",0,2026-05-12T09:16:37Z,2026-07-22T09:37:08Z,https://boards.greenhouse.io/figma/jobs/5991320004?gh_jid=5991320004,2026-08-05T03:08:05Z,2026-08-05T03:08:05Z
greenhouse,5711595004,Figma,"Product Designer, Growth & Monetization",Design,"San Francisco, CA • New York, NY • United States",0,2025-11-21T15:48:47Z,2026-07-22T09:37:08Z,https://boards.greenhouse.io/figma/jobs/5711595004?gh_jid=5711595004,2026-08-05T03:08:05Z,2026-08-05T03:08:05Z
greenhouse,6119781004,Figma,"Product Manager, Acquisition",Product,"San Francisco, CA • New York, NY • United States",0,2026-07-22T16:38:28Z,2026-07-22T16:38:28Z,https://boards.greenhouse.io/figma/jobs/6119781004?gh_jid=6119781004,2026-08-05T03:08:05Z,2026-08-05T03:08:05Z
greenhouse,5989185004,Figma,"Product Manager, AI Growth",Product,"San Francisco, CA • New York, NY • United States",0,2026-05-06T18:54:55Z,2026-07-22T09:37:08Z,https://boards.greenhouse.io/figma/jobs/5989185004?gh_jid=5989185004,2026-08-05T03:08:05Z,2026-08-05T03:08:05Z
greenhouse,5830640004,Figma,"Product Manager, AI Platform",Product,"San Francisco, CA • New York, NY • United States",0,2026-03-23T18:27:02Z,2026-07-22T09:37:08Z,https://boards.greenhouse.io/figma/jobs/5830640004?gh_jid=5830640004,2026-08-05T03:08:05Z,2026-08-05T03:08:05Z
greenhouse,6092802004,Figma,"Product Manager, CMS",Product,"San Francisco, CA • New York, NY • United States",0,2026-06-18T16:05:17Z,2026-07-22T09:37:08Z,https://boards.greenhouse.io/figma/jobs/6092802004?gh_jid=6092802004,2026-08-05T03:08:05Z,2026-08-05T03:08:05Z
greenhouse,6100482004,Figma,"Product Manager, Code",Product,"San Francisco, CA • New York, NY • United States",0,2026-07-10T21:48:31Z,2026-07-22T09:37:08Z,https://boards.greenhouse.io/figma/jobs/6100482004?gh_jid=6100482004,2026-08-05T03:08:05Z,2026-08-05T03:08:05Z
greenhouse,5505263004,Figma,"Product Manager, Design Tools",Product,"San Francisco, CA • New York, NY • United States",0,2025-04-22T16:46:26Z,2026-07-22T09:37:08Z,https://boards.greenhouse.io/figma/jobs/5505263004?gh_jid=5505263004,2026-08-05T03:08:05Z,2026-08-05T03:08:05Z
greenhouse,5991338004,Figma,"Product Manager - Figma Weave (Tel-Aviv, Israel)",Weavy - Figma Weave,"Tel Aviv, Israel",0,2026-07-17T10:55:51Z,2026-07-22T09:37:08Z,https://boards.greenhouse.io/figma/jobs/5991338004?gh_jid=5991338004,2026-08-05T03:08:05Z,2026-08-05T03:08:05Z
greenhouse,6009558004,Figma,"Product Marketing Manager, Audience and Messaging",Marketing,"San Francisco, CA • New York, NY • United States",0,2026-06-03T17:52:53Z,2026-07-22T09:37:08Z,https://boards.greenhouse.io/figma/jobs/6009558004?gh_jid=6009558004,2026-08-05T03:08:05Z,2026-08-05T03:08:05Z
greenhouse,6105673004,Figma,"Product Marketing Manager - Figma Weave (Tel Aviv, Israel) ",Weavy - Figma Weave,"Tel Aviv, Israel",0,2026-07-09T14:24:34Z,2026-07-22T09:37:08Z,https://boards.greenhouse.io/figma/jobs/6105673004?gh_jid=6105673004,2026-08-05T03:08:05Z,2026-08-05T03:08:05Z
greenhouse,5989134004,Figma,"Product Marketing Manager, Monetization",Marketing,"San Francisco, CA • New York, NY • United States",0,2026-05-06T22:00:55Z,2026-07-22T09:37:08Z,https://boards.greenhouse.io/figma/jobs/5989134004?gh_jid=5989134004,2026-08-05T03:08:05Z,2026-08-05T03:08:05Z
greenhouse,5822583004,Figma,Product Partner Manager ,Business Development,"San Francisco, CA • New York, NY • United States",0,2026-03-11T15:56:35Z,2026-07-22T09:37:08Z,https://boards.greenhouse.io/figma/jobs/5822583004?gh_jid=5822583004,2026-08-05T03:08:05Z,2026-08-05T03:08:05Z
greenhouse,6130540004,Figma,"Program Manager, Scale Onboarding (London, United Kingdom) ",Sales,"London, England",0,2026-08-04T20:52:51Z,2026-08-04T20:52:51Z,https://boards.greenhouse.io/figma/jobs/6130540004?gh_jid=6130540004,2026-08-05T03:08:05Z,2026-08-05T03:08:05Z
greenhouse,5993654004,Figma,"Recruiter (Bengaluru, India)",Talent,"Bengaluru, India",0,2026-07-22T02:28:38Z,2026-07-22T09:37:08Z,https://boards.greenhouse.io/figma/jobs/5993654004?gh_jid=5993654004,2026-08-05T03:08:05Z,2026-08-05T03:08:05Z
greenhouse,6014235004,Figma,"Recruiter (Berlin, Germany)",Talent,"Berlin, Germany",0,2026-06-05T10:03:13Z,2026-07-22T09:37:08Z,https://boards.greenhouse.io/figma/jobs/6014235004?gh_jid=6014235004,2026-08-05T03:08:05Z,2026-08-05T03:08:05Z
greenhouse,6019700004,Figma,"Recruiter (Paris, France)",Talent,"Paris, France",0,2026-06-15T12:54:49Z,2026-07-22T09:37:08Z,https://boards.greenhouse.io/figma/jobs/6019700004?gh_jid=6019700004,2026-08-05T03:08:05Z,2026-08-05T03:08:05Z
greenhouse,5651744004,Figma,"Researcher, Core Product Strategy",Design,"San Francisco, CA • New York, NY • United States",0,2025-09-17T19:52:00Z,2026-07-22T09:37:08Z,https://boards.greenhouse.io/figma/jobs/5651744004?gh_jid=5651744004,2026-08-05T03:08:05Z,2026-08-05T03:08:05Z
greenhouse,5998224004,Figma,"Sales Operations Manager, New Business",Sales,"San Francisco, CA • New York, NY • United States",0,2026-05-27T21:30:57Z,2026-07-22T09:37:08Z,https://boards.greenhouse.io/figma/jobs/5998224004?gh_jid=5998224004,2026-08-05T03:08:05Z,2026-08-05T03:08:05Z
greenhouse,6123146004,Figma,Sales Operations Manager (Singapore),Sales,Singapore,0,2026-07-24T17:49:49Z,2026-07-24T17:49:49Z,https://boards.greenhouse.io/figma/jobs/6123146004?gh_jid=6123146004,2026-08-05T03:08:05Z,2026-08-05T03:08:05Z
greenhouse,5829751004,Figma,Security Engineer,Engineering,"San Francisco, CA • New York, NY • United States",0,2026-03-16T21:53:45Z,2026-07-22T09:37:08Z,https://boards.greenhouse.io/figma/jobs/5829751004?gh_jid=5829751004,2026-08-05T03:08:05Z,2026-08-05T03:08:05Z
greenhouse,6119198004,Figma,Senior Accountant,Business Operations,"San Francisco, CA • New York, NY • United States",0,2026-07-22T03:18:04Z,2026-07-22T10:09:51Z,https://boards.greenhouse.io/figma/jobs/6119198004?gh_jid=6119198004,2026-08-05T03:08:05Z,2026-08-05T03:08:05Z
greenhouse,5565447004,Figma,"Senior Account Executive, SMB",Sales,"San Francisco, CA • New York, NY • United States",0,2025-06-13T21:45:06Z,2026-07-22T09:37:08Z,https://boards.greenhouse.io/figma/jobs/5565447004?gh_jid=5565447004,2026-08-05T03:08:05Z,2026-08-05T03:08:05Z
greenhouse,5988684004,Figma,"Senior Account Executive, UK Government (London, United Kingdom)",Sales,"London, England",0,2026-05-07T15:43:38Z,2026-07-22T09:37:08Z,https://boards.greenhouse.io/figma/jobs/5988684004?gh_jid=5988684004,2026-08-05T03:08:05Z,2026-08-05T03:08:05Z
greenhouse,6105538004,Figma,"Senior Analyst, SEC Reporting & Technical Accounting",Business Operations,"San Francisco, CA • New York, NY • United States",0,2026-07-08T18:21:34Z,2026-07-22T09:37:08Z,https://boards.greenhouse.io/figma/jobs/6105538004?gh_jid=6105538004,2026-08-05T03:08:05Z,2026-08-05T03:08:05Z
greenhouse,5995850004,Figma,Senior Credit & Collections Analyst,Business Operations,"San Francisco, CA • New York, NY • United States",0,2026-05-18T17:25:57Z,2026-07-22T09:37:08Z,https://boards.greenhouse.io/figma/jobs/5995850004?gh_jid=5995850004,2026-08-05T03:08:05Z,2026-08-05T03:08:05Z
greenhouse,6124232004,Figma,"Senior Manager, Enterprise Sales (London, United Kingdom)",Sales,"London, England",0,2026-07-24T11:16:26Z,2026-07-24T11:16:26Z,https://boards.greenhouse.io/figma/jobs/6124232004?gh_jid=6124232004,2026-08-05T03:08:05Z,2026-08-05T03:08:05Z
greenhouse,5753194004,Figma,"Senior Manager, Enterprise Sales (Tokyo, Japan)",Sales,"Tokyo, Japan",0,2026-01-09T17:17:19Z,2026-07-22T09:37:08Z,https://boards.greenhouse.io/figma/jobs/5753194004?gh_jid=5753194004,2026-08-05T03:08:05Z,2026-08-05T03:08:05Z
greenhouse,6013144004,Figma,"Senior Manager, Payroll Compliance & International Operations (Sydney, Australia)",Business Operations,"Sydney, Australia",0,2026-06-04T21:43:00Z,2026-07-22T09:37:08Z,https://boards.greenhouse.io/figma/jobs/6013144004?gh_jid=6013144004,2026-08-05T03:08:05Z,2026-08-05T03:08:05Z
greenhouse,6104505004,Figma,Senior Product Counsel,Legal,"San Francisco, CA • New York, NY • United States",0,2026-07-02T17:45:17Z,2026-07-22T09:37:08Z,https://boards.greenhouse.io/figma/jobs/6104505004?gh_jid=6104505004,2026-08-05T03:08:05Z,2026-08-05T03:08:05Z
greenhouse,6005428004,Figma,Senior Sales Enablement Manager (Singapore),Sales,Singapore,0,2026-05-28T01:20:26Z,2026-07-22T09:37:08Z,https://boards.greenhouse.io/figma/jobs/6005428004?gh_jid=6005428004,2026-08-05T03:08:05Z,2026-08-05T03:08:05Z
greenhouse,6003308004,Figma,"Senior Sales Enablement Manager (Tokyo, Japan) ",Sales,"Tokyo, Japan",0,2026-05-27T03:20:03Z,2026-07-22T09:37:08Z,https://boards.greenhouse.io/figma/jobs/6003308004?gh_jid=6003308004,2026-08-05T03:08:05Z,2026-08-05T03:08:05Z
greenhouse,6050054004,Figma,Senior Solutions Consultant (Singapore),Sales,Singapore,0,2026-06-16T14:46:02Z,2026-07-22T09:37:08Z,https://boards.greenhouse.io/figma/jobs/6050054004?gh_jid=6050054004,2026-08-05T03:08:05Z,2026-08-05T03:08:05Z
greenhouse,5835673004,Figma,"Senior Technical Revenue Analyst (Dublin, Ireland) ",Business Operations,"Dublin, Ireland",0,2026-03-26T19:26:47Z,2026-07-22T09:37:08Z,https://boards.greenhouse.io/figma/jobs/5835673004?gh_jid=5835673004,2026-08-05T03:08:05Z,2026-08-05T03:08:05Z
greenhouse,5691886004,Figma,"Software Engineer, AI Platforms",Engineering,"San Francisco, CA • New York, NY • United States",0,2025-11-01T19:10:47Z,2026-07-22T09:37:08Z,https://boards.greenhouse.io/figma/jobs/5691886004?gh_jid=5691886004,2026-08-05T03:08:05Z,2026-08-05T03:08:05Z
greenhouse,5551730004,Figma,"Software Engineer, AI Product",Engineering,"San Francisco, CA • New York, NY • United States",0,2025-06-02T09:59:53Z,2026-07-22T09:37:08Z,https://boards.greenhouse.io/figma/jobs/5551730004?gh_jid=5551730004,2026-08-05T03:08:05Z,2026-08-05T03:08:05Z
greenhouse,5551697004,Figma,"Software Engineer, AI Product (London, United Kingdom)",Engineering,"London, England",0,2025-06-02T09:52:39Z,2026-07-28T13:42:27Z,https://boards.greenhouse.io/figma/jobs/5551697004?gh_jid=5551697004,2026-08-05T03:08:05Z,2026-08-05T03:08:05Z
greenhouse,5552530004,Figma,"Software Engineer, C++",Engineering,"San Francisco, CA • New York, NY • United States",0,2025-06-02T10:02:45Z,2026-07-22T09:37:08Z,https://boards.greenhouse.io/figma/jobs/5552530004?gh_jid=5552530004,2026-08-05T03:08:05Z,2026-08-05T03:08:05Z
greenhouse,5551686004,Figma,"Software Engineer, Data Infrastructure",Engineering,"San Francisco, CA • New York, NY • United States",0,2025-06-02T10:16:21Z,2026-07-22T09:37:08Z,https://boards.greenhouse.io/figma/jobs/5551686004?gh_jid=5551686004,2026-08-05T03:08:05Z,2026-08-05T03:08:05Z
greenhouse,5790627004,Figma,"Software Engineer, Developer Experience",Engineering,"San Francisco, CA • New York, NY • United States",0,2026-02-04T04:28:07Z,2026-07-22T09:37:08Z,https://boards.greenhouse.io/figma/jobs/5790627004?gh_jid=5790627004,2026-08-05T03:08:05Z,2026-08-05T03:08:05Z
greenhouse,5552549004,Figma,"Software Engineer, Distributed Systems",Engineering,"San Francisco, CA • New York, NY • United States",0,2025-06-02T10:14:45Z,2026-07-22T09:37:08Z,https://boards.greenhouse.io/figma/jobs/5552549004?gh_jid=5552549004,2026-08-05T03:08:05Z,2026-08-05T03:08:05Z
greenhouse,6073106004,Figma,"Software Engineer - Figma Weave (Tel Aviv, Israel) ",Weavy - Figma Weave,"Tel Aviv, Israel",0,2026-06-17T19:34:54Z,2026-07-22T09:37:08Z,https://boards.greenhouse.io/figma/jobs/6073106004?gh_jid=6073106004,2026-08-05T03:08:05Z,2026-08-05T03:08:05Z
greenhouse,5691911004,Figma,"Software Engineer, Full Stack",Engineering,"San Francisco, CA • New York, NY • United States",0,2025-11-01T19:16:06Z,2026-07-22T09:37:08Z,https://boards.greenhouse.io/figma/jobs/5691911004?gh_jid=5691911004,2026-08-05T03:08:05Z,2026-08-05T03:08:05Z
greenhouse,5552522004,Figma,"Software Engineer, Graphics & Media",Engineering,"San Francisco, CA • New York, NY • United States",0,2025-06-02T10:08:58Z,2026-07-22T09:37:08Z,https://boards.greenhouse.io/figma/jobs/5552522004?gh_jid=5552522004,2026-08-05T03:08:05Z,2026-08-05T03:08:05Z
greenhouse,5552560004,Figma,"Software Engineer, Growth & Monetization",Engineering,"San Francisco, CA • New York, NY • United States",0,2025-06-02T10:07:15Z,2026-07-22T09:37:08Z,https://boards.greenhouse.io/figma/jobs/5552560004?gh_jid=5552560004,2026-08-05T03:08:05Z,2026-08-05T03:08:05Z
greenhouse,5551532004,Figma,"Software Engineer, Machine Learning",Engineering,"San Francisco, CA • New York, NY • United States",0,2025-06-02T10:24:11Z,2026-07-22T09:37:08Z,https://boards.greenhouse.io/figma/jobs/5551532004?gh_jid=5551532004,2026-08-05T03:08:05Z,2026-08-05T03:08:05Z
greenhouse,6100023004,Figma,"Software Engineer, Mobile Web",Engineering,"San Francisco, CA • New York, NY • United States",0,2026-06-25T23:54:17Z,2026-07-22T09:37:08Z,https://boards.greenhouse.io/figma/jobs/6100023004?gh_jid=6100023004,2026-08-05T03:08:05Z,2026-08-05T03:08:05Z
greenhouse,5551649004,Figma,"Software Engineer, Production Engineering",Engineering,"San Francisco, CA • New York, NY • United States",0,2025-06-02T10:18:37Z,2026-07-22T09:37:08Z,https://boards.greenhouse.io/figma/jobs/5551649004?gh_jid=5551649004,2026-08-05T03:08:05Z,2026-08-05T03:08:05Z
greenhouse,5781928004,Figma,"Software Engineer, Production Engineering  (London, United Kingdom)",Engineering,"London, England",0,2026-02-03T18:52:45Z,2026-07-22T09:37:08Z,https://boards.greenhouse.io/figma/jobs/5781928004?gh_jid=5781928004,2026-08-05T03:08:05Z,2026-08-05T03:08:05Z
greenhouse,6102379004,Figma,"Software Engineer, Traffic",Engineering,"San Francisco, CA • New York, NY • United States",0,2026-06-26T16:43:35Z,2026-07-22T09:37:08Z,https://boards.greenhouse.io/figma/jobs/6102379004?gh_jid=6102379004,2026-08-05T03:08:05Z,2026-08-05T03:08:05Z
greenhouse,5783377004,Figma,Solutions Consultant,Sales,"San Francisco, CA • New York, NY • United States",0,2026-02-07T01:22:27Z,2026-07-22T09:37:08Z,https://boards.greenhouse.io/figma/jobs/5783377004?gh_jid=5783377004,2026-08-05T03:08:05Z,2026-08-05T03:08:05Z
greenhouse,5735853004,Figma,"Solutions Consultant (Berlin, Germany)",Sales,"Berlin, Germany",0,2025-12-16T07:55:42Z,2026-07-30T09:10:56Z,https://boards.greenhouse.io/figma/jobs/5735853004?gh_jid=5735853004,2026-08-05T03:08:05Z,2026-08-05T03:08:05Z
greenhouse,5981822004,Figma,"Solutions Consultant, Federal",Sales,"New York, NY; Washington, DC",0,2026-04-30T17:39:38Z,2026-07-22T09:37:08Z,https://boards.greenhouse.io/figma/jobs/5981822004?gh_jid=5981822004,2026-08-05T03:08:05Z,2026-08-05T03:08:05Z
greenhouse,5735493004,Figma,"Solutions Consultant (London, United Kingdom)",Sales,"London, England",0,2025-12-16T07:56:21Z,2026-07-22T09:37:08Z,https://boards.greenhouse.io/figma/jobs/5735493004?gh_jid=5735493004,2026-08-05T03:08:05Z,2026-08-05T03:08:05Z
greenhouse,6111166004,Figma,"Solutions Consultant, Payload",Sales,"San Francisco, CA • New York, NY • United States",0,2026-07-10T20:37:37Z,2026-07-22T09:37:08Z,https://boards.greenhouse.io/figma/jobs/6111166004?gh_jid=6111166004,2026-08-05T03:08:05Z,2026-08-05T03:08:05Z
greenhouse,5993635004,Figma,"Solutions Consultant (Sydney, Australia)",Sales,"Sydney, Australia",0,2026-05-18T18:31:19Z,2026-07-22T09:37:08Z,https://boards.greenhouse.io/figma/jobs/5993635004?gh_jid=5993635004,2026-08-05T03:08:05Z,2026-08-05T03:08:05Z
greenhouse,5792631004,Figma,Strategic Finance,Business Operations,"San Francisco, CA • New York, NY • United States",0,2026-02-05T04:55:46Z,2026-07-22T09:37:08Z,https://boards.greenhouse.io/figma/jobs/5792631004?gh_jid=5792631004,2026-08-05T03:08:05Z,2026-08-05T03:08:05Z
greenhouse,6112961004,Figma,"Strategic Finance, AI Innovation",Business Operations,"San Francisco, CA • New York, NY • United States",0,2026-07-22T15:47:48Z,2026-07-22T15:47:48Z,https://boards.greenhouse.io/figma/jobs/6112961004?gh_jid=6112961004,2026-08-05T03:08:05Z,2026-08-05T03:08:05Z
greenhouse,5998049004,Figma,"Strategic Finance, Planning Systems",Business Operations,"San Francisco, CA • New York, NY • United States",0,2026-05-19T03:19:12Z,2026-07-22T09:37:08Z,https://boards.greenhouse.io/figma/jobs/5998049004?gh_jid=5998049004,2026-08-05T03:08:05Z,2026-08-05T03:08:05Z
greenhouse,6123582004,Figma,"Strategic Program Manager - Figma Weave (New York, United States)",Weavy - Figma Weave,"New York, NY",0,2026-07-27T16:04:05Z,2026-07-27T16:18:28Z,https://boards.greenhouse.io/figma/jobs/6123582004?gh_jid=6123582004,2026-08-05T03:08:05Z,2026-08-05T03:08:05Z
greenhouse,6037719004,Figma,Support Content Engineer,Customer Operations and Support,"San Francisco, CA • New York, NY • United States",0,2026-06-22T23:26:48Z,2026-07-22T09:37:08Z,https://boards.greenhouse.io/figma/jobs/6037719004?gh_jid=6037719004,2026-08-05T03:08:05Z,2026-08-05T03:08:05Z
greenhouse,5802956004,Figma,"Support Engineer, AI Infrastructure",Customer Operations and Support,"San Francisco, CA • New York, NY • United States",0,2026-02-13T00:52:24Z,2026-07-22T09:37:08Z,https://boards.greenhouse.io/figma/jobs/5802956004?gh_jid=5802956004,2026-08-05T03:08:05Z,2026-08-05T03:08:05Z
greenhouse,6098063004,Figma,"Technical Account Manager (London, United Kingdom)",Sales,"London, England",0,2026-06-22T21:23:41Z,2026-07-22T09:37:08Z,https://boards.greenhouse.io/figma/jobs/6098063004?gh_jid=6098063004,2026-08-05T03:08:05Z,2026-08-05T03:08:05Z
greenhouse,5817394004,Figma,"Technical Account Manager, Spanish & Portuguese Speaking (São Paulo, Brazil)",Sales,"São Paulo, Brazil",0,2026-03-06T17:46:13Z,2026-07-22T09:37:08Z,https://boards.greenhouse.io/figma/jobs/5817394004?gh_jid=5817394004,2026-08-05T03:08:05Z,2026-08-05T03:08:05Z
greenhouse,6006175004,Figma,"Technical Account Manager (Tokyo, Japan)",Sales,"Tokyo, Japan",0,2026-05-28T02:25:02Z,2026-07-28T09:38:26Z,https://boards.greenhouse.io/figma/jobs/6006175004?gh_jid=6006175004,2026-08-05T03:08:05Z,2026-08-05T03:08:05Z
greenhouse,5837760004,Figma,"Technical Program Manager, AI Performance",Engineering,"San Francisco, CA • New York, NY • United States",0,2026-03-28T00:31:13Z,2026-07-22T09:37:08Z,https://boards.greenhouse.io/figma/jobs/5837760004?gh_jid=5837760004,2026-08-05T03:08:05Z,2026-08-05T03:08:05Z
greenhouse,6009613004,Figma,"Technical Program Manager, Data",Engineering,"San Francisco, CA • New York, NY • United States",0,2026-06-01T22:48:58Z,2026-07-22T09:37:08Z,https://boards.greenhouse.io/figma/jobs/6009613004?gh_jid=6009613004,2026-08-05T03:08:05Z,2026-08-05T03:08:05Z
greenhouse,6020719004,Figma,"Technical Program Manager, Infrastructure",Engineering,"San Francisco, CA • New York, NY • United States",0,2026-06-12T19:00:55Z,2026-07-22T09:37:08Z,https://boards.greenhouse.io/figma/jobs/6020719004?gh_jid=6020719004,2026-08-05T03:08:05Z,2026-08-05T03:08:05Z
greenhouse,5982942004,Figma,"Technical Program Manager, Security",Business Operations,"San Francisco, CA • New York, NY • United States",0,2026-04-28T00:50:00Z,2026-07-22T09:37:08Z,https://boards.greenhouse.io/figma/jobs/5982942004?gh_jid=5982942004,2026-08-05T03:08:05Z,2026-08-05T03:08:05Z
greenhouse,6111625004,Figma,Technical Quality Specialist ,Customer Operations and Support,"San Francisco, CA • New York, NY • United States",0,2026-07-10T14:16:06Z,2026-07-22T09:37:08Z,https://boards.greenhouse.io/figma/jobs/6111625004?gh_jid=6111625004,2026-08-05T03:08:05Z,2026-08-05T03:08:05Z
greenhouse,6008343004,Figma,Voice of the Customer Program Manager,Customer Operations and Support,"San Francisco, CA • New York, NY • United States",0,2026-06-04T16:40:21Z,2026-07-22T09:37:08Z,https://boards.greenhouse.io/figma/jobs/6008343004?gh_jid=6008343004,2026-08-05T03:08:05Z,2026-08-05T03:08:05Z
greenhouse,6099183004,Figma,Workforce Management Analyst,Customer Operations and Support,"San Francisco, CA • New York, NY • United States",0,2026-06-24T15:59:17Z,2026-07-22T09:37:08Z,https://boards.greenhouse.io/figma/jobs/6099183004?gh_jid=6099183004,2026-08-05T03:08:05Z,2026-08-05T03:08:05Z
greenhouse,7617155,Reddit,3rd Party Partnerships Manager - Commerce,Global Ads Partnerships,"New York City, NY",0,2026-02-27T19:39:21Z,2026-08-03T15:52:42Z,https://job-boards.greenhouse.io/reddit/jobs/7617155,2026-08-05T03:08:05Z,2026-08-05T03:08:05Z
greenhouse,8089959,Reddit,3rd Party Partnerships Manager - Signals,Global Ads Partnerships,"New York City, NY",0,2026-07-29T06:19:34Z,2026-07-29T06:19:52Z,https://job-boards.greenhouse.io/reddit/jobs/8089959,2026-08-05T03:08:05Z,2026-08-05T03:08:05Z
greenhouse,8069214,Reddit,"Acquisition Account Manager, Mid-Market (Southern Europe)",Mid Market & SMB,"Amsterdam, Netherlands",0,2026-07-16T14:20:00Z,2026-08-05T02:01:12Z,https://job-boards.greenhouse.io/reddit/jobs/8069214,2026-08-05T03:08:05Z,2026-08-05T03:08:05Z
greenhouse,7792848,Reddit,"Ads Conversion Modeling, Machine Learning Engineering Manager",Ads Engineering,Remote - United States,1,2026-04-14T18:08:53Z,2026-06-01T22:20:45Z,https://job-boards.greenhouse.io/reddit/jobs/7792848,2026-08-05T03:08:05Z,2026-08-05T03:08:05Z
greenhouse,8015018,Reddit,"Agency Development Lead, DACH",Agency Development,"Berlin, Germany",0,2026-06-22T19:00:12Z,2026-07-02T22:39:45Z,https://job-boards.greenhouse.io/reddit/jobs/8015018,2026-08-05T03:08:05Z,2026-08-05T03:08:05Z
greenhouse,7991536,Reddit,Agency Development Lead III,Agency Development,"New York City, NY",0,2026-06-15T06:10:01Z,2026-07-02T22:44:40Z,https://job-boards.greenhouse.io/reddit/jobs/7991536,2026-08-05T03:08:05Z,2026-08-05T03:08:05Z
greenhouse,7922994,Reddit,"Backend Engineer, Moderation Enforcement",Safety Engineering,Remote - United States,1,2026-07-10T22:27:31Z,2026-07-10T22:27:31Z,https://job-boards.greenhouse.io/reddit/jobs/7922994,2026-08-05T03:08:05Z,2026-08-05T03:08:05Z
greenhouse,7731931,Reddit,"Business Lead, Revenue Strategy & Operations",Sales Strategy & Operations,"New York City, NY",0,2026-06-18T21:46:24Z,2026-07-02T22:46:04Z,https://job-boards.greenhouse.io/reddit/jobs/7731931,2026-08-05T03:08:05Z,2026-08-05T03:08:05Z
greenhouse,7982928,Reddit,"Client Account Manager, Large Customer Sales (Financial Services)",Large Customer Sales,"New York City, NY",0,2026-06-04T17:16:27Z,2026-08-05T02:01:08Z,https://job-boards.greenhouse.io/reddit/jobs/7982928,2026-08-05T03:08:05Z,2026-08-05T03:08:05Z
greenhouse,8052432,Reddit,"Client Account Manager, Large Customer Sales (Retail Beauty)",Large Customer Sales,"New York City, NY",0,2026-07-16T19:02:31Z,2026-08-05T02:01:11Z,https://job-boards.greenhouse.io/reddit/jobs/8052432,2026-08-05T03:08:05Z,2026-08-05T03:08:05Z
greenhouse,8052032,Reddit,"Client Account Manager, Large Customer Sales (Tech)",Large Customer Sales,"Los Angeles, CA",0,2026-07-08T19:10:04Z,2026-08-05T02:01:11Z,https://job-boards.greenhouse.io/reddit/jobs/8052032,2026-08-05T03:08:05Z,2026-08-05T03:08:05Z
greenhouse,7984021,Reddit,"Client Account Manager, Large Customer Sales (Tech)",Large Customer Sales,"San Francisco, CA",0,2026-06-08T19:29:33Z,2026-08-05T02:01:11Z,https://job-boards.greenhouse.io/reddit/jobs/7984021,2026-08-05T03:08:05Z,2026-08-05T03:08:05Z
greenhouse,8024865,Reddit,"Client Account Manager, Mid-Market Sales (Acquisitions)",Mid Market & SMB,"Toronto, Canada",0,2026-06-23T21:39:04Z,2026-08-05T02:01:12Z,https://job-boards.greenhouse.io/reddit/jobs/8024865,2026-08-05T03:08:05Z,2026-08-05T03:08:05Z
greenhouse,7961073,Reddit,"Client Partner, Mid-Market (B2B Services Acquisitions)",Mid Market & SMB,"San Francisco, CA",0,2026-05-29T22:50:31Z,2026-08-05T02:01:08Z,https://job-boards.greenhouse.io/reddit/jobs/7961073,2026-08-05T03:08:05Z,2026-08-05T03:08:05Z
greenhouse,7669372,Reddit,Community Manager - French speaker (contract),Community,Remote - United Kingdom,1,2026-03-02T17:53:28Z,2026-05-26T16:14:20Z,https://job-boards.greenhouse.io/reddit/jobs/7669372,2026-08-05T03:08:05Z,2026-08-05T03:08:05Z
greenhouse,7769002,Reddit,Creative Strategist - App Dev,Global Client Solutions,"New York City, NY",0,2026-05-19T22:47:56Z,2026-08-05T02:01:06Z,https://job-boards.greenhouse.io/reddit/jobs/7769002,2026-08-05T03:08:05Z,2026-08-05T03:08:05Z
greenhouse,8019018,Reddit,Creative Strategist - Finance,Global Client Solutions,"New York City, NY",0,2026-06-20T06:36:11Z,2026-08-05T02:01:09Z,https://job-boards.greenhouse.io/reddit/jobs/8019018,2026-08-05T03:08:05Z,2026-08-05T03:08:05Z
greenhouse,8015790,Reddit,"Creative Strategist, KarmaLab",Global Client Solutions,"London, United Kingdom",0,2026-06-18T13:44:00Z,2026-07-02T23:10:34Z,https://job-boards.greenhouse.io/reddit/jobs/8015790,2026-08-05T03:08:05Z,2026-08-05T03:08:05Z
greenhouse,8024322,Reddit,"Curriculum Lead, GTM Enablement",Global Client Solutions,"San Francisco, CA",0,2026-06-23T18:47:04Z,2026-08-05T02:01:07Z,https://job-boards.greenhouse.io/reddit/jobs/8024322,2026-08-05T03:08:05Z,2026-08-05T03:08:05Z
greenhouse,8024321,Reddit,"Curriculum Lead, GTM Enablement",Global Client Solutions,"Chicago, IL",0,2026-06-23T18:47:03Z,2026-08-05T02:01:07Z,https://job-boards.greenhouse.io/reddit/jobs/8024321,2026-08-05T03:08:05Z,2026-08-05T03:08:05Z
greenhouse,8024327,Reddit,"Curriculum Lead, GTM Enablement",Global Client Solutions,"Los Angeles, CA",0,2026-06-23T18:47:05Z,2026-08-05T02:01:07Z,https://job-boards.greenhouse.io/reddit/jobs/8024327,2026-08-05T03:08:05Z,2026-08-05T03:08:05Z
greenhouse,8016926,Reddit,"Curriculum Lead, GTM Enablement",Global Client Solutions,"New York City, NY",0,2026-06-23T18:38:51Z,2026-08-05T02:01:07Z,https://job-boards.greenhouse.io/reddit/jobs/8016926,2026-08-05T03:08:05Z,2026-08-05T03:08:05Z
greenhouse,7638071,Reddit,"Director, Ads Product Legal",Legal,Remote - United States,1,2026-05-11T14:22:06Z,2026-05-14T17:40:53Z,https://job-boards.greenhouse.io/reddit/jobs/7638071,2026-08-05T03:08:05Z,2026-08-05T03:08:05Z
greenhouse,7947591,Reddit,"Director of Engineering, Developer Productivity",DevPlatform,Remote - United States,1,2026-05-20T19:56:15Z,2026-06-30T14:28:18Z,https://job-boards.greenhouse.io/reddit/jobs/7947591,2026-08-05T03:08:05Z,2026-08-05T03:08:05Z
greenhouse,7926627,Reddit,Director of Safety ML,SWAT,Remote - United States,1,2026-05-15T17:09:23Z,2026-07-08T16:17:09Z,https://job-boards.greenhouse.io/reddit/jobs/7926627,2026-08-05T03:08:05Z,2026-08-05T03:08:05Z
greenhouse,8011163,Reddit,"Director, Technology FP&A",Corporate Finance,Remote - United States,1,2026-06-24T21:06:13Z,2026-08-04T12:43:15Z,https://job-boards.greenhouse.io/reddit/jobs/8011163,2026-08-05T03:08:05Z,2026-08-05T03:08:05Z
greenhouse,7957771,Reddit,EMEA Insights Specialist ,Business Marketing,Remote - Germany,1,2026-05-26T15:33:39Z,2026-05-27T12:25:08Z,https://job-boards.greenhouse.io/reddit/jobs/7957771,2026-08-05T03:08:05Z,2026-08-05T03:08:05Z
greenhouse,8022366,Reddit,"Engineering Manager, Ads ML Efficiency",Ads Engineering,Remote - United States,1,2026-06-22T21:15:57Z,2026-08-05T02:01:08Z,https://job-boards.greenhouse.io/reddit/jobs/8022366,2026-08-05T03:08:05Z,2026-08-05T03:08:05Z
greenhouse,7966985,Reddit,"Engineering Manager, Advanced Signals (SWE)",Ads Engineering,Remote - United States,1,2026-06-01T22:19:29Z,2026-08-05T02:01:07Z,https://job-boards.greenhouse.io/reddit/jobs/7966985,2026-08-05T03:08:05Z,2026-08-05T03:08:05Z
greenhouse,8055132,Reddit,"Engineering Manager, Media Foundations and Delivery",Growth,Remote - United States,1,2026-07-10T13:18:13Z,2026-07-10T13:18:13Z,https://job-boards.greenhouse.io/reddit/jobs/8055132,2026-08-05T03:08:05Z,2026-08-05T03:08:05Z
greenhouse,7859086,Reddit,"Engineering Manager, Search Storage",BE Platform,Remote - United States,1,2026-04-27T19:31:35Z,2026-05-14T17:18:55Z,https://job-boards.greenhouse.io/reddit/jobs/7859086,2026-08-05T03:08:05Z,2026-08-05T03:08:05Z
greenhouse,7700153,Reddit,"Experience Coordinator, San Francisco",Experience,"San Francisco, CA",0,2026-03-10T16:05:29Z,2026-05-14T17:40:53Z,https://job-boards.greenhouse.io/reddit/jobs/7700153,2026-08-05T03:08:05Z,2026-08-05T03:08:05Z
greenhouse,8093021,Reddit,"Frontend Engineer III, Moderation Enforcement",Safety Engineering,Remote - United States,1,2026-07-31T23:06:53Z,2026-07-31T23:06:53Z,https://job-boards.greenhouse.io/reddit/jobs/8093021,2026-08-05T03:08:05Z,2026-08-05T03:08:05Z
greenhouse,7895468,Reddit,"Fullstack Software Engineer, Notifications Lifecycle",Economy,Remote - United States,1,2026-05-21T23:12:16Z,2026-05-21T23:12:16Z,https://job-boards.greenhouse.io/reddit/jobs/7895468,2026-08-05T03:08:05Z,2026-08-05T03:08:05Z
greenhouse,8013849,Reddit,"Lead, Advertising Measurement (Australia)",Marketing Sciences,"Sydney, Australia",0,2026-06-17T18:13:40Z,2026-06-17T18:13:40Z,https://job-boards.greenhouse.io/reddit/jobs/8013849,2026-08-05T03:08:05Z,2026-08-05T03:08:05Z
greenhouse,7997020,Reddit,"Lead Product Adoption Strategist, Mid-Market",Global Client Solutions,Remote - United States,1,2026-07-10T16:29:31Z,2026-08-05T02:01:09Z,https://job-boards.greenhouse.io/reddit/jobs/7997020,2026-08-05T03:08:05Z,2026-08-05T03:08:05Z
greenhouse,8029120,Reddit,"Machine Learning Engineer, Ads Optimization",Ads Engineering,Remote - United States,1,2026-06-26T19:47:57Z,2026-08-05T02:01:10Z,https://job-boards.greenhouse.io/reddit/jobs/8029120,2026-08-05T03:08:05Z,2026-08-05T03:08:05Z
greenhouse,7993514,Reddit,Machine Learning Engineering Manager - Ads Engagement Modeling ,Ads Engineering,Remote - United States,1,2026-06-14T12:29:51Z,2026-06-14T12:29:51Z,https://job-boards.greenhouse.io/reddit/jobs/7993514,2026-08-05T03:08:05Z,2026-08-05T03:08:05Z
greenhouse,8095009,Reddit,"Machine Learning Manager, Feed Ecosystems",Machine Learning,Remote - United States,1,2026-07-29T19:24:34Z,2026-07-29T22:34:59Z,https://job-boards.greenhouse.io/reddit/jobs/8095009,2026-08-05T03:08:05Z,2026-08-05T03:08:05Z
greenhouse,8094985,Reddit,"Machine Learning Manager, Feed Relevance (Retrieval)",Machine Learning,Remote - United States,1,2026-07-29T19:24:35Z,2026-07-29T22:34:59Z,https://job-boards.greenhouse.io/reddit/jobs/8094985,2026-08-05T03:08:05Z,2026-08-05T03:08:05Z
greenhouse,8022942,Reddit,"Machine Learning Systems Engineer, Ads ML Platform",Ads Engineering,Remote - The Netherlands,1,2026-06-23T07:52:58Z,2026-08-05T02:01:09Z,https://job-boards.greenhouse.io/reddit/jobs/8022942,2026-08-05T03:08:05Z,2026-08-05T03:08:05Z
greenhouse,8022937,Reddit,"Machine Learning Systems Engineer, Ads ML Platform",Ads Engineering,Remote - United Kingdom,1,2026-06-23T07:52:57Z,2026-08-05T02:01:09Z,https://job-boards.greenhouse.io/reddit/jobs/8022937,2026-08-05T03:08:05Z,2026-08-05T03:08:05Z
greenhouse,8010413,Reddit,"Manager, Large Customer Sales (Auto, Media & Entertainment, Telco)",Large Customer Sales,"Toronto, Canada",0,2026-06-23T14:47:05Z,2026-08-05T02:01:10Z,https://job-boards.greenhouse.io/reddit/jobs/8010413,2026-08-05T03:08:05Z,2026-08-05T03:08:05Z
greenhouse,8010405,Reddit,"Manager, Large Customer Sales (Financial Services)",Large Customer Sales,"Toronto, Canada",0,2026-06-23T14:47:08Z,2026-08-05T02:01:09Z,https://job-boards.greenhouse.io/reddit/jobs/8010405,2026-08-05T03:08:05Z,2026-08-05T03:08:05Z
greenhouse,8068464,Reddit,"Manager, Technical Solutions",Sales Strategy & Operations,"Los Angeles, CA",0,2026-07-15T22:59:37Z,2026-08-05T02:01:06Z,https://job-boards.greenhouse.io/reddit/jobs/8068464,2026-08-05T03:08:05Z,2026-08-05T03:08:05Z
greenhouse,8016897,Reddit,"Manager, Technical Solutions",Sales Strategy & Operations,"San Francisco, CA",0,2026-07-15T22:59:36Z,2026-08-05T02:01:07Z,https://job-boards.greenhouse.io/reddit/jobs/8016897,2026-08-05T03:08:05Z,2026-08-05T03:08:05Z
greenhouse,8023359,Reddit,Marketing Science Partnerships & Insights Lead,Global Client Solutions,"London, United Kingdom",0,2026-07-02T20:30:27Z,2026-07-02T22:40:51Z,https://job-boards.greenhouse.io/reddit/jobs/8023359,2026-08-05T03:08:05Z,2026-08-05T03:08:05Z
greenhouse,7330347,Reddit,"Principal Data Scientist, Ads",Ads Data Science,Remote - United States,1,2025-10-14T20:40:47Z,2026-05-14T17:59:41Z,https://job-boards.greenhouse.io/reddit/jobs/7330347,2026-08-05T03:08:05Z,2026-08-05T03:08:05Z
greenhouse,7886615,Reddit,"Principal Engineer, iOS Performance",Growth,Remote - United States,1,2026-05-04T16:51:48Z,2026-07-20T19:01:12Z,https://job-boards.greenhouse.io/reddit/jobs/7886615,2026-08-05T03:08:05Z,2026-08-05T03:08:05Z
greenhouse,7944159,Reddit,"Principal Technical Program Manager, Developer Productivity ",BE Platform,Remote - United States,1,2026-05-19T21:58:35Z,2026-07-17T12:01:00Z,https://job-boards.greenhouse.io/reddit/jobs/7944159,2026-08-05T03:08:05Z,2026-08-05T03:08:05Z
greenhouse,7947049,Reddit,"Principal Technical Program Manager, Performance",TPM,Remote - United States,1,2026-05-20T16:57:55Z,2026-06-02T18:49:30Z,https://job-boards.greenhouse.io/reddit/jobs/7947049,2026-08-05T03:08:05Z,2026-08-05T03:08:05Z
greenhouse,8062300,Reddit,Revenue Growth & Strategy Partner,Sales Strategy & Operations,"Remote - Ontario, Canada",1,2026-07-13T23:04:57Z,2026-07-29T07:24:18Z,https://job-boards.greenhouse.io/reddit/jobs/8062300,2026-08-05T03:08:05Z,2026-08-05T03:08:05Z
greenhouse,8062296,Reddit,Revenue Growth & Strategy Partner,Sales Strategy & Operations,Remote - The Netherlands,1,2026-07-13T23:02:32Z,2026-07-29T07:24:18Z,https://job-boards.greenhouse.io/reddit/jobs/8062296,2026-08-05T03:08:05Z,2026-08-05T03:08:05Z
greenhouse,8062298,Reddit,Revenue Growth & Strategy Partner,Sales Strategy & Operations,Remote - Germany,1,2026-07-13T23:03:55Z,2026-07-29T07:24:18Z,https://job-boards.greenhouse.io/reddit/jobs/8062298,2026-08-05T03:08:05Z,2026-08-05T03:08:05Z
greenhouse,8061819,Reddit,Revenue Growth & Strategy Partner,Sales Strategy & Operations,Remote - United States,1,2026-07-13T22:59:58Z,2026-07-29T07:24:18Z,https://job-boards.greenhouse.io/reddit/jobs/8061819,2026-08-05T03:08:05Z,2026-08-05T03:08:05Z
greenhouse,8062273,Reddit,Revenue Growth & Strategy Partner,Sales Strategy & Operations,Remote - United Kingdom,1,2026-07-13T23:01:14Z,2026-07-29T07:24:18Z,https://job-boards.greenhouse.io/reddit/jobs/8062273,2026-08-05T03:08:05Z,2026-08-05T03:08:05Z
greenhouse,8012708,Reddit,"Sales Manager, Mid-Market - UK",Mid Market & SMB,"London, United Kingdom",0,2026-06-17T10:44:46Z,2026-07-02T23:22:29Z,https://job-boards.greenhouse.io/reddit/jobs/8012708,2026-08-05T03:08:05Z,2026-08-05T03:08:05Z
greenhouse,7759129,Reddit,Senior Agile Client Account Executive - EMEA,Mid Market & SMB,"Amsterdam, Netherlands",0,2026-03-26T17:35:55Z,2026-07-02T23:33:48Z,https://job-boards.greenhouse.io/reddit/jobs/7759129,2026-08-05T03:08:05Z,2026-08-05T03:08:05Z
greenhouse,8021287,Reddit,"Senior Agile Client Partner, Large Customer Sales",Large Customer Sales,"New York City, NY",0,2026-07-22T17:07:40Z,2026-08-05T02:01:10Z,https://job-boards.greenhouse.io/reddit/jobs/8021287,2026-08-05T03:08:05Z,2026-08-05T03:08:05Z
greenhouse,8055374,Reddit,"Senior Android Engineer, Design System",Platform and Apps,Remote - United States,1,2026-07-10T15:38:22Z,2026-07-20T19:00:38Z,https://job-boards.greenhouse.io/reddit/jobs/8055374,2026-08-05T03:08:05Z,2026-08-05T03:08:05Z
greenhouse,8044767,Reddit,"Senior Backend Engineer, IAM",BE Platform,Remote - United States,1,2026-07-02T22:30:16Z,2026-08-04T16:40:39Z,https://job-boards.greenhouse.io/reddit/jobs/8044767,2026-08-05T03:08:05Z,2026-08-05T03:08:05Z
greenhouse,8022260,Reddit,Senior Business Engineer,Ads Engineering,"Remote - Ontario, Canada",1,2026-06-22T20:17:11Z,2026-08-05T02:01:08Z,https://job-boards.greenhouse.io/reddit/jobs/8022260,2026-08-05T03:08:05Z,2026-08-05T03:08:05Z
greenhouse,7954598,Reddit,Senior Business Engineer - Ads,Ads Engineering,Remote - United States,1,2026-05-22T18:04:52Z,2026-08-05T02:01:08Z,https://job-boards.greenhouse.io/reddit/jobs/7954598,2026-08-05T03:08:05Z,2026-08-05T03:08:05Z
greenhouse,8074860,Reddit,"Senior, Business Risk & AI Automation",Internal Audit,"Remote - British Columbia, Canada",1,2026-07-20T16:30:15Z,2026-07-20T16:30:15Z,https://job-boards.greenhouse.io/reddit/jobs/8074860,2026-08-05T03:08:05Z,2026-08-05T03:08:05Z
greenhouse,8074846,Reddit,"Senior, Business Risk & AI Automation",Internal Audit,"Remote - Ontario, Canada",1,2026-07-20T16:29:13Z,2026-07-20T16:29:13Z,https://job-boards.greenhouse.io/reddit/jobs/8074846,2026-08-05T03:08:05Z,2026-08-05T03:08:05Z
greenhouse,8067911,Reddit,"Senior Client Account Executive, Mid-Market Sales (B2B Services)",Mid Market & SMB,"San Francisco, CA",0,2026-07-15T18:57:27Z,2026-08-05T02:01:11Z,https://job-boards.greenhouse.io/reddit/jobs/8067911,2026-08-05T03:08:05Z,2026-08-05T03:08:05Z
greenhouse,8017263,Reddit,"Senior Client Account Manager, Global Strategic Accounts (UK)",Large Customer Sales,"London, United Kingdom",0,2026-06-18T21:40:50Z,2026-08-05T02:01:13Z,https://job-boards.greenhouse.io/reddit/jobs/8017263,2026-08-05T03:08:05Z,2026-08-05T03:08:05Z
greenhouse,7746526,Reddit,"Senior Client Account Manager, Large Customer Sales (Pharma)",Large Customer Sales,"New York City, NY",0,2026-06-02T18:50:22Z,2026-08-05T02:01:08Z,https://job-boards.greenhouse.io/reddit/jobs/7746526,2026-08-05T03:08:05Z,2026-08-05T03:08:05Z
greenhouse,7977257,Reddit,"Senior Client Account Manager, Large Customer Sales (Pharma)",Large Customer Sales,"Chicago, IL",0,2026-06-02T18:50:21Z,2026-08-05T02:01:08Z,https://job-boards.greenhouse.io/reddit/jobs/7977257,2026-08-05T03:08:05Z,2026-08-05T03:08:05Z
greenhouse,8092375,Reddit,"Senior Client Account Manager, Large Customer Sales (Restaurants and Drinks)",Large Customer Sales,"New York City, NY",0,2026-07-28T17:44:14Z,2026-08-05T02:01:10Z,https://job-boards.greenhouse.io/reddit/jobs/8092375,2026-08-05T03:08:05Z,2026-08-05T03:08:05Z
greenhouse,8022663,Reddit,"Senior Client Account Manager, Large Customer Sales (Restaurants and Drinks)",Large Customer Sales,"Chicago, IL",0,2026-06-24T19:57:46Z,2026-08-05T02:01:10Z,https://job-boards.greenhouse.io/reddit/jobs/8022663,2026-08-05T03:08:05Z,2026-08-05T03:08:05Z
greenhouse,8010396,Reddit,"Senior Client Account Manager, Large Customer Sales (Retail)",Large Customer Sales,"Toronto, Canada",0,2026-06-22T17:28:45Z,2026-08-05T02:01:09Z,https://job-boards.greenhouse.io/reddit/jobs/8010396,2026-08-05T03:08:05Z,2026-08-05T03:08:05Z
greenhouse,8010403,Reddit,"Senior Client Account Manager, Large Customer Sales (Telco, Media & Entertainment)",Large Customer Sales,"Toronto, Canada",0,2026-06-22T17:25:51Z,2026-08-05T02:01:09Z,https://job-boards.greenhouse.io/reddit/jobs/8010403,2026-08-05T03:08:05Z,2026-08-05T03:08:05Z
greenhouse,7420175,Reddit,"Senior Client Partner, Acquisitions DACH",Mid Market & SMB,"Amsterdam, Netherlands",0,2025-12-03T13:17:19Z,2026-07-02T23:51:50Z,https://job-boards.greenhouse.io/reddit/jobs/7420175,2026-08-05T03:08:05Z,2026-08-05T03:08:05Z
greenhouse,8017196,Reddit,"Senior Client Partner, Global Strategic Accounts (UK)",Large Customer Sales,"London, United Kingdom",0,2026-06-18T21:33:57Z,2026-08-05T02:01:13Z,https://job-boards.greenhouse.io/reddit/jobs/8017196,2026-08-05T03:08:05Z,2026-08-05T03:08:05Z
greenhouse,7996471,Reddit,"Senior Client Partner, Large Customer Sales - DACH",Large Customer Sales,"Berlin, Germany",0,2026-06-10T12:34:49Z,2026-07-02T23:45:36Z,https://job-boards.greenhouse.io/reddit/jobs/7996471,2026-08-05T03:08:05Z,2026-08-05T03:08:05Z
greenhouse,8092376,Reddit,"Senior Client Partner, Large Customer Sales, Pharma",Large Customer Sales,"San Francisco, CA",0,2026-07-28T17:44:52Z,2026-08-05T02:01:11Z,https://job-boards.greenhouse.io/reddit/jobs/8092376,2026-08-05T03:08:05Z,2026-08-05T03:08:05Z
greenhouse,8021708,Reddit,"Senior Client Partner, Large Customer Sales, Pharma",Large Customer Sales,"New York City, NY",0,2026-07-02T18:22:50Z,2026-08-05T02:01:11Z,https://job-boards.greenhouse.io/reddit/jobs/8021708,2026-08-05T03:08:05Z,2026-08-05T03:08:05Z
greenhouse,8044271,Reddit,"Senior Client Partner, Large Customer Sales, Pharma",Large Customer Sales,"Chicago, IL",0,2026-07-02T18:22:51Z,2026-08-05T02:01:11Z,https://job-boards.greenhouse.io/reddit/jobs/8044271,2026-08-05T03:08:05Z,2026-08-05T03:08:05Z
greenhouse,8010389,Reddit,"Senior Client Partner, Large Customer Sales (Retail)",Large Customer Sales,"Toronto, Canada",0,2026-06-22T17:29:09Z,2026-08-05T02:01:09Z,https://job-boards.greenhouse.io/reddit/jobs/8010389,2026-08-05T03:08:05Z,2026-08-05T03:08:05Z
greenhouse,7875300,Reddit,"Senior Client Partner, Mid-Market (Services)",Mid Market & SMB,"Los Angeles, CA",0,2026-05-01T21:07:48Z,2026-07-14T21:10:00Z,https://job-boards.greenhouse.io/reddit/jobs/7875300,2026-08-05T03:08:05Z,2026-08-05T03:08:05Z
greenhouse,7607121,Reddit,"Senior Data Scientist, Ads",Ads Data Science,"Remote - Ontario, Canada",1,2026-02-11T15:43:04Z,2026-07-30T20:59:00Z,https://job-boards.greenhouse.io/reddit/jobs/7607121,2026-08-05T03:08:05Z,2026-08-05T03:08:05Z
greenhouse,6042236,Reddit,"Senior Data Scientist, Ads",Ads Data Science,Remote - United States,1,2025-02-04T03:37:51Z,2026-07-30T20:58:28Z,https://job-boards.greenhouse.io/reddit/jobs/6042236,2026-08-05T03:08:05Z,2026-08-05T03:08:05Z
greenhouse,7275414,Reddit,"Senior Data Scientist, Consumer",Consumer Data Science,Remote - United States,1,2025-10-01T17:23:42Z,2026-07-30T20:59:58Z,https://job-boards.greenhouse.io/reddit/jobs/7275414,2026-08-05T03:08:05Z,2026-08-05T03:08:05Z
greenhouse,7931049,Reddit,"Senior Data Scientist, Consumer",Consumer Data Science,"Remote - Ontario, Canada",1,2026-05-15T17:46:33Z,2026-07-10T15:51:24Z,https://job-boards.greenhouse.io/reddit/jobs/7931049,2026-08-05T03:08:05Z,2026-08-05T03:08:05Z
greenhouse,7746311,Reddit,"Senior Director of Product, Ads Platform",Ads Product,Remote - United States,1,2026-03-24T17:28:13Z,2026-07-07T21:53:20Z,https://job-boards.greenhouse.io/reddit/jobs/7746311,2026-08-05T03:08:05Z,2026-08-05T03:08:05Z
greenhouse,7359367,Reddit,"Senior Engineering Manager, Unified Embeddings Platform ",Machine Learning,Remote - United States,1,2025-10-27T15:18:38Z,2026-06-30T14:28:17Z,https://job-boards.greenhouse.io/reddit/jobs/7359367,2026-08-05T03:08:05Z,2026-08-05T03:08:05Z
greenhouse,7751064,Reddit,"Senior Frontend Software Engineer, Home Experience",Consumer,Remote - United States,1,2026-03-25T20:38:05Z,2026-07-09T20:30:41Z,https://job-boards.greenhouse.io/reddit/jobs/7751064,2026-08-05T03:08:05Z,2026-08-05T03:08:05Z
greenhouse,8030230,Reddit,"Senior Growth Manager,  UK",Community,"London, United Kingdom",0,2026-06-26T13:15:02Z,2026-07-16T13:44:45Z,https://job-boards.greenhouse.io/reddit/jobs/8030230,2026-08-05T03:08:05Z,2026-08-05T03:08:05Z
greenhouse,8049001,Reddit,"Senior iOS Engineer, Media Foundations",Growth,Remote - United States,1,2026-07-07T21:01:21Z,2026-07-28T22:13:27Z,https://job-boards.greenhouse.io/reddit/jobs/8049001,2026-08-05T03:08:05Z,2026-08-05T03:08:05Z
greenhouse,8044494,Reddit,"Senior Lead, Marketing Science Partnerships & Insights",Global Client Solutions,"San Francisco, CA",0,2026-07-02T20:18:03Z,2026-08-05T02:01:10Z,https://job-boards.greenhouse.io/reddit/jobs/8044494,2026-08-05T03:08:05Z,2026-08-05T03:08:05Z
greenhouse,8022657,Reddit,"Senior Lead, Marketing Science Partnerships & Insights",Global Client Solutions,"New York City, NY",0,2026-07-02T20:17:59Z,2026-08-05T02:01:10Z,https://job-boards.greenhouse.io/reddit/jobs/8022657,2026-08-05T03:08:05Z,2026-08-05T03:08:05Z
greenhouse,8092374,Reddit,"Senior Lead, Marketing Science Partnerships & Insights",Global Client Solutions,"Los Angeles, CA",0,2026-07-28T17:43:11Z,2026-08-05T02:01:10Z,https://job-boards.greenhouse.io/reddit/jobs/8092374,2026-08-05T03:08:05Z,2026-08-05T03:08:05Z
greenhouse,8044493,Reddit,"Senior Lead, Marketing Science Partnerships & Insights",Global Client Solutions,"Chicago, IL",0,2026-07-02T20:18:02Z,2026-08-05T02:01:10Z,https://job-boards.greenhouse.io/reddit/jobs/8044493,2026-08-05T03:08:05Z,2026-08-05T03:08:05Z
greenhouse,6960833,Reddit,Senior Machine Learning Engineer,Machine Learning,"Remote - Ontario, Canada",1,2025-08-14T19:50:35Z,2026-06-16T17:35:25Z,https://job-boards.greenhouse.io/reddit/jobs/6960833,2026-08-05T03:08:05Z,2026-08-05T03:08:05Z
greenhouse,6960831,Reddit,Senior Machine Learning Engineer,Machine Learning,Remote - United States,1,2025-08-14T19:50:35Z,2026-06-26T19:48:01Z,https://job-boards.greenhouse.io/reddit/jobs/6960831,2026-08-05T03:08:05Z,2026-08-05T03:08:05Z
greenhouse,8018513,Reddit,"Senior Machine Learning Engineer, Ads Foundational Representations",Ads Engineering,Remote - United Kingdom,1,2026-06-19T15:01:06Z,2026-06-19T23:13:02Z,https://job-boards.greenhouse.io/reddit/jobs/8018513,2026-08-05T03:08:05Z,2026-08-05T03:08:05Z
greenhouse,8018517,Reddit,"Senior Machine Learning Engineer, Ads Foundational Representations",Ads Engineering,Remote - The Netherlands,1,2026-06-19T15:02:11Z,2026-06-19T23:13:39Z,https://job-boards.greenhouse.io/reddit/jobs/8018517,2026-08-05T03:08:05Z,2026-08-05T03:08:05Z
greenhouse,7891887,Reddit,"Senior Machine Learning Engineer, GenAI Security",Machine Learning,Remote - United States,1,2026-05-05T00:08:10Z,2026-07-29T01:05:05Z,https://job-boards.greenhouse.io/reddit/jobs/7891887,2026-08-05T03:08:05Z,2026-08-05T03:08:05Z
greenhouse,7729096,Reddit,"Senior Machine Learning Engineer, Safety",Anti-Evil Engineering,Remote - United States,1,2026-07-20T17:09:37Z,2026-07-20T17:09:37Z,https://job-boards.greenhouse.io/reddit/jobs/7729096,2026-08-05T03:08:05Z,2026-08-05T03:08:05Z
greenhouse,7731772,Reddit,Senior Machine Learning Systems Engineer,Machine Learning,Remote - United States,1,2026-03-18T13:43:19Z,2026-06-29T17:46:34Z,https://job-boards.greenhouse.io/reddit/jobs/7731772,2026-08-05T03:08:05Z,2026-08-05T03:08:05Z
greenhouse,8009153,Reddit,"Senior Machine Learning Systems Engineer, Ranking Platform",Machine Learning,Remote - United States,1,2026-06-16T00:54:35Z,2026-06-16T00:54:35Z,https://job-boards.greenhouse.io/reddit/jobs/8009153,2026-08-05T03:08:05Z,2026-08-05T03:08:05Z
greenhouse,8010607,Reddit,"Senior Manager, Large Customer Sales (Entertainment)",Large Customer Sales,"Los Angeles, CA",0,2026-06-16T17:30:29Z,2026-08-05T02:01:10Z,https://job-boards.greenhouse.io/reddit/jobs/8010607,2026-08-05T03:08:05Z,2026-08-05T03:08:05Z
greenhouse,8023926,Reddit,"Senior Manager, Large Customer Sales - UK",Large Customer Sales,"London, United Kingdom",0,2026-06-30T10:42:55Z,2026-07-02T23:56:17Z,https://job-boards.greenhouse.io/reddit/jobs/8023926,2026-08-05T03:08:05Z,2026-08-05T03:08:05Z
greenhouse,7735760,Reddit,"Senior Product Adoption Strategist, Lower Funnel, EMEA",Global Client Solutions,"London, United Kingdom",0,2026-03-19T16:03:38Z,2026-07-02T23:58:17Z,https://job-boards.greenhouse.io/reddit/jobs/7735760,2026-08-05T03:08:05Z,2026-08-05T03:08:05Z
greenhouse,8081271,Reddit,"Senior Product Adoption Strategist, Shopping",Global Client Solutions,Remote - United States,1,2026-07-24T08:13:58Z,2026-08-05T02:01:06Z,https://job-boards.greenhouse.io/reddit/jobs/8081271,2026-08-05T03:08:05Z,2026-08-05T03:08:05Z
greenhouse,7762079,Reddit,"Senior Product Manager, GTM Automation",Sales Strategy & Operations,"San Francisco, CA",0,2026-03-30T16:01:10Z,2026-08-05T02:01:08Z,https://job-boards.greenhouse.io/reddit/jobs/7762079,2026-08-05T03:08:05Z,2026-08-05T03:08:05Z
greenhouse,8039261,Reddit,"Senior Security Engineer, AI Security ",Privacy and Assurance,Remote - United States,1,2026-06-30T18:50:45Z,2026-07-08T16:15:26Z,https://job-boards.greenhouse.io/reddit/jobs/8039261,2026-08-05T03:08:05Z,2026-08-05T03:08:05Z
greenhouse,6909091,Reddit,"Senior Software Engineer, Ads",Ads Engineering,Remote - United States,1,2025-08-13T20:34:44Z,2026-06-17T18:31:21Z,https://job-boards.greenhouse.io/reddit/jobs/6909091,2026-08-05T03:08:05Z,2026-08-05T03:08:05Z
greenhouse,7902277,Reddit,"Senior Software Engineer, Compute Platform",BE Platform,Remote - United States,1,2026-05-08T19:22:38Z,2026-08-04T16:40:53Z,https://job-boards.greenhouse.io/reddit/jobs/7902277,2026-08-05T03:08:05Z,2026-08-05T03:08:05Z
greenhouse,8022448,Reddit,"Senior Software Engineer, Core Platform",BE Platform,"Chicago, IL",0,2026-06-23T15:30:22Z,2026-07-29T18:50:16Z,https://job-boards.greenhouse.io/reddit/jobs/8022448,2026-08-05T03:08:05Z,2026-08-05T03:08:05Z
greenhouse,8022446,Reddit,"Senior Software Engineer, Core Platform",BE Platform,"San Francisco, CA",0,2026-06-23T15:29:40Z,2026-07-29T18:50:16Z,https://job-boards.greenhouse.io/reddit/jobs/8022446,2026-08-05T03:08:05Z,2026-08-05T03:08:05Z
greenhouse,8022447,Reddit,"Senior Software Engineer, Core Platform",BE Platform,"Los Angeles, CA",0,2026-06-23T15:29:56Z,2026-07-29T18:50:16Z,https://job-boards.greenhouse.io/reddit/jobs/8022447,2026-08-05T03:08:05Z,2026-08-05T03:08:05Z
greenhouse,8022441,Reddit,"Senior Software Engineer, Core Platform",BE Platform,Remote - United States,1,2026-06-22T22:00:27Z,2026-07-29T18:50:16Z,https://job-boards.greenhouse.io/reddit/jobs/8022441,2026-08-05T03:08:05Z,2026-08-05T03:08:05Z
greenhouse,8022449,Reddit,"Senior Software Engineer, Core Platform",BE Platform,"New York City, NY",0,2026-06-23T15:30:40Z,2026-07-29T18:50:16Z,https://job-boards.greenhouse.io/reddit/jobs/8022449,2026-08-05T03:08:05Z,2026-08-05T03:08:05Z
greenhouse,7950520,Reddit,Senior Software Engineer - DevX,DevPlatform,Remote - United States,1,2026-05-21T16:03:27Z,2026-07-10T15:43:08Z,https://job-boards.greenhouse.io/reddit/jobs/7950520,2026-08-05T03:08:05Z,2026-08-05T03:08:05Z
greenhouse,7976852,Reddit,Senior Software Engineer - Full Stack Internal Tooling (Build and Deployment Platform),BE Platform,Remote - United States,1,2026-06-02T22:18:01Z,2026-06-30T14:28:19Z,https://job-boards.greenhouse.io/reddit/jobs/7976852,2026-08-05T03:08:05Z,2026-08-05T03:08:05Z
greenhouse,7753480,Reddit,"Senior Software Engineer, GenAI Platform",Safety,Remote - United States,1,2026-03-26T15:32:01Z,2026-08-04T16:40:34Z,https://job-boards.greenhouse.io/reddit/jobs/7753480,2026-08-05T03:08:05Z,2026-08-05T03:08:05Z
greenhouse,7309137,Reddit,"Senior Software Engineer, GraphQL",BE Platform,Remote - United States,1,2025-10-14T16:29:09Z,2026-07-30T19:25:37Z,https://job-boards.greenhouse.io/reddit/jobs/7309137,2026-08-05T03:08:05Z,2026-08-05T03:08:05Z
greenhouse,8106246,Reddit,Senior Software Engineer - Messaging,BE Platform,Remote - United States,1,2026-08-04T18:46:03Z,2026-08-04T18:46:03Z,https://job-boards.greenhouse.io/reddit/jobs/8106246,2026-08-05T03:08:05Z,2026-08-05T03:08:05Z
greenhouse,8024892,Reddit,"Senior Software Engineer, Presence",Engineering,Remote - United States,1,2026-06-23T22:16:43Z,2026-06-29T17:20:40Z,https://job-boards.greenhouse.io/reddit/jobs/8024892,2026-08-05T03:08:05Z,2026-08-05T03:08:05Z
greenhouse,7511679,Reddit,"Senior Software Engineer, Storage",BE Platform,Remote - United States,1,2026-01-06T17:21:15Z,2026-06-30T14:28:18Z,https://job-boards.greenhouse.io/reddit/jobs/7511679,2026-08-05T03:08:05Z,2026-08-05T03:08:05Z
greenhouse,8018466,Reddit,"Senior SRE, Ads",BE Platform,Remote - Ireland,1,2026-06-19T14:48:54Z,2026-07-08T21:02:32Z,https://job-boards.greenhouse.io/reddit/jobs/8018466,2026-08-05T03:08:05Z,2026-08-05T03:08:05Z
greenhouse,8016253,Reddit,"Senior SRE, Ads",BE Platform,Remote - United Kingdom,1,2026-06-19T14:48:53Z,2026-07-08T21:02:32Z,https://job-boards.greenhouse.io/reddit/jobs/8016253,2026-08-05T03:08:05Z,2026-08-05T03:08:05Z
greenhouse,8018469,Reddit,"Senior SRE, Ads",BE Platform,Remote - The Netherlands,1,2026-06-19T14:48:55Z,2026-07-08T21:02:32Z,https://job-boards.greenhouse.io/reddit/jobs/8018469,2026-08-05T03:08:05Z,2026-08-05T03:08:05Z
greenhouse,7974504,Reddit,Senior Staff Data Scientist - Consumer Experimentation,Consumer Data Science,Remote - United States,1,2026-06-01T18:44:40Z,2026-07-10T15:49:33Z,https://job-boards.greenhouse.io/reddit/jobs/7974504,2026-08-05T03:08:05Z,2026-08-05T03:08:05Z
greenhouse,7974507,Reddit,Senior Staff Data Scientist - Consumer Experimentation,Consumer Data Science,"Remote - Ontario, Canada",1,2026-06-01T18:44:39Z,2026-07-10T15:49:33Z,https://job-boards.greenhouse.io/reddit/jobs/7974507,2026-08-05T03:08:05Z,2026-08-05T03:08:05Z
greenhouse,7974605,Reddit,Senior Staff Data Scientist - Consumer Relevance,Consumer Data Science,Remote - United States,1,2026-06-01T19:41:01Z,2026-08-05T02:01:11Z,https://job-boards.greenhouse.io/reddit/jobs/7974605,2026-08-05T03:08:05Z,2026-08-05T03:08:05Z
greenhouse,7974647,Reddit,Senior Staff Data Scientist - Consumer Relevance,Consumer Data Science,"Remote - Ontario, Canada",1,2026-06-01T19:42:28Z,2026-08-05T02:01:11Z,https://job-boards.greenhouse.io/reddit/jobs/7974647,2026-08-05T03:08:05Z,2026-08-05T03:08:05Z
greenhouse,7772274,Reddit,"Senior Staff Machine Learning Engineer, GenAI Platform",BE Platform,Remote - United States,1,2026-04-01T13:23:11Z,2026-06-30T14:28:18Z,https://job-boards.greenhouse.io/reddit/jobs/7772274,2026-08-05T03:08:05Z,2026-08-05T03:08:05Z
greenhouse,7847148,Reddit,"Senior Staff Machine Learning Engineer, ML Understanding",Machine Learning,Remote - United States,1,2026-04-23T17:13:17Z,2026-08-03T15:18:54Z,https://job-boards.greenhouse.io/reddit/jobs/7847148,2026-08-05T03:08:05Z,2026-08-05T03:08:05Z
greenhouse,7979933,Reddit,"Senior Staff Machine Learning Engineer, Notifications",Growth,Remote - United States,1,2026-06-03T18:06:59Z,2026-06-18T00:15:54Z,https://job-boards.greenhouse.io/reddit/jobs/7979933,2026-08-05T03:08:05Z,2026-08-05T03:08:05Z
greenhouse,7833622,Reddit,"Senior Staff ML Engineer, Search & Recommendation",Machine Learning,Remote - United States,1,2026-04-20T19:08:31Z,2026-08-04T22:37:31Z,https://job-boards.greenhouse.io/reddit/jobs/7833622,2026-08-05T03:08:05Z,2026-08-05T03:08:05Z
greenhouse,8060775,Reddit,"Senior Staff Software Engineer, Client Architecture",Growth,Remote - United States,1,2026-07-13T21:21:02Z,2026-07-13T21:21:02Z,https://job-boards.greenhouse.io/reddit/jobs/8060775,2026-08-05T03:08:05Z,2026-08-05T03:08:05Z
greenhouse,8016908,Reddit,Senior Technical Solutions Manager,Sales Strategy & Operations,"Sydney, Australia",0,2026-07-02T18:07:16Z,2026-07-31T00:02:39Z,https://job-boards.greenhouse.io/reddit/jobs/8016908,2026-08-05T03:08:05Z,2026-08-05T03:08:05Z
greenhouse,7905472,Reddit,"Senior Technical Solutions Manager, Signals",Sales Strategy & Operations,"San Francisco, CA",0,2026-05-07T20:48:41Z,2026-08-05T02:01:09Z,https://job-boards.greenhouse.io/reddit/jobs/7905472,2026-08-05T03:08:05Z,2026-08-05T03:08:05Z
greenhouse,7905488,Reddit,"Senior Technical Solutions Manager, Signals",Sales Strategy & Operations,"Los Angeles, CA",0,2026-05-07T20:48:42Z,2026-08-05T02:01:09Z,https://job-boards.greenhouse.io/reddit/jobs/7905488,2026-08-05T03:08:05Z,2026-08-05T03:08:05Z
greenhouse,8067983,Reddit,"Senior Vendor Performance Manager, North America",Mid Market & SMB,"Salt Lake City, UT",0,2026-07-15T23:13:21Z,2026-08-05T02:01:11Z,https://job-boards.greenhouse.io/reddit/jobs/8067983,2026-08-05T03:08:05Z,2026-08-05T03:08:05Z
greenhouse,6909093,Reddit,Software Engineer,Ads Engineering,"Remote - Ontario, Canada",1,2025-10-21T20:46:52Z,2026-06-17T18:31:22Z,https://job-boards.greenhouse.io/reddit/jobs/6909093,2026-08-05T03:08:05Z,2026-08-05T03:08:05Z
greenhouse,6512458,Reddit,"Software Engineer, Ads",Ads Engineering,"Remote - Ontario, Canada",1,2025-01-07T00:00:56Z,2026-05-18T18:51:18Z,https://job-boards.greenhouse.io/reddit/jobs/6512458,2026-08-05T03:08:05Z,2026-08-05T03:08:05Z
greenhouse,6469397,Reddit,"Software Engineer, Ads",Ads Engineering,Remote - United States,1,2025-01-06T23:59:24Z,2026-05-18T18:51:17Z,https://job-boards.greenhouse.io/reddit/jobs/6469397,2026-08-05T03:08:05Z,2026-08-05T03:08:05Z
greenhouse,7997866,Reddit,Software Engineer - Data Movement Platform,Data Platform,Remote - United States,1,2026-06-12T23:07:02Z,2026-06-30T14:28:20Z,https://job-boards.greenhouse.io/reddit/jobs/7997866,2026-08-05T03:08:05Z,2026-08-05T03:08:05Z
greenhouse,7947897,Reddit,"Sr. Manager, Large Customer Sales (Big Box Retail)",Large Customer Sales,"Chicago, IL",0,2026-05-27T19:47:02Z,2026-08-05T02:01:08Z,https://job-boards.greenhouse.io/reddit/jobs/7947897,2026-08-05T03:08:05Z,2026-08-05T03:08:05Z
greenhouse,8072046,Reddit,"Sr. Staff Data Scientist - Ads Measurement, Signals, Privacy",Ads Data Science,Remote - United States,1,2026-07-17T16:07:28Z,2026-08-05T02:01:12Z,https://job-boards.greenhouse.io/reddit/jobs/8072046,2026-08-05T03:08:05Z,2026-08-05T03:08:05Z
greenhouse,8103594,Reddit,"Sr. Staff Data Scientist - Ads Measurement, Signals, Privacy",Ads Data Science,"Toronto, Canada",0,2026-08-03T17:26:42Z,2026-08-05T02:01:12Z,https://job-boards.greenhouse.io/reddit/jobs/8103594,2026-08-05T03:08:05Z,2026-08-05T03:08:05Z
greenhouse,7847270,Reddit,"Staff Android Engineer, Brand Ad Formats",Engineering,"Chicago, IL",0,2026-04-23T16:35:41Z,2026-05-14T17:35:08Z,https://job-boards.greenhouse.io/reddit/jobs/7847270,2026-08-05T03:08:05Z,2026-08-05T03:08:05Z
greenhouse,7847274,Reddit,"Staff Android Engineer, Brand Ad Formats",Engineering,"New York City, NY",0,2026-04-23T16:35:42Z,2026-05-14T17:35:08Z,https://job-boards.greenhouse.io/reddit/jobs/7847274,2026-08-05T03:08:05Z,2026-08-05T03:08:05Z
greenhouse,7847266,Reddit,"Staff Android Engineer, Brand Ad Formats",Engineering,Remote - United States,1,2026-04-23T16:34:23Z,2026-05-14T17:35:08Z,https://job-boards.greenhouse.io/reddit/jobs/7847266,2026-08-05T03:08:05Z,2026-08-05T03:08:05Z
greenhouse,8011428,Reddit,"Staff Backend Engineer, Safety","Consumer, Contributor, Moderator",Remote - United States,1,2026-06-23T16:42:51Z,2026-07-08T16:17:09Z,https://job-boards.greenhouse.io/reddit/jobs/8011428,2026-08-05T03:08:05Z,2026-08-05T03:08:05Z
greenhouse,7721851,Reddit,"Staff Data Scientist, Ads",Ads Data Science,"Remote - Ontario, Canada",1,2026-03-16T15:22:45Z,2026-07-10T15:48:15Z,https://job-boards.greenhouse.io/reddit/jobs/7721851,2026-08-05T03:08:05Z,2026-08-05T03:08:05Z
greenhouse,7721787,Reddit,"Staff Data Scientist, Ads",Ads Data Science,Remote - United States,1,2026-03-16T15:22:46Z,2026-07-10T15:48:15Z,https://job-boards.greenhouse.io/reddit/jobs/7721787,2026-08-05T03:08:05Z,2026-08-05T03:08:05Z
greenhouse,8072076,Reddit,"Staff Data Scientist - Ads Measurement, Signals, Privacy",Ads Data Science,Remote - United States,1,2026-07-17T16:15:48Z,2026-08-05T02:01:12Z,https://job-boards.greenhouse.io/reddit/jobs/8072076,2026-08-05T03:08:05Z,2026-08-05T03:08:05Z
greenhouse,8103609,Reddit,"Staff Data Scientist - Ads Measurement, Signals, Privacy",Ads Data Science,"Toronto, Canada",0,2026-08-03T17:30:50Z,2026-08-05T02:01:12Z,https://job-boards.greenhouse.io/reddit/jobs/8103609,2026-08-05T03:08:05Z,2026-08-05T03:08:05Z
greenhouse,7931007,Reddit,"Staff Data Scientist, Consumer",Consumer Data Science,"Remote - Ontario, Canada",1,2026-05-15T17:28:22Z,2026-07-10T15:44:52Z,https://job-boards.greenhouse.io/reddit/jobs/7931007,2026-08-05T03:08:05Z,2026-08-05T03:08:05Z
greenhouse,6745284,Reddit,"Staff Data Scientist, Consumer",Consumer Data Science,Remote - United States,1,2025-04-24T15:14:49Z,2026-07-10T15:44:52Z,https://job-boards.greenhouse.io/reddit/jobs/6745284,2026-08-05T03:08:05Z,2026-08-05T03:08:05Z
greenhouse,7931000,Reddit,"Staff Data Scientist, Marketing",Consumer Data Science,"Remote - Ontario, Canada",1,2026-05-15T17:25:36Z,2026-07-10T15:41:33Z,https://job-boards.greenhouse.io/reddit/jobs/7931000,2026-08-05T03:08:05Z,2026-08-05T03:08:05Z
greenhouse,7445240,Reddit,"Staff Data Scientist, Marketing",Consumer Data Science,Remote - United States,1,2026-05-05T18:32:22Z,2026-07-10T15:41:33Z,https://job-boards.greenhouse.io/reddit/jobs/7445240,2026-08-05T03:08:05Z,2026-08-05T03:08:05Z
greenhouse,7980795,Reddit,"Staff Engineer, Ads Business Manager",Ads Engineering,Remote - United States,1,2026-06-03T23:18:21Z,2026-08-05T02:01:07Z,https://job-boards.greenhouse.io/reddit/jobs/7980795,2026-08-05T03:08:05Z,2026-08-05T03:08:05Z
greenhouse,8082867,Reddit,"Staff Frontend Engineer, Ads Creative",Ads Engineering,Remote - United States,1,2026-07-24T02:37:44Z,2026-08-05T02:01:12Z,https://job-boards.greenhouse.io/reddit/jobs/8082867,2026-08-05T03:08:05Z,2026-08-05T03:08:05Z
greenhouse,7895156,Reddit,"Staff iOS Engineer, Media Foundation",Growth,Remote - United States,1,2026-05-12T16:36:11Z,2026-07-28T22:15:41Z,https://job-boards.greenhouse.io/reddit/jobs/7895156,2026-08-05T03:08:05Z,2026-08-05T03:08:05Z
greenhouse,7890096,Reddit,"Staff Machine Learning Engineer, Ads Measurement Modeling",Ads Engineering,Remote - United States,1,2026-05-04T19:51:39Z,2026-05-14T18:49:55Z,https://job-boards.greenhouse.io/reddit/jobs/7890096,2026-08-05T03:08:05Z,2026-08-05T03:08:05Z
greenhouse,7747244,Reddit,"Staff Machine Learning Engineer, Consumer ",Machine Learning,Remote - United States,1,2026-03-24T20:30:14Z,2026-05-14T17:29:23Z,https://job-boards.greenhouse.io/reddit/jobs/7747244,2026-08-05T03:08:05Z,2026-08-05T03:08:05Z
greenhouse,8018527,Reddit,"Staff Machine Learning Engineer, ML Efficiency ",Ads Engineering,Remote - United Kingdom,1,2026-06-19T15:10:12Z,2026-06-19T15:10:12Z,https://job-boards.greenhouse.io/reddit/jobs/8018527,2026-08-05T03:08:05Z,2026-08-05T03:08:05Z
greenhouse,8018532,Reddit,"Staff Machine Learning Engineer, ML Efficiency ",Ads Engineering,Remote - The Netherlands,1,2026-06-19T15:11:27Z,2026-06-19T15:11:27Z,https://job-boards.greenhouse.io/reddit/jobs/8018532,2026-08-05T03:08:05Z,2026-08-05T03:08:05Z
greenhouse,7992035,Reddit,"Staff Machine Learning Engineer, Notifications Relevance",Machine Learning,Remote - United States,1,2026-06-17T18:30:51Z,2026-06-30T14:28:17Z,https://job-boards.greenhouse.io/reddit/jobs/7992035,2026-08-05T03:08:05Z,2026-08-05T03:08:05Z
greenhouse,8001642,Reddit,"Staff Machine Learning Software Engineer, Embeddings Platform",Machine Learning,Remote - United States,1,2026-06-11T20:26:50Z,2026-08-04T21:14:44Z,https://job-boards.greenhouse.io/reddit/jobs/8001642,2026-08-05T03:08:05Z,2026-08-05T03:08:05Z
greenhouse,7731788,Reddit,Staff Machine Learning Systems Engineer,Machine Learning,Remote - United States,1,2026-03-18T13:45:58Z,2026-05-14T17:18:55Z,https://job-boards.greenhouse.io/reddit/jobs/7731788,2026-08-05T03:08:05Z,2026-08-05T03:08:05Z
greenhouse,8094764,Reddit,Staff People Integrations Engineer,P&C Operations,Remote - United States,1,2026-07-30T19:17:35Z,2026-07-30T19:17:35Z,https://job-boards.greenhouse.io/reddit/jobs/8094764,2026-08-05T03:08:05Z,2026-08-05T03:08:05Z
greenhouse,7701558,Reddit,"Staff Product Designer, Growth",Product Design,Remote - United States,1,2026-03-10T21:57:04Z,2026-07-28T15:30:50Z,https://job-boards.greenhouse.io/reddit/jobs/7701558,2026-08-05T03:08:05Z,2026-08-05T03:08:05Z
greenhouse,8070669,Reddit,"Staff Product Manager, Ads Trust and Safety",Ads Product,Remote - United States,1,2026-07-21T23:31:07Z,2026-08-05T02:01:12Z,https://job-boards.greenhouse.io/reddit/jobs/8070669,2026-08-05T03:08:05Z,2026-08-05T03:08:05Z
greenhouse,8060091,Reddit,"Staff Product Manager, Games Ecosystem",Consumer,Remote - United States,1,2026-07-17T11:39:30Z,2026-07-17T11:41:51Z,https://job-boards.greenhouse.io/reddit/jobs/8060091,2026-08-05T03:08:05Z,2026-08-05T03:08:05Z
greenhouse,7997186,Reddit,"Staff Product Manager, Growth",Consumer,Remote - United States,1,2026-06-15T16:45:55Z,2026-06-22T18:23:59Z,https://job-boards.greenhouse.io/reddit/jobs/7997186,2026-08-05T03:08:05Z,2026-08-05T03:08:05Z
greenhouse,7868511,Reddit,Staff Product Security Engineer,Privacy and Assurance,Remote - United States,1,2026-04-29T21:51:03Z,2026-07-08T16:15:26Z,https://job-boards.greenhouse.io/reddit/jobs/7868511,2026-08-05T03:08:05Z,2026-08-05T03:08:05Z
greenhouse,7555007,Reddit,"Staff Research Engineer, Post-training & Evaluation",Anti-Evil Engineering,Remote - United States,1,2026-02-13T23:18:02Z,2026-07-08T16:17:09Z,https://job-boards.greenhouse.io/reddit/jobs/7555007,2026-08-05T03:08:05Z,2026-08-05T03:08:05Z
greenhouse,7956443,Reddit,Staff Site Reliability Engineer - Site Experience,Site Reliability,Remote - United Kingdom,1,2026-05-25T15:42:10Z,2026-06-30T14:28:19Z,https://job-boards.greenhouse.io/reddit/jobs/7956443,2026-08-05T03:08:05Z,2026-08-05T03:08:05Z
greenhouse,7909463,Reddit,Staff Site Reliability Engineer - Site Experience,Site Reliability,"Dublin, Ireland",0,2026-05-08T20:42:42Z,2026-06-30T14:28:19Z,https://job-boards.greenhouse.io/reddit/jobs/7909463,2026-08-05T03:08:05Z,2026-08-05T03:08:05Z
greenhouse,8049901,Reddit,"Staff Software Engineer, DevPlatform",DevPlatform,Remote - United States,1,2026-07-07T22:59:52Z,2026-07-07T22:59:52Z,https://job-boards.greenhouse.io/reddit/jobs/8049901,2026-08-05T03:08:05Z,2026-08-05T03:08:05Z
greenhouse,8031491,Reddit,"Staff Software Engineer, Identity & Access Management",Security,Remote - United States,1,2026-06-26T22:26:08Z,2026-07-08T16:15:27Z,https://job-boards.greenhouse.io/reddit/jobs/8031491,2026-08-05T03:08:05Z,2026-08-05T03:08:05Z
greenhouse,8029641,Reddit,"Staff Software Engineer, Media Experiences",Growth,Remote - United States,1,2026-06-25T23:17:41Z,2026-07-07T20:15:58Z,https://job-boards.greenhouse.io/reddit/jobs/8029641,2026-08-05T03:08:05Z,2026-08-05T03:08:05Z
greenhouse,7961154,Reddit,"Staff Software Engineer, Onboarding",Growth,Remote - United States,1,2026-06-03T21:30:13Z,2026-06-04T22:36:41Z,https://job-boards.greenhouse.io/reddit/jobs/7961154,2026-08-05T03:08:05Z,2026-08-05T03:08:05Z
greenhouse,8018561,Reddit,"Staff SRE, Ads",BE Platform,Remote - Ireland,1,2026-06-19T15:28:53Z,2026-06-19T15:28:53Z,https://job-boards.greenhouse.io/reddit/jobs/8018561,2026-08-05T03:08:05Z,2026-08-05T03:08:05Z
greenhouse,8018562,Reddit,"Staff SRE, Ads",BE Platform,Remote - The Netherlands,1,2026-06-19T15:28:54Z,2026-06-19T15:28:54Z,https://job-boards.greenhouse.io/reddit/jobs/8018562,2026-08-05T03:08:05Z,2026-08-05T03:08:05Z
greenhouse,8018555,Reddit,"Staff SRE, Ads",BE Platform,Remote - United Kingdom,1,2026-06-19T15:28:52Z,2026-06-19T15:28:52Z,https://job-boards.greenhouse.io/reddit/jobs/8018555,2026-08-05T03:08:05Z,2026-08-05T03:08:05Z
greenhouse,7954001,Reddit,"Staff Technical Product Manager, Ads ML Platform ",Ads Product,Remote - United States,1,2026-05-22T15:01:56Z,2026-08-05T02:01:07Z,https://job-boards.greenhouse.io/reddit/jobs/7954001,2026-08-05T03:08:05Z,2026-08-05T03:08:05Z
greenhouse,8049762,Reddit,Staff Technical Program Manager,TPM,Remote - United States,1,2026-07-07T21:33:00Z,2026-07-08T13:19:12Z,https://job-boards.greenhouse.io/reddit/jobs/8049762,2026-08-05T03:08:05Z,2026-08-05T03:08:05Z
greenhouse,7572902,Reddit,"Tax, Senior Manager",Tax & Strategic Sourcing,Remote - United States,1,2026-01-28T21:53:34Z,2026-05-14T17:40:53Z,https://job-boards.greenhouse.io/reddit/jobs/7572902,2026-08-05T03:08:05Z,2026-08-05T03:08:05Z
greenhouse,5999792004,Vercel,"Account Executive, Majors",Account Executive,Hybrid - London,0,2026-05-21T13:26:09Z,2026-07-22T16:50:03Z,https://job-boards.greenhouse.io/vercel/jobs/5999792004,2026-08-05T03:08:05Z,2026-08-05T03:08:05Z
greenhouse,5841911004,Vercel,"Account Executive, Majors (APAC)",Account Executive,Hybrid - Sydney,0,2026-06-23T22:49:37Z,2026-07-22T16:50:03Z,https://job-boards.greenhouse.io/vercel/jobs/5841911004,2026-08-05T03:08:05Z,2026-08-05T03:08:05Z
greenhouse,6100103004,Vercel,"Account Executive, Majors- Install Base (APAC)",Account Executive,Hybrid - Sydney,0,2026-06-25T16:45:34Z,2026-07-22T16:50:03Z,https://job-boards.greenhouse.io/vercel/jobs/6100103004,2026-08-05T03:08:05Z,2026-08-05T03:08:05Z
greenhouse,5624231004,Vercel,"Account Executive- Startups, Greenfield",Account Executive,"Hybrid - San Francisco, New York City, Austin",0,2025-08-19T20:38:26Z,2026-07-22T16:50:03Z,https://job-boards.greenhouse.io/vercel/jobs/5624231004,2026-08-05T03:08:05Z,2026-08-05T03:08:05Z
greenhouse,5752956004,Vercel,"Account Executive-Startups, Greenfield (EMEA)",Account Executive,Hybrid - London,0,2026-01-08T16:54:22Z,2026-07-22T16:50:03Z,https://job-boards.greenhouse.io/vercel/jobs/5752956004,2026-08-05T03:08:05Z,2026-08-05T03:08:05Z
greenhouse,6120092004,Vercel,AI Accelerator Lead ,Marketing,"Hybrid - San Francisco, New York City",0,2026-07-21T15:40:11Z,2026-07-24T15:20:19Z,https://job-boards.greenhouse.io/vercel/jobs/6120092004,2026-08-05T03:08:05Z,2026-08-05T03:08:05Z
greenhouse,5039945004,Vercel,"Business Development Representative, Majors",Sales Development,"Hybrid - San Francisco, New York City, Austin",0,2024-01-03T11:57:18Z,2026-07-24T19:04:37Z,https://job-boards.greenhouse.io/vercel/jobs/5039945004,2026-08-05T03:08:05Z,2026-08-05T03:08:05Z
greenhouse,5042166004,Vercel,"Commercial Account Executive, Greenfield ",Account Executive,"Hybrid - San Francisco, New York City, Austin",0,2024-01-09T17:48:37Z,2026-07-22T16:50:03Z,https://job-boards.greenhouse.io/vercel/jobs/5042166004,2026-08-05T03:08:05Z,2026-08-05T03:08:05Z
greenhouse,6123443004,Vercel,"Commercial Account Executive, Install Base",Account Executive,"Hybrid - San Francisco, New York City, Austin",0,2026-07-23T16:49:19Z,2026-07-23T16:49:19Z,https://job-boards.greenhouse.io/vercel/jobs/6123443004,2026-08-05T03:08:05Z,2026-08-05T03:08:05Z
greenhouse,6122437004,Vercel,"DevRel Engineer, Agentic Infrastructure",Engineering,"Hybrid - San Francisco, New York City, Austin",0,2026-07-22T17:27:13Z,2026-07-23T17:37:26Z,https://job-boards.greenhouse.io/vercel/jobs/6122437004,2026-08-05T03:08:05Z,2026-08-05T03:08:05Z
greenhouse,5974107004,Vercel,"Director, Commercial Sales, EMEA",Account Executive,Hybrid - London,0,2026-04-25T14:31:12Z,2026-07-22T16:50:03Z,https://job-boards.greenhouse.io/vercel/jobs/5974107004,2026-08-05T03:08:05Z,2026-08-05T03:08:05Z
greenhouse,6099752004,Vercel,"Director, Major Sales",Account Executive,Hybrid - New York City,0,2026-06-26T15:44:06Z,2026-07-22T16:50:03Z,https://job-boards.greenhouse.io/vercel/jobs/6099752004,2026-08-05T03:08:05Z,2026-08-05T03:08:05Z
greenhouse,6120051004,Vercel,Director of Forward Deployed Engineering,Professional Services,"Hybrid - San Francisco, New York City, Austin",0,2026-07-20T22:04:07Z,2026-07-31T17:00:04Z,https://job-boards.greenhouse.io/vercel/jobs/6120051004,2026-08-05T03:08:05Z,2026-08-05T03:08:05Z
greenhouse,6119846004,Vercel,"Director, Solutions Architect",Solution Architects,"Hybrid - San Francisco, New York City, Austin",0,2026-07-20T21:07:20Z,2026-07-22T16:50:03Z,https://job-boards.greenhouse.io/vercel/jobs/6119846004,2026-08-05T03:08:05Z,2026-08-05T03:08:05Z
greenhouse,5701765004,Vercel,"Engineering Manager, CDN",Engineering,Hybrid - San Francisco,0,2025-11-07T18:46:09Z,2026-07-22T16:50:03Z,https://job-boards.greenhouse.io/vercel/jobs/5701765004,2026-08-05T03:08:05Z,2026-08-05T03:08:05Z
greenhouse,5042174004,Vercel,Enterprise Account Executive,Account Executive,"Hybrid - San Francisco, New York City, Austin",0,2024-07-23T22:03:58Z,2026-07-22T16:50:03Z,https://job-boards.greenhouse.io/vercel/jobs/5042174004,2026-08-05T03:08:05Z,2026-08-05T03:08:05Z
greenhouse,6112143004,Vercel,"Enterprise Account Executive, Retail",Account Executive,"Hybrid - San Francisco, New York City, Austin",0,2026-07-08T23:57:32Z,2026-08-03T14:33:00Z,https://job-boards.greenhouse.io/vercel/jobs/6112143004,2026-08-05T03:08:05Z,2026-08-05T03:08:05Z
greenhouse,6119765004,Vercel,Executive Business Center (EBC) Lead,Marketing,Hybrid - San Francisco,0,2026-07-31T01:08:55Z,2026-07-31T01:08:55Z,https://job-boards.greenhouse.io/vercel/jobs/6119765004,2026-08-05T03:08:05Z,2026-08-05T03:08:05Z
greenhouse,5778418004,Vercel,Forward-Deployed Engineer,Professional Services,"Hybrid - London, Berlin",0,2026-01-22T16:37:20Z,2026-07-22T16:50:03Z,https://job-boards.greenhouse.io/vercel/jobs/5778418004,2026-08-05T03:08:05Z,2026-08-05T03:08:05Z
greenhouse,5752684004,Vercel,Forward-Deployed Engineer ,Professional Services,"Hybrid - San Francisco, New York City, Austin",0,2026-01-07T20:45:38Z,2026-07-22T16:50:03Z,https://job-boards.greenhouse.io/vercel/jobs/5752684004,2026-08-05T03:08:05Z,2026-08-05T03:08:05Z
greenhouse,6123758004,Vercel,Global Benefits Lead,People,"Hybrid - San Francisco, New York City",0,2026-07-23T22:41:18Z,2026-07-23T22:41:18Z,https://job-boards.greenhouse.io/vercel/jobs/6123758004,2026-08-05T03:08:05Z,2026-08-05T03:08:05Z
greenhouse,6102654004,Vercel,GRC Analyst,Security,Remote - United States,1,2026-07-02T19:59:03Z,2026-07-22T16:50:03Z,https://job-boards.greenhouse.io/vercel/jobs/6102654004,2026-08-05T03:08:05Z,2026-08-05T03:08:05Z
greenhouse,6016765004,Vercel,"Growth Marketing Manager, Agent Stack ",Marketing,"Hybrid - San Francisco, New York City, Austin",0,2026-06-12T02:47:22Z,2026-07-22T16:50:03Z,https://job-boards.greenhouse.io/vercel/jobs/6016765004,2026-08-05T03:08:05Z,2026-08-05T03:08:05Z
greenhouse,6119988004,Vercel,"Growth Marketing Manager, Discoverability ",Marketing,"Hybrid - San Francisco, New York City, Austin",0,2026-07-20T21:17:17Z,2026-07-22T16:50:03Z,https://job-boards.greenhouse.io/vercel/jobs/6119988004,2026-08-05T03:08:05Z,2026-08-05T03:08:05Z
greenhouse,6119471004,Vercel,"GTM Acceleration Lead, Value Selling",Field Readiness,"Hybrid - San Francisco, New York City, Austin",0,2026-07-29T19:48:34Z,2026-07-29T19:48:34Z,https://job-boards.greenhouse.io/vercel/jobs/6119471004,2026-08-05T03:08:05Z,2026-08-05T03:08:05Z
greenhouse,5984039004,Vercel,"GTM Acceleration, Technical Solutions",Field Readiness,"Hybrid - San Francisco, New York City, Austin",0,2026-07-29T19:48:18Z,2026-07-29T19:48:18Z,https://job-boards.greenhouse.io/vercel/jobs/5984039004,2026-08-05T03:08:05Z,2026-08-05T03:08:05Z
greenhouse,5832366004,Vercel,Head of Developer Community,Marketing,"Hybrid - San Francisco, New York City, Austin",0,2026-03-23T15:54:14Z,2026-07-22T16:50:03Z,https://job-boards.greenhouse.io/vercel/jobs/5832366004,2026-08-05T03:08:05Z,2026-08-05T03:08:05Z
greenhouse,5979111004,Vercel,Head of Field Engineering Operations,Field Readiness,Hybrid - San Francisco,0,2026-04-27T16:13:07Z,2026-07-22T16:50:03Z,https://job-boards.greenhouse.io/vercel/jobs/5979111004,2026-08-05T03:08:05Z,2026-08-05T03:08:05Z
greenhouse,5974111004,Vercel,"Head of Southern Europe, Enterprise / Majors",Account Executive,Hybrid - London,0,2026-04-24T22:06:03Z,2026-07-22T16:50:03Z,https://job-boards.greenhouse.io/vercel/jobs/5974111004,2026-08-05T03:08:05Z,2026-08-05T03:08:05Z
greenhouse,6020852004,Vercel,IT Systems Engineer,Security,"Hybrid - San Francisco, New York City, London",0,2026-07-30T23:23:19Z,2026-07-30T23:24:42Z,https://job-boards.greenhouse.io/vercel/jobs/6020852004,2026-08-05T03:08:05Z,2026-08-05T03:08:05Z
greenhouse,6016454004,Vercel,"Manager, Commercial Sales",Account Executive,"Hybrid - San Francisco, New York City, Austin",0,2026-06-15T16:21:00Z,2026-07-22T16:50:03Z,https://job-boards.greenhouse.io/vercel/jobs/6016454004,2026-08-05T03:08:05Z,2026-08-05T03:08:05Z
greenhouse,5806456004,Vercel,"Manager, Solutions Architecture",Solution Architects,"Hybrid - San Francisco, New York City, Austin",0,2026-02-18T15:53:04Z,2026-07-22T16:50:03Z,https://job-boards.greenhouse.io/vercel/jobs/5806456004,2026-08-05T03:08:05Z,2026-08-05T03:08:05Z
greenhouse,5980197004,Vercel,"Media Engineer, Social",Marketing,"Hybrid - San Francisco, New York City",0,2026-04-23T21:40:01Z,2026-07-22T16:50:03Z,https://job-boards.greenhouse.io/vercel/jobs/5980197004,2026-08-05T03:08:05Z,2026-08-05T03:08:05Z
greenhouse,5844601004,Vercel,"Partner Lead, EMEA",Partnerships,"Hybrid - London, Berlin",0,2026-04-02T22:05:08Z,2026-07-22T16:50:03Z,https://job-boards.greenhouse.io/vercel/jobs/5844601004,2026-08-05T03:08:05Z,2026-08-05T03:08:05Z
greenhouse,6087001004,Vercel,Partner Operations Lead,Field Readiness,"Hybrid - San Francisco, New York City, Austin",0,2026-06-16T18:53:38Z,2026-07-22T16:50:03Z,https://job-boards.greenhouse.io/vercel/jobs/6087001004,2026-08-05T03:08:05Z,2026-08-05T03:08:05Z
greenhouse,6011904004,Vercel,Performance Marketing Manager ,Marketing,"Hybrid - San Francisco, New York City, Austin",0,2026-06-08T23:58:58Z,2026-07-22T16:50:03Z,https://job-boards.greenhouse.io/vercel/jobs/6011904004,2026-08-05T03:08:05Z,2026-08-05T03:08:05Z
greenhouse,6128387004,Vercel,Presentation Designer,Marketing,"Hybrid - San Francisco, New York City",0,2026-07-30T17:01:50Z,2026-07-30T17:01:50Z,https://job-boards.greenhouse.io/vercel/jobs/6128387004,2026-08-05T03:08:05Z,2026-08-05T03:08:05Z
greenhouse,6121474004,Vercel,"Product Communications Manager, OSS ",Marketing,Hybrid - San Francisco,0,2026-07-21T17:16:29Z,2026-07-22T16:50:03Z,https://job-boards.greenhouse.io/vercel/jobs/6121474004,2026-08-05T03:08:05Z,2026-08-05T03:08:05Z
greenhouse,6102343004,Vercel,Product Security Engineer,Security,"Hybrid - San Francisco, New York City, London, Berlin",0,2026-06-26T02:18:21Z,2026-07-22T16:50:03Z,https://job-boards.greenhouse.io/vercel/jobs/6102343004,2026-08-05T03:08:05Z,2026-08-05T03:08:05Z
greenhouse,6011651004,Vercel,Product Strategy & Operations,Product,Hybrid - San Francisco,0,2026-06-03T07:14:57Z,2026-07-22T16:50:03Z,https://job-boards.greenhouse.io/vercel/jobs/6011651004,2026-08-05T03:08:05Z,2026-08-05T03:08:05Z
greenhouse,5686511004,Vercel,Recruiting Coordinator (Contract),People,"Hybrid - San Francisco, New York City",0,2025-10-22T17:59:50Z,2026-07-27T20:21:40Z,https://job-boards.greenhouse.io/vercel/jobs/5686511004,2026-08-05T03:08:05Z,2026-08-05T03:08:05Z
greenhouse,5557835004,Vercel,"Sales Development Representative, UK&I",Sales Development,Hybrid - London,0,2025-06-05T22:17:52Z,2026-08-03T08:16:30Z,https://job-boards.greenhouse.io/vercel/jobs/5557835004,2026-08-05T03:08:05Z,2026-08-05T03:08:05Z
greenhouse,6102335004,Vercel,"Security Engineer, Cloud",Security,Remote - United States,1,2026-06-26T02:06:55Z,2026-07-22T16:50:03Z,https://job-boards.greenhouse.io/vercel/jobs/6102335004,2026-08-05T03:08:05Z,2026-08-05T03:08:05Z
greenhouse,6111332004,Vercel,"Security Engineer, Detection Response",Security,"Hybrid - San Francisco, New York City, London, Berlin",0,2026-07-08T06:03:13Z,2026-07-22T16:50:03Z,https://job-boards.greenhouse.io/vercel/jobs/6111332004,2026-08-05T03:08:05Z,2026-08-05T03:08:05Z
greenhouse,6093255004,Vercel,"Security Software Engineer, IAM",Security,Remote - United States,1,2026-06-25T00:19:22Z,2026-07-22T16:50:03Z,https://job-boards.greenhouse.io/vercel/jobs/6093255004,2026-08-05T03:08:05Z,2026-08-05T03:08:05Z
greenhouse,6117204004,Vercel,"Security Software Engineer, Open Source Frameworks",Security,"Hybrid - San Francisco, New York City, London, Berlin",0,2026-07-16T18:29:21Z,2026-07-22T16:50:03Z,https://job-boards.greenhouse.io/vercel/jobs/6117204004,2026-08-05T03:08:05Z,2026-08-05T03:08:05Z
greenhouse,6121471004,Vercel,Senior Accountant (India),Controllership,Remote - India,1,2026-07-21T16:19:21Z,2026-07-28T17:37:29Z,https://job-boards.greenhouse.io/vercel/jobs/6121471004,2026-08-05T03:08:05Z,2026-08-05T03:08:05Z
greenhouse,5818258004,Vercel,Senior Customer Support Engineer,Support,"Remote - United Kingdom, Germany",1,2026-03-03T21:26:22Z,2026-07-31T09:09:02Z,https://job-boards.greenhouse.io/vercel/jobs/5818258004,2026-08-05T03:08:05Z,2026-08-05T03:08:05Z
greenhouse,6090854004,Vercel,Senior HRBP - G&A ,People,Hybrid - San Francisco,0,2026-06-16T19:56:00Z,2026-07-22T16:50:03Z,https://job-boards.greenhouse.io/vercel/jobs/6090854004,2026-08-05T03:08:05Z,2026-08-05T03:08:05Z
greenhouse,6122619004,Vercel,Senior Integrated Campaigns Manager,Marketing,"Hybrid - San Francisco, New York City, Austin",0,2026-07-22T17:34:33Z,2026-07-31T01:41:23Z,https://job-boards.greenhouse.io/vercel/jobs/6122619004,2026-08-05T03:08:05Z,2026-08-05T03:08:05Z
greenhouse,5691965004,Vercel,"Senior Legal Counsel, Product",Legal,Hybrid - San Francisco,0,2026-01-26T00:32:30Z,2026-07-22T16:50:03Z,https://job-boards.greenhouse.io/vercel/jobs/5691965004,2026-08-05T03:08:05Z,2026-08-05T03:08:05Z
greenhouse,5810285004,Vercel,"Senior Manager, Corporate Accounting",Controllership,Hybrid - San Francisco,0,2026-02-25T05:23:05Z,2026-07-22T16:50:03Z,https://job-boards.greenhouse.io/vercel/jobs/5810285004,2026-08-05T03:08:05Z,2026-08-05T03:08:05Z
greenhouse,5825469004,Vercel,"Senior Partner Manager, AWS",Partnerships,"Hybrid - San Francisco, New York City, Austin",0,2026-03-12T16:08:34Z,2026-07-22T16:50:03Z,https://job-boards.greenhouse.io/vercel/jobs/5825469004,2026-08-05T03:08:05Z,2026-08-05T03:08:05Z
greenhouse,6006148004,Vercel,Senior Payroll Analyst,Controllership,"Hybrid - San Francisco, New York City, Austin",0,2026-06-04T23:04:31Z,2026-07-22T16:50:03Z,https://job-boards.greenhouse.io/vercel/jobs/6006148004,2026-08-05T03:08:05Z,2026-08-05T03:08:05Z
greenhouse,6131210004,Vercel,"Senior Product Designer, Growth",Design,"Hybrid - San Francisco, New York City",0,2026-07-30T21:52:24Z,2026-07-30T21:52:24Z,https://job-boards.greenhouse.io/vercel/jobs/6131210004,2026-08-05T03:08:05Z,2026-08-05T03:08:05Z
greenhouse,6117209004,Vercel,"Senior Security Software Engineer, v0",Security,"Hybrid - San Francisco, New York City, London, Berlin",0,2026-07-16T18:28:47Z,2026-07-22T16:50:03Z,https://job-boards.greenhouse.io/vercel/jobs/6117209004,2026-08-05T03:08:05Z,2026-08-05T03:08:05Z
greenhouse,6112845004,Vercel,Senior Technical Account Manager,Professional Services,"Hybrid - San Francisco, New York City, Austin",0,2026-07-10T15:16:18Z,2026-07-30T21:41:16Z,https://job-boards.greenhouse.io/vercel/jobs/6112845004,2026-08-05T03:08:05Z,2026-08-05T03:08:05Z
greenhouse,5732855004,Vercel,Site Engineer,Design,Remote - United States,1,2025-12-11T21:28:56Z,2026-07-22T16:50:03Z,https://job-boards.greenhouse.io/vercel/jobs/5732855004,2026-08-05T03:08:05Z,2026-08-05T03:08:05Z
greenhouse,5704320004,Vercel,"Software Engineer, Agent",Engineering,Hybrid - New York City,0,2025-11-20T18:48:43Z,2026-08-04T21:47:17Z,https://job-boards.greenhouse.io/vercel/jobs/5704320004,2026-08-05T03:08:05Z,2026-08-05T03:08:05Z
greenhouse,5798406004,Vercel,"Software Engineer, AI Gateway",Engineering,"Hybrid - San Francisco, New York City",0,2026-02-12T18:44:39Z,2026-07-22T16:50:03Z,https://job-boards.greenhouse.io/vercel/jobs/5798406004,2026-08-05T03:08:05Z,2026-08-05T03:08:05Z
greenhouse,5474915004,Vercel,"Software Engineer, AI SDK",Engineering,"Hybrid - San Francisco, New York City",0,2025-03-12T21:21:08Z,2026-07-22T16:50:03Z,https://job-boards.greenhouse.io/vercel/jobs/5474915004,2026-08-05T03:08:05Z,2026-08-05T03:08:05Z
greenhouse,5430088004,Vercel,"Software Engineer, Backend",Engineering,Remote - United States,1,2025-01-28T21:57:19Z,2026-07-22T16:50:03Z,https://job-boards.greenhouse.io/vercel/jobs/5430088004,2026-08-05T03:08:05Z,2026-08-05T03:08:05Z
greenhouse,5179639004,Vercel,"Software Engineer, CDN",Engineering,"Hybrid - San Francisco, New York City",0,2024-05-28T15:00:05Z,2026-07-22T16:50:03Z,https://job-boards.greenhouse.io/vercel/jobs/5179639004,2026-08-05T03:08:05Z,2026-08-05T03:08:05Z
greenhouse,6105394004,Vercel,"Software Engineer, CDN Content",Engineering,Hybrid - San Francisco,0,2026-07-07T15:40:37Z,2026-07-22T16:50:03Z,https://job-boards.greenhouse.io/vercel/jobs/6105394004,2026-08-05T03:08:05Z,2026-08-05T03:08:05Z
greenhouse,6113157004,Vercel,"Software Engineer, Compute",Engineering,Hybrid - London,0,2026-07-14T14:23:00Z,2026-07-22T16:50:03Z,https://job-boards.greenhouse.io/vercel/jobs/6113157004,2026-08-05T03:08:05Z,2026-08-05T03:08:05Z
greenhouse,5808568004,Vercel,"Software Engineer, Dashboard",Engineering,"Hybrid - San Francisco, New York City",0,2026-02-19T18:25:48Z,2026-07-22T16:50:03Z,https://job-boards.greenhouse.io/vercel/jobs/5808568004,2026-08-05T03:08:05Z,2026-08-05T03:08:05Z
greenhouse,5633880004,Vercel,"Software Engineer, Deployment Infrastructure",Engineering,"Hybrid - San Francisco, New York City",0,2025-08-28T13:16:14Z,2026-07-22T16:50:03Z,https://job-boards.greenhouse.io/vercel/jobs/5633880004,2026-08-05T03:08:05Z,2026-08-05T03:08:05Z
greenhouse,6098390004,Vercel,"Software Engineer, eve",Engineering,"Hybrid - San Francisco, New York City",0,2026-06-20T18:02:25Z,2026-07-22T16:50:03Z,https://job-boards.greenhouse.io/vercel/jobs/6098390004,2026-08-05T03:08:05Z,2026-08-05T03:08:05Z
greenhouse,5613601004,Vercel,"Software Engineer, Growth",Engineering,"Hybrid - San Francisco, New York City",0,2025-08-06T20:35:51Z,2026-07-22T16:50:03Z,https://job-boards.greenhouse.io/vercel/jobs/5613601004,2026-08-05T03:08:05Z,2026-08-05T03:08:05Z
greenhouse,5428982004,Vercel,"Software Engineer, Observability",Engineering,Hybrid - New York City,0,2025-01-28T18:53:29Z,2026-07-29T17:11:18Z,https://job-boards.greenhouse.io/vercel/jobs/5428982004,2026-08-05T03:08:05Z,2026-08-05T03:08:05Z
greenhouse,5788954004,Vercel,"Software Engineer, Trust & Safety",Security,Remote - United States,1,2026-02-02T05:12:15Z,2026-07-27T18:21:01Z,https://job-boards.greenhouse.io/vercel/jobs/5788954004,2026-08-05T03:08:05Z,2026-08-05T03:08:05Z
greenhouse,5798416004,Vercel,"Software Engineer, Workflows",Engineering,"Hybrid - San Francisco, New York City",0,2026-02-12T19:07:08Z,2026-07-22T16:50:03Z,https://job-boards.greenhouse.io/vercel/jobs/5798416004,2026-08-05T03:08:05Z,2026-08-05T03:08:05Z
greenhouse,5806749004,Vercel,Solutions Architect ,Solution Architects,"Hybrid - San Francisco, New York City, Austin",0,2026-02-18T16:31:56Z,2026-07-23T20:50:43Z,https://job-boards.greenhouse.io/vercel/jobs/5806749004,2026-08-05T03:08:05Z,2026-08-05T03:08:05Z
greenhouse,6006500004,Vercel,Sr. Commercial Counsel,Legal,Hybrid - San Francisco,0,2026-06-01T18:10:41Z,2026-07-22T16:50:03Z,https://job-boards.greenhouse.io/vercel/jobs/6006500004,2026-08-05T03:08:05Z,2026-08-05T03:08:05Z
greenhouse,6121468004,Vercel,"Sr. Manager, Accounting (India)",Controllership,Remote - India,1,2026-07-21T16:17:34Z,2026-07-28T17:38:09Z,https://job-boards.greenhouse.io/vercel/jobs/6121468004,2026-08-05T03:08:05Z,2026-08-05T03:08:05Z
greenhouse,5971203004,Vercel,Startups Program Lead ,Marketing,"Hybrid - San Francisco, New York City",0,2026-04-16T22:21:59Z,2026-07-22T16:50:03Z,https://job-boards.greenhouse.io/vercel/jobs/5971203004,2026-08-05T03:08:05Z,2026-08-05T03:08:05Z
greenhouse,5855000004,Vercel,"Strategic Finance Manager, Product",Finance,Hybrid - San Francisco,0,2026-06-10T22:42:35Z,2026-07-22T16:50:03Z,https://job-boards.greenhouse.io/vercel/jobs/5855000004,2026-08-05T03:08:05Z,2026-08-05T03:08:05Z
greenhouse,6121381004,Vercel,Technical Account Manager,Professional Services,"Hybrid - London, Berlin",0,2026-07-21T16:02:43Z,2026-07-22T16:50:03Z,https://job-boards.greenhouse.io/vercel/jobs/6121381004,2026-08-05T03:08:05Z,2026-08-05T03:08:05Z
greenhouse,5815357004,Vercel,"Vercel Development Representative, Startups",Sales Development,Hybrid - San Francisco,0,2026-02-27T21:34:28Z,2026-08-03T16:46:19Z,https://job-boards.greenhouse.io/vercel/jobs/5815357004,2026-08-05T03:08:05Z,2026-08-05T03:08:05Z
greenhouse,6115991004,Vercel,"Visual Designer, Web",Design,Remote - United States,1,2026-07-15T17:09:35Z,2026-07-22T16:50:03Z,https://job-boards.greenhouse.io/vercel/jobs/6115991004,2026-08-05T03:08:05Z,2026-08-05T03:08:05Z
lever,ac978161-6f46-4f6b-ad9e-a258e642751c,Palantir,Administrative Business Partner,Administrative,"London, United Kingdom",0,2024-03-25T21:50:16Z,,https://jobs.lever.co/palantir/ac978161-6f46-4f6b-ad9e-a258e642751c,2026-08-05T03:08:05Z,2026-08-05T03:08:05Z
lever,0bbfd4f4-41ff-4ec6-b73f-5200efd5d4d3,Palantir,Administrative Business Partner - Security,Administrative,"Palo Alto, CA",0,2026-05-12T21:48:44Z,,https://jobs.lever.co/palantir/0bbfd4f4-41ff-4ec6-b73f-5200efd5d4d3,2026-08-05T03:08:05Z,2026-08-05T03:08:05Z
lever,fe2a8c69-49b7-405f-816c-a6c6f894399a,Palantir,Administrative Business Partner - Security,Administrative,"New York, NY",0,2026-03-03T15:17:38Z,,https://jobs.lever.co/palantir/fe2a8c69-49b7-405f-816c-a6c6f894399a,2026-08-05T03:08:05Z,2026-08-05T03:08:05Z
lever,a237973c-cb29-41fe-9c80-416e6f42e087,Palantir,Administrative Business Partner - ShipOS,Administrative,"Washington, D.C.",0,2026-06-18T08:34:20Z,,https://jobs.lever.co/palantir/a237973c-cb29-41fe-9c80-416e6f42e087,2026-08-05T03:08:05Z,2026-08-05T03:08:05Z
lever,a5f93bb6-4f13-4451-80a4-f63090830269,Palantir,Administrative Business Partner - ShipOS,Administrative,"New York, NY",0,2026-06-18T08:33:52Z,,https://jobs.lever.co/palantir/a5f93bb6-4f13-4451-80a4-f63090830269,2026-08-05T03:08:05Z,2026-08-05T03:08:05Z
lever,0ccbe620-a3ef-41d1-a5c4-68e56b3c91d0,Palantir,American Tech Fellowship,Business Development,North America,1,2025-06-17T00:16:14Z,,https://jobs.lever.co/palantir/0ccbe620-a3ef-41d1-a5c4-68e56b3c91d0,2026-08-05T03:08:05Z,2026-08-05T03:08:05Z
lever,10dfc8bc-99ad-4ca2-ab76-853cb90a92c2,Palantir,Backend Software Engineer - Application Development,Dev,"London, United Kingdom",0,2024-03-11T20:25:07Z,,https://jobs.lever.co/palantir/10dfc8bc-99ad-4ca2-ab76-853cb90a92c2,2026-08-05T03:08:05Z,2026-08-05T03:08:05Z
lever,ab7e3425-81d5-4705-a7b5-cd60c8a45cdb,Palantir,Backend Software Engineer - Application Development,Dev,"New York, NY",0,2024-03-11T21:04:42Z,,https://jobs.lever.co/palantir/ab7e3425-81d5-4705-a7b5-cd60c8a45cdb,2026-08-05T03:08:05Z,2026-08-05T03:08:05Z
lever,1345438c-ebfc-4fa5-b545-30c1414f317c,Palantir,Backend Software Engineer - Defense,Dev,"Washington, D.C.",0,2025-02-24T22:18:51Z,,https://jobs.lever.co/palantir/1345438c-ebfc-4fa5-b545-30c1414f317c,2026-08-05T03:08:05Z,2026-08-05T03:08:05Z
lever,a8174f9c-6f46-46b4-8e15-d1ff9e37c9eb,Palantir,Backend Software Engineer - Defense,Dev,"Palo Alto, CA",0,2025-02-24T22:19:12Z,,https://jobs.lever.co/palantir/a8174f9c-6f46-46b4-8e15-d1ff9e37c9eb,2026-08-05T03:08:05Z,2026-08-05T03:08:05Z
lever,d33e0c31-ac7e-4f57-ba74-36f2df6ae2f5,Palantir,Backend Software Engineer - Defense,Dev,"New York, NY",0,2025-02-24T22:19:35Z,,https://jobs.lever.co/palantir/d33e0c31-ac7e-4f57-ba74-36f2df6ae2f5,2026-08-05T03:08:05Z,2026-08-05T03:08:05Z
lever,6fe5515f-f677-4d98-8ac2-1775a425f5e7,Palantir,Backend Software Engineer - Infrastructure,Dev,"New York, NY",0,2025-08-06T19:28:07Z,,https://jobs.lever.co/palantir/6fe5515f-f677-4d98-8ac2-1775a425f5e7,2026-08-05T03:08:05Z,2026-08-05T03:08:05Z
lever,f70cdff7-c62f-4b73-a136-909e5e3d1891,Palantir,Backend Software Engineer - Infrastructure,Dev,"London, United Kingdom",0,2024-02-20T18:13:10Z,,https://jobs.lever.co/palantir/f70cdff7-c62f-4b73-a136-909e5e3d1891,2026-08-05T03:08:05Z,2026-08-05T03:08:05Z
lever,fb2d3222-dbd8-4e03-8d39-47b820e9509c,Palantir,"Backend Software Engineer - Infrastructure, Foundations",Dev,"New York, NY",0,2024-02-20T17:22:27Z,,https://jobs.lever.co/palantir/fb2d3222-dbd8-4e03-8d39-47b820e9509c,2026-08-05T03:08:05Z,2026-08-05T03:08:05Z
lever,2c45b359-0d00-4c68-b13d-b9f405efb739,Palantir,Commercial Administrative Business Partner,Administrative,"Miami, FL",0,2026-06-05T15:21:43Z,,https://jobs.lever.co/palantir/2c45b359-0d00-4c68-b13d-b9f405efb739,2026-08-05T03:08:05Z,2026-08-05T03:08:05Z
lever,98256288-e13a-4c3e-b6c3-1e3dd1083b9a,Palantir,Commercial Administrative Business Partner,Administrative,"Washington, D.C.",0,2026-06-05T15:21:19Z,,https://jobs.lever.co/palantir/98256288-e13a-4c3e-b6c3-1e3dd1083b9a,2026-08-05T03:08:05Z,2026-08-05T03:08:05Z
lever,f163223b-db5d-4c6d-b73f-0a2eaf85583f,Palantir,Commercial Administrative Business Partner,Administrative,"New York, NY",0,2026-06-05T15:18:03Z,,https://jobs.lever.co/palantir/f163223b-db5d-4c6d-b73f-0a2eaf85583f,2026-08-05T03:08:05Z,2026-08-05T03:08:05Z
lever,45241c61-11af-45b5-86a0-a5302c028d6d,Palantir,Commercial Contracts Specialist,Legal,"New York, NY",0,2022-03-23T22:06:43Z,,https://jobs.lever.co/palantir/45241c61-11af-45b5-86a0-a5302c028d6d,2026-08-05T03:08:05Z,2026-08-05T03:08:05Z
lever,9675791e-59c3-4677-ac62-0c80c38da2eb,Palantir,Commercial Contracts Specialist,Legal,"Palo Alto, CA",0,2022-03-24T19:38:53Z,,https://jobs.lever.co/palantir/9675791e-59c3-4677-ac62-0c80c38da2eb,2026-08-05T03:08:05Z,2026-08-05T03:08:05Z
lever,1a581b97-ce5b-4b4c-84b0-dd54cf8cfe14,Palantir,Corporate Counsel,Legal,"New York, NY",0,2022-07-29T14:26:42Z,,https://jobs.lever.co/palantir/1a581b97-ce5b-4b4c-84b0-dd54cf8cfe14,2026-08-05T03:08:05Z,2026-08-05T03:08:05Z
lever,1ef0cb77-03a2-4b60-b61d-ace924ef06e7,Palantir,Corporate Counsel,Legal,"Palo Alto, CA",0,2022-04-29T18:05:11Z,,https://jobs.lever.co/palantir/1ef0cb77-03a2-4b60-b61d-ace924ef06e7,2026-08-05T03:08:05Z,2026-08-05T03:08:05Z
lever,9804d4d1-bd2f-42d5-ae3e-3e3e51aa3830,Palantir,Corporate Counsel,Legal,"Washington, D.C.",0,2024-03-01T20:44:25Z,,https://jobs.lever.co/palantir/9804d4d1-bd2f-42d5-ae3e-3e3e51aa3830,2026-08-05T03:08:05Z,2026-08-05T03:08:05Z
lever,157d4289-183f-4c4d-bc77-0dbacaba4612,Palantir,Deal Operations Administrator,Legal,"New York, NY",0,2025-04-23T20:06:02Z,,https://jobs.lever.co/palantir/157d4289-183f-4c4d-bc77-0dbacaba4612,2026-08-05T03:08:05Z,2026-08-05T03:08:05Z
lever,403e8826-3421-43db-ac48-4ddac10cc78d,Palantir,Deal Operations Administrator,Legal,"Denver, CO",0,2024-07-15T08:22:53Z,,https://jobs.lever.co/palantir/403e8826-3421-43db-ac48-4ddac10cc78d,2026-08-05T03:08:05Z,2026-08-05T03:08:05Z
lever,8c59a77a-1a57-4a2b-9d03-0b757b719015,Palantir,Deal Operations Administrator,Legal,"Palo Alto, CA",0,2024-05-20T17:14:33Z,,https://jobs.lever.co/palantir/8c59a77a-1a57-4a2b-9d03-0b757b719015,2026-08-05T03:08:05Z,2026-08-05T03:08:05Z
lever,8de3d5d0-8c0a-40ee-9f57-a75165c98689,Palantir,Deal Operations Administrator,Legal,"Washington, D.C.",0,2025-04-23T20:05:36Z,,https://jobs.lever.co/palantir/8de3d5d0-8c0a-40ee-9f57-a75165c98689,2026-08-05T03:08:05Z,2026-08-05T03:08:05Z
lever,16a1b500-13fe-4c22-ad89-372093b462da,Palantir,Deal Team - Business Affairs,Business Development,"New York, NY",0,2021-09-14T20:57:05Z,,https://jobs.lever.co/palantir/16a1b500-13fe-4c22-ad89-372093b462da,2026-08-05T03:08:05Z,2026-08-05T03:08:05Z
lever,2add8e90-c65a-4684-8c0d-6dfa7a541871,Palantir,Deal Team - Business Affairs,Business Development,"Washington, D.C.",0,2021-09-14T21:32:26Z,,https://jobs.lever.co/palantir/2add8e90-c65a-4684-8c0d-6dfa7a541871,2026-08-05T03:08:05Z,2026-08-05T03:08:05Z
lever,a7a77fc5-9f68-4ded-aad7-4814d96cb316,Palantir,Deal Team - Business Affairs,Business Development,"Palo Alto, CA",0,2021-09-14T21:26:12Z,,https://jobs.lever.co/palantir/a7a77fc5-9f68-4ded-aad7-4814d96cb316,2026-08-05T03:08:05Z,2026-08-05T03:08:05Z
lever,bc803bd5-7793-452d-9ae5-9301ee24615a,Palantir,Defensive Security Analyst,Information Security,"Washington, D.C.",0,2026-01-08T11:51:58Z,,https://jobs.lever.co/palantir/bc803bd5-7793-452d-9ae5-9301ee24615a,2026-08-05T03:08:05Z,2026-08-05T03:08:05Z
lever,2e193bdf-e668-49c1-ba32-66cc1aa131a4,Palantir,Deployment Strategist,Echo,"Seoul, South Korea",0,2022-04-22T15:42:59Z,,https://jobs.lever.co/palantir/2e193bdf-e668-49c1-ba32-66cc1aa131a4,2026-08-05T03:08:05Z,2026-08-05T03:08:05Z
lever,2edc9cc5-4614-4d23-9b98-597722e374cc,Palantir,Deployment Strategist,Echo,"Copenhagen, Denmark",0,2013-03-08T00:00:00Z,,https://jobs.lever.co/palantir/2edc9cc5-4614-4d23-9b98-597722e374cc,2026-08-05T03:08:05Z,2026-08-05T03:08:05Z
lever,31d461a1-4327-4317-8555-04e2a2fe74b8,Palantir,Deployment Strategist,Echo,"Sydney, Australia",0,2020-10-28T15:41:12Z,,https://jobs.lever.co/palantir/31d461a1-4327-4317-8555-04e2a2fe74b8,2026-08-05T03:08:05Z,2026-08-05T03:08:05Z
lever,4e99e055-96c7-497e-8099-3318e1ce0626,Palantir,Deployment Strategist,Echo,"Vilnius, Lithuania",0,2022-01-26T23:54:21Z,,https://jobs.lever.co/palantir/4e99e055-96c7-497e-8099-3318e1ce0626,2026-08-05T03:08:05Z,2026-08-05T03:08:05Z
lever,55c68159-62d3-40ed-b4a7-8b586dc99200,Palantir,Deployment Strategist,Echo,"Amsterdam, Netherlands",0,2026-06-29T11:23:26Z,,https://jobs.lever.co/palantir/55c68159-62d3-40ed-b4a7-8b586dc99200,2026-08-05T03:08:05Z,2026-08-05T03:08:05Z
lever,79c3f906-622b-4261-8fc6-8af0028caa27,Palantir,Deployment Strategist,Echo,"London, United Kingdom",0,2013-03-08T00:00:00Z,,https://jobs.lever.co/palantir/79c3f906-622b-4261-8fc6-8af0028caa27,2026-08-05T03:08:05Z,2026-08-05T03:08:05Z
lever,b81be534-e1d6-4946-8121-1e1360d4d030,Palantir,Deployment Strategist,Echo,"Oslo, Norway",0,2026-06-25T11:39:38Z,,https://jobs.lever.co/palantir/b81be534-e1d6-4946-8121-1e1360d4d030,2026-08-05T03:08:05Z,2026-08-05T03:08:05Z
lever,bc087dba-1e41-49e0-83bd-36832122363d,Palantir,Deployment Strategist,Echo,"Chicago, IL",0,2022-04-27T11:43:28Z,,https://jobs.lever.co/palantir/bc087dba-1e41-49e0-83bd-36832122363d,2026-08-05T03:08:05Z,2026-08-05T03:08:05Z
lever,cbee0a7c-2f96-4dbf-b842-6e4b517541d8,Palantir,Deployment Strategist,Echo,"Abu Dhabi, United Arab Emirates",0,2022-04-20T17:01:45Z,,https://jobs.lever.co/palantir/cbee0a7c-2f96-4dbf-b842-6e4b517541d8,2026-08-05T03:08:05Z,2026-08-05T03:08:05Z
lever,dec0d987-ecf3-4e48-85c5-214807b11d28,Palantir,Deployment Strategist,Echo,"Stockholm, Sweden",0,2015-08-05T00:00:00Z,,https://jobs.lever.co/palantir/dec0d987-ecf3-4e48-85c5-214807b11d28,2026-08-05T03:08:05Z,2026-08-05T03:08:05Z
lever,e0ab8226-b928-4e3a-bf87-08fe7b1ea595,Palantir,Deployment Strategist,Echo,"New York, NY",0,2022-11-29T21:07:20Z,,https://jobs.lever.co/palantir/e0ab8226-b928-4e3a-bf87-08fe7b1ea595,2026-08-05T03:08:05Z,2026-08-05T03:08:05Z
lever,e65e0d73-1d91-4696-809f-7810ecd474d1,Palantir,Deployment Strategist,Echo,"Singapore, Singapore",0,2016-04-08T15:51:10Z,,https://jobs.lever.co/palantir/e65e0d73-1d91-4696-809f-7810ecd474d1,2026-08-05T03:08:05Z,2026-08-05T03:08:05Z
lever,e5b8c2f0-aa26-4615-ba92-f4b5c175c112,Palantir,Deployment Strategist - Intel,Echo,"Washington, D.C.",0,2021-10-18T08:41:00Z,,https://jobs.lever.co/palantir/e5b8c2f0-aa26-4615-ba92-f4b5c175c112,2026-08-05T03:08:05Z,2026-08-05T03:08:05Z
lever,ba8fdce3-7f60-45f6-8323-d74cc18c4320,Palantir,Deployment Strategist - Japan Commercial,Echo,"Tokyo, Japan",0,2026-05-15T15:04:24Z,,https://jobs.lever.co/palantir/ba8fdce3-7f60-45f6-8323-d74cc18c4320,2026-08-05T03:08:05Z,2026-08-05T03:08:05Z
lever,fa93a1f8-dc95-40d0-b5ca-f2aebaab0806,Palantir,Deployment Strategist - Japan Forward Deployed,Echo,"Washington, D.C.",0,2024-10-03T13:18:40Z,,https://jobs.lever.co/palantir/fa93a1f8-dc95-40d0-b5ca-f2aebaab0806,2026-08-05T03:08:05Z,2026-08-05T03:08:05Z
lever,2bfdcb53-7abd-42a4-9eaf-ebe07450f798,Palantir,Deployment Strategist - Japan Government,Echo,"Tokyo, Japan",0,2025-08-08T09:29:49Z,,https://jobs.lever.co/palantir/2bfdcb53-7abd-42a4-9eaf-ebe07450f798,2026-08-05T03:08:05Z,2026-08-05T03:08:05Z
lever,1a53939d-8ffa-4570-b31a-6d0bc53fdb59,Palantir,Deployment Strategist - Korea Forward Deployed,Echo,"Washington, D.C.",0,2024-10-03T13:05:13Z,,https://jobs.lever.co/palantir/1a53939d-8ffa-4570-b31a-6d0bc53fdb59,2026-08-05T03:08:05Z,2026-08-05T03:08:05Z
lever,1f007e36-a620-4d15-bf0b-70dc3f3439d8,Palantir,Deployment Strategist - Spain,Echo,"Madrid, Spain",0,2026-06-29T12:13:51Z,,https://jobs.lever.co/palantir/1f007e36-a620-4d15-bf0b-70dc3f3439d8,2026-08-05T03:08:05Z,2026-08-05T03:08:05Z
lever,2f3a0a57-8f77-44d2-99c3-18aef115374f,Palantir,Deployment Strategist - UK Government,Echo,"London, United Kingdom",0,2022-01-13T14:49:03Z,,https://jobs.lever.co/palantir/2f3a0a57-8f77-44d2-99c3-18aef115374f,2026-08-05T03:08:05Z,2026-08-05T03:08:05Z
lever,30c2563d-9a16-4dd7-81e8-b6f646384199,Palantir,Deployment Strategist - US Government,Echo,"New York, NY",0,2020-05-09T00:52:07Z,,https://jobs.lever.co/palantir/30c2563d-9a16-4dd7-81e8-b6f646384199,2026-08-05T03:08:05Z,2026-08-05T03:08:05Z
lever,5f39f83b-ef08-4ee8-afda-a2c77440598f,Palantir,Deployment Strategist - US Government,Echo,"Fayetteville, NC",0,2026-01-12T22:44:40Z,,https://jobs.lever.co/palantir/5f39f83b-ef08-4ee8-afda-a2c77440598f,2026-08-05T03:08:05Z,2026-08-05T03:08:05Z
lever,6f5cf287-1d3e-4c10-abf6-18cf4c955ded,Palantir,Deployment Strategist - US Government,Echo,"Honolulu, HI",0,2022-04-11T18:06:00Z,,https://jobs.lever.co/palantir/6f5cf287-1d3e-4c10-abf6-18cf4c955ded,2026-08-05T03:08:05Z,2026-08-05T03:08:05Z
lever,ead4e034-e6e1-4993-86d1-ad9b8e2933a5,Palantir,Deployment Strategist - US Government,Echo,"Washington, D.C.",0,2020-08-19T16:10:52Z,,https://jobs.lever.co/palantir/ead4e034-e6e1-4993-86d1-ad9b8e2933a5,2026-08-05T03:08:05Z,2026-08-05T03:08:05Z
lever,8c95f750-9d42-456e-91fd-464ad87e4b83,Palantir,Deployment Strategist - Warp Speed,Echo,"New York, NY",0,2025-02-07T22:41:07Z,,https://jobs.lever.co/palantir/8c95f750-9d42-456e-91fd-464ad87e4b83,2026-08-05T03:08:05Z,2026-08-05T03:08:05Z
lever,2d8a194e-40fa-4ccd-bb93-c40f9ce869d7,Palantir,"Deployment Strategist, Build to Apply - US Government",Echo,"Washington, D.C.",0,2026-02-04T22:53:06Z,,https://jobs.lever.co/palantir/2d8a194e-40fa-4ccd-bb93-c40f9ce869d7,2026-08-05T03:08:05Z,2026-08-05T03:08:05Z
lever,3f662628-2877-42fb-8866-a2b709de17ca,Palantir,"Deployment Strategist, Build to Apply - US Government",Echo,"Fayetteville, NC",0,2026-02-11T00:05:30Z,,https://jobs.lever.co/palantir/3f662628-2877-42fb-8866-a2b709de17ca,2026-08-05T03:08:05Z,2026-08-05T03:08:05Z
lever,6a104c4e-35d4-4a1f-98ef-bec00ae4b458,Palantir,"Deployment Strategist, Build to Apply - US Government",Echo,"San Diego, CA",0,2026-02-11T00:06:55Z,,https://jobs.lever.co/palantir/6a104c4e-35d4-4a1f-98ef-bec00ae4b458,2026-08-05T03:08:05Z,2026-08-05T03:08:05Z
lever,70facf19-1508-4fb9-bee9-d731aafada56,Palantir,"Deployment Strategist, Build to Apply - US Government",Echo,"Honolulu, HI",0,2026-02-11T00:06:16Z,,https://jobs.lever.co/palantir/70facf19-1508-4fb9-bee9-d731aafada56,2026-08-05T03:08:05Z,2026-08-05T03:08:05Z
lever,842d6bc5-823c-4a77-8839-3f0f427bcd8c,Palantir,"Deployment Strategist, Build to Apply - US Government",Echo,"Colorado Springs, CO",0,2026-02-11T17:06:56Z,,https://jobs.lever.co/palantir/842d6bc5-823c-4a77-8839-3f0f427bcd8c,2026-08-05T03:08:05Z,2026-08-05T03:08:05Z
lever,ec006383-f48c-452c-a124-88657b5e3277,Palantir,"Deployment Strategist, Build to Apply - US Government",Echo,"New York, NY",0,2026-02-11T00:04:38Z,,https://jobs.lever.co/palantir/ec006383-f48c-452c-a124-88657b5e3277,2026-08-05T03:08:05Z,2026-08-05T03:08:05Z
lever,774cf5c9-bf6a-4d77-bf60-d50ef1beb1a0,Palantir,"Deployment Strategist, Internship",Echo,"Paris, France",0,2026-05-11T16:31:48Z,,https://jobs.lever.co/palantir/774cf5c9-bf6a-4d77-bf60-d50ef1beb1a0,2026-08-05T03:08:05Z,2026-08-05T03:08:05Z
lever,a49d4181-a289-435a-b581-7f5af0497c8e,Palantir,"Deployment Strategist, Internship - US Government",Echo,"Honolulu, HI",0,2025-12-11T22:31:15Z,,https://jobs.lever.co/palantir/a49d4181-a289-435a-b581-7f5af0497c8e,2026-08-05T03:08:05Z,2026-08-05T03:08:05Z
lever,5d8286d6-992a-404b-94af-99c173d40299,Palantir,"Deployment Strategist, New Grad - Intel, US Government",Echo,"Washington, D.C.",0,2026-06-15T16:42:57Z,,https://jobs.lever.co/palantir/5d8286d6-992a-404b-94af-99c173d40299,2026-08-05T03:08:05Z,2026-08-05T03:08:05Z
lever,51ea4a3b-7764-4c87-96e4-310e19c856d5,Palantir,DevOps Engineer,Technical Operations,"Washington, D.C.",0,2018-06-28T16:26:03Z,,https://jobs.lever.co/palantir/51ea4a3b-7764-4c87-96e4-310e19c856d5,2026-08-05T03:08:05Z,2026-08-05T03:08:05Z
lever,c3f40e41-6258-4233-a7f9-091bf67df30b,Palantir,DevOps Engineer,Technical Operations,"New York, NY",0,2018-06-28T16:02:25Z,,https://jobs.lever.co/palantir/c3f40e41-6258-4233-a7f9-091bf67df30b,2026-08-05T03:08:05Z,2026-08-05T03:08:05Z
lever,3d06b4bc-6a7b-4f73-b5c5-4544354e3d0f,Palantir,Edge Infrastructure Engineer,Business Development,"Warsaw, Poland",0,2026-05-01T09:11:21Z,,https://jobs.lever.co/palantir/3d06b4bc-6a7b-4f73-b5c5-4544354e3d0f,2026-08-05T03:08:05Z,2026-08-05T03:08:05Z
lever,ce20af4c-4de3-4079-bbdf-bc30a2e25404,Palantir,Edge Infrastructure Engineer,Business Development,"Paris, France",0,2026-05-01T09:04:34Z,,https://jobs.lever.co/palantir/ce20af4c-4de3-4079-bbdf-bc30a2e25404,2026-08-05T03:08:05Z,2026-08-05T03:08:05Z
lever,fe65ee3c-61e0-4eb6-99e5-c90e38e7043f,Palantir,Edge Infrastructure Engineer,Business Development,"London, United Kingdom",0,2026-04-29T08:47:29Z,,https://jobs.lever.co/palantir/fe65ee3c-61e0-4eb6-99e5-c90e38e7043f,2026-08-05T03:08:05Z,2026-08-05T03:08:05Z
lever,2d2f0ed7-134a-4f24-af89-cfb8583d796a,Palantir,Embedded Legal Engineer,Legal,"Palo Alto, CA",0,2026-06-26T09:13:24Z,,https://jobs.lever.co/palantir/2d2f0ed7-134a-4f24-af89-cfb8583d796a,2026-08-05T03:08:05Z,2026-08-05T03:08:05Z
lever,471ccceb-3614-4c28-a1af-b1235c081173,Palantir,Embedded Legal Engineer,Legal,"New York, NY",0,2026-06-26T09:12:21Z,,https://jobs.lever.co/palantir/471ccceb-3614-4c28-a1af-b1235c081173,2026-08-05T03:08:05Z,2026-08-05T03:08:05Z
lever,84335d8e-f91c-4741-b4c6-7649f3ac948d,Palantir,Embedded Legal Engineer,Legal,"Washington, D.C.",0,2026-06-26T09:12:48Z,,https://jobs.lever.co/palantir/84335d8e-f91c-4741-b4c6-7649f3ac948d,2026-08-05T03:08:05Z,2026-08-05T03:08:05Z
lever,636fc05c-d348-4a06-be51-597cb9e07488,Palantir,Forward Deployed AI Engineer,Delta,"New York, NY",0,2024-03-22T20:44:35Z,,https://jobs.lever.co/palantir/636fc05c-d348-4a06-be51-597cb9e07488,2026-08-05T03:08:05Z,2026-08-05T03:08:05Z
lever,ff1029bd-bb6d-4d78-a03e-5f9744d0b798,Palantir,Forward Deployed AI Engineer,Delta,"London, United Kingdom",0,2024-05-09T14:33:01Z,,https://jobs.lever.co/palantir/ff1029bd-bb6d-4d78-a03e-5f9744d0b798,2026-08-05T03:08:05Z,2026-08-05T03:08:05Z
lever,00c2c97b-8514-4617-9883-e53e486b6dcd,Palantir,Forward Deployed Enablement Engineer - Customer Success,Engineering,"London, United Kingdom",0,2024-11-12T16:51:46Z,,https://jobs.lever.co/palantir/00c2c97b-8514-4617-9883-e53e486b6dcd,2026-08-05T03:08:05Z,2026-08-05T03:08:05Z
lever,4cba9c95-d16f-440d-83e7-2352480f689f,Palantir,Forward Deployed Enablement Engineer - Customer Success,Engineering,"New York, NY",0,2024-11-13T10:59:47Z,,https://jobs.lever.co/palantir/4cba9c95-d16f-440d-83e7-2352480f689f,2026-08-05T03:08:05Z,2026-08-05T03:08:05Z
lever,a90eb029-19cc-413c-bd51-b8411053d7d4,Palantir,Forward Deployed Enablement Engineer - Customer Success,Engineering,"Washington, D.C.",0,2025-10-16T14:28:21Z,,https://jobs.lever.co/palantir/a90eb029-19cc-413c-bd51-b8411053d7d4,2026-08-05T03:08:05Z,2026-08-05T03:08:05Z
lever,96a0ce26-cf84-4fa8-934b-acc4363620b2,Palantir,Forward Deployed Engineer - Mixed Reality,Product Development,"Washington, D.C.",0,2025-02-07T18:53:43Z,,https://jobs.lever.co/palantir/96a0ce26-cf84-4fa8-934b-acc4363620b2,2026-08-05T03:08:05Z,2026-08-05T03:08:05Z
lever,72e51928-07f0-4be0-aae5-0ae6956a4846,Palantir,Forward Deployed Infrastructure Engineer - UK Government,Delta,"London, United Kingdom",0,2025-08-07T07:32:41Z,,https://jobs.lever.co/palantir/72e51928-07f0-4be0-aae5-0ae6956a4846,2026-08-05T03:08:05Z,2026-08-05T03:08:05Z
lever,0fccbe95-2520-4df3-8600-7897656c06a2,Palantir,Forward Deployed Infrastructure Engineer - US Government,Delta,"Honolulu, HI",0,2026-05-04T21:46:12Z,,https://jobs.lever.co/palantir/0fccbe95-2520-4df3-8600-7897656c06a2,2026-08-05T03:08:05Z,2026-08-05T03:08:05Z
lever,74748e0e-a0bc-4c53-a636-ef14e36d9b5e,Palantir,Forward Deployed Infrastructure Engineer - US Government,Delta,"Washington, D.C.",0,2023-09-14T01:31:59Z,,https://jobs.lever.co/palantir/74748e0e-a0bc-4c53-a636-ef14e36d9b5e,2026-08-05T03:08:05Z,2026-08-05T03:08:05Z
lever,b57f08e9-546c-4b9b-8d21-db0ebbc11363,Palantir,Forward Deployed Infrastructure Engineer - US Government,Delta,"New York, NY",0,2023-09-14T01:23:51Z,,https://jobs.lever.co/palantir/b57f08e9-546c-4b9b-8d21-db0ebbc11363,2026-08-05T03:08:05Z,2026-08-05T03:08:05Z
lever,33243fb5-6907-40c7-930c-968b25d825d0,Palantir,"Forward Deployed Infrastructure Engineer, New Grad - US Government",Delta,"Palo Alto, CA",0,2025-10-29T20:26:17Z,,https://jobs.lever.co/palantir/33243fb5-6907-40c7-930c-968b25d825d0,2026-08-05T03:08:05Z,2026-08-05T03:08:05Z
lever,5a28f3a5-8655-47f2-ab19-a79b8a319da8,Palantir,"Forward Deployed Infrastructure Engineer, New Grad - US Government",Delta,"Washington, D.C.",0,2025-10-29T20:27:12Z,,https://jobs.lever.co/palantir/5a28f3a5-8655-47f2-ab19-a79b8a319da8,2026-08-05T03:08:05Z,2026-08-05T03:08:05Z
lever,91117724-9389-48dc-912f-98e48d4d45d8,Palantir,"Forward Deployed Infrastructure Engineer, New Grad - US Government",Delta,"New York, NY",0,2025-10-29T18:27:22Z,,https://jobs.lever.co/palantir/91117724-9389-48dc-912f-98e48d4d45d8,2026-08-05T03:08:05Z,2026-08-05T03:08:05Z
lever,5a99fe16-1bda-4313-ace2-a11ea6e58f0c,Palantir,Forward Deployed Reliability Engineer,Product Development,"London, United Kingdom",0,2026-04-22T19:15:03Z,,https://jobs.lever.co/palantir/5a99fe16-1bda-4313-ace2-a11ea6e58f0c,2026-08-05T03:08:05Z,2026-08-05T03:08:05Z
lever,689e6869-01bc-40f1-b580-adb33a020065,Palantir,Forward Deployed Reliability Engineer,Product Development,"New York, NY",0,2026-02-10T14:31:06Z,,https://jobs.lever.co/palantir/689e6869-01bc-40f1-b580-adb33a020065,2026-08-05T03:08:05Z,2026-08-05T03:08:05Z
lever,22053072-4c22-49c4-8299-28e107ceeb98,Palantir,Forward Deployed Security Engineer - US Government,Business Development,"Washington, D.C.",0,2026-03-09T20:23:36Z,,https://jobs.lever.co/palantir/22053072-4c22-49c4-8299-28e107ceeb98,2026-08-05T03:08:05Z,2026-08-05T03:08:05Z
lever,a194220b-684a-4b4e-b918-1f70154b464c,Palantir,Forward Deployed Site Reliability Engineer - US Government,Business Development,"Washington, D.C.",0,2025-05-29T22:37:51Z,,https://jobs.lever.co/palantir/a194220b-684a-4b4e-b918-1f70154b464c,2026-08-05T03:08:05Z,2026-08-05T03:08:05Z
lever,1bb19522-3936-4adc-9ced-c3df8b5900b9,Palantir,Forward Deployed Software Engineer,Delta,"Seoul, South Korea",0,2022-04-22T15:31:39Z,,https://jobs.lever.co/palantir/1bb19522-3936-4adc-9ced-c3df8b5900b9,2026-08-05T03:08:05Z,2026-08-05T03:08:05Z
lever,492a16bb-6b9f-457e-82c3-294e1a2c565d,Palantir,Forward Deployed Software Engineer,Delta,"Amsterdam, Netherlands",0,2018-04-24T16:45:55Z,,https://jobs.lever.co/palantir/492a16bb-6b9f-457e-82c3-294e1a2c565d,2026-08-05T03:08:05Z,2026-08-05T03:08:05Z
lever,5168e8fd-fec1-4fea-b7a1-81bdaea65850,Palantir,Forward Deployed Software Engineer,Delta,"London, United Kingdom",0,2009-12-05T00:00:00Z,,https://jobs.lever.co/palantir/5168e8fd-fec1-4fea-b7a1-81bdaea65850,2026-08-05T03:08:05Z,2026-08-05T03:08:05Z
lever,8148182c-6127-4689-b615-7815a94173bb,Palantir,Forward Deployed Software Engineer,Delta,"Dubai, United Arab Emirates",0,2024-05-01T17:20:33Z,,https://jobs.lever.co/palantir/8148182c-6127-4689-b615-7815a94173bb,2026-08-05T03:08:05Z,2026-08-05T03:08:05Z
lever,90aa8748-3fef-4e2b-9ea9-c4dc5f37f0d2,Palantir,Forward Deployed Software Engineer,Delta,"Abu Dhabi, United Arab Emirates",0,2022-10-05T17:24:59Z,,https://jobs.lever.co/palantir/90aa8748-3fef-4e2b-9ea9-c4dc5f37f0d2,2026-08-05T03:08:05Z,2026-08-05T03:08:05Z
lever,98b81271-9e15-40b7-8dce-0c62f24702f9,Palantir,Forward Deployed Software Engineer,Delta,"Vilnius, Lithuania",0,2022-01-26T23:55:32Z,,https://jobs.lever.co/palantir/98b81271-9e15-40b7-8dce-0c62f24702f9,2026-08-05T03:08:05Z,2026-08-05T03:08:05Z
lever,c4442730-2926-41ad-8c0e-5e5a6b4d14ae,Palantir,Forward Deployed Software Engineer,Delta,"Tel Aviv, Israel",0,2012-12-20T00:00:00Z,,https://jobs.lever.co/palantir/c4442730-2926-41ad-8c0e-5e5a6b4d14ae,2026-08-05T03:08:05Z,2026-08-05T03:08:05Z
lever,d084b769-6f53-4409-afa8-c183b059b384,Palantir,Forward Deployed Software Engineer,Delta,"Stockholm, Sweden",0,2021-10-19T00:03:27Z,,https://jobs.lever.co/palantir/d084b769-6f53-4409-afa8-c183b059b384,2026-08-05T03:08:05Z,2026-08-05T03:08:05Z
lever,dab396d4-2f14-4796-aac0-0d82883dccf0,Palantir,Forward Deployed Software Engineer,Delta,"New York, NY",0,2014-01-23T00:00:00Z,,https://jobs.lever.co/palantir/dab396d4-2f14-4796-aac0-0d82883dccf0,2026-08-05T03:08:05Z,2026-08-05T03:08:05Z
lever,27bf5707-96fa-460e-8a5b-53bc192ca87b,Palantir,Forward Deployed Software Engineer  - Edge Autonomous Systems,Product Development,"Washington, D.C.",0,2025-10-07T17:15:18Z,,https://jobs.lever.co/palantir/27bf5707-96fa-460e-8a5b-53bc192ca87b,2026-08-05T03:08:05Z,2026-08-05T03:08:05Z
lever,0edf7365-49f0-4263-818a-19409ec4f430,Palantir,Forward Deployed Software Engineer - Autonomous Systems C2,Product Development,"Seattle, WA",0,2026-01-16T17:51:52Z,,https://jobs.lever.co/palantir/0edf7365-49f0-4263-818a-19409ec4f430,2026-08-05T03:08:05Z,2026-08-05T03:08:05Z
lever,c62264f5-5da8-40fe-9b44-f7f0f0012e11,Palantir,Forward Deployed Software Engineer - Autonomous Systems C2,Product Development,"Palo Alto, CA",0,2026-01-16T17:52:11Z,,https://jobs.lever.co/palantir/c62264f5-5da8-40fe-9b44-f7f0f0012e11,2026-08-05T03:08:05Z,2026-08-05T03:08:05Z
lever,34b3a697-6e22-4751-befd-0b7921abbd5f,Palantir,Forward Deployed Software Engineer - Intel,Delta,"Washington, D.C.",0,2021-10-18T09:03:40Z,,https://jobs.lever.co/palantir/34b3a697-6e22-4751-befd-0b7921abbd5f,2026-08-05T03:08:05Z,2026-08-05T03:08:05Z
lever,8aba5995-653d-4805-96e8-24488e6abf37,Palantir,Forward Deployed Software Engineer - Japan Forward Deployed,Delta,"Washington, D.C.",0,2024-10-03T13:41:24Z,,https://jobs.lever.co/palantir/8aba5995-653d-4805-96e8-24488e6abf37,2026-08-05T03:08:05Z,2026-08-05T03:08:05Z
lever,12e94938-55cb-4ad9-9c05-405ebc9ef430,Palantir,Forward Deployed Software Engineer - Japan Government,Delta,"Tokyo, Japan",0,2025-03-07T15:16:48Z,,https://jobs.lever.co/palantir/12e94938-55cb-4ad9-9c05-405ebc9ef430,2026-08-05T03:08:05Z,2026-08-05T03:08:05Z
lever,a39bf84c-6648-4871-bd07-9b882d401c4c,Palantir,Forward Deployed Software Engineer - Korea Forward Deployed,Delta,"Washington, D.C.",0,2024-10-03T13:32:57Z,,https://jobs.lever.co/palantir/a39bf84c-6648-4871-bd07-9b882d401c4c,2026-08-05T03:08:05Z,2026-08-05T03:08:05Z
lever,73d1a90c-162d-4cb6-9e0c-4c8de9561ad0,Palantir,Forward Deployed Software Engineer - NATO,Delta,"London, United Kingdom",0,2026-07-23T12:53:46Z,,https://jobs.lever.co/palantir/73d1a90c-162d-4cb6-9e0c-4c8de9561ad0,2026-08-05T03:08:05Z,2026-08-05T03:08:05Z
lever,0a0d2db2-75a5-48e4-b0a0-81baa6588e36,Palantir,Forward Deployed Software Engineer - Norwegian Government,Delta,"Oslo, Norway",0,2026-06-15T12:55:12Z,,https://jobs.lever.co/palantir/0a0d2db2-75a5-48e4-b0a0-81baa6588e36,2026-08-05T03:08:05Z,2026-08-05T03:08:05Z
lever,53fb4c05-f949-4146-a046-5c063c36a628,Palantir,Forward Deployed Software Engineer - Spain,Delta,"Madrid, Spain",0,2026-06-29T11:38:59Z,,https://jobs.lever.co/palantir/53fb4c05-f949-4146-a046-5c063c36a628,2026-08-05T03:08:05Z,2026-08-05T03:08:05Z
lever,3d0d9d92-0321-4459-a17d-fa1a76636a43,Palantir,Forward Deployed Software Engineer - Tactical Edge,Delta,"Washington, D.C.",0,2026-03-02T20:11:08Z,,https://jobs.lever.co/palantir/3d0d9d92-0321-4459-a17d-fa1a76636a43,2026-08-05T03:08:05Z,2026-08-05T03:08:05Z
lever,57a3f928-e7d3-4037-8196-b38e2f867152,Palantir,Forward Deployed Software Engineer - UK Government,Delta,"London, United Kingdom",0,2023-01-11T17:48:32Z,,https://jobs.lever.co/palantir/57a3f928-e7d3-4037-8196-b38e2f867152,2026-08-05T03:08:05Z,2026-08-05T03:08:05Z
lever,289ad049-7b4e-41e3-8a39-146fbeb6fb64,Palantir,Forward Deployed Software Engineer - US Government,Delta,"Washington, D.C.",0,2020-04-15T21:27:49Z,,https://jobs.lever.co/palantir/289ad049-7b4e-41e3-8a39-146fbeb6fb64,2026-08-05T03:08:05Z,2026-08-05T03:08:05Z
lever,84131e3f-455e-47fc-9c11-898d95f09048,Palantir,Forward Deployed Software Engineer - US Government,Delta,"San Diego, CA",0,2025-07-29T19:30:16Z,,https://jobs.lever.co/palantir/84131e3f-455e-47fc-9c11-898d95f09048,2026-08-05T03:08:05Z,2026-08-05T03:08:05Z
lever,ce8ca664-60dc-4f9a-8986-3c96673bcfdf,Palantir,Forward Deployed Software Engineer - US Government,Delta,"Honolulu, HI",0,2022-04-07T21:32:31Z,,https://jobs.lever.co/palantir/ce8ca664-60dc-4f9a-8986-3c96673bcfdf,2026-08-05T03:08:05Z,2026-08-05T03:08:05Z
lever,d83fac1c-353e-4b77-a586-3276b1090b6e,Palantir,Forward Deployed Software Engineer - US Government,Delta,"Fayetteville, NC",0,2026-01-12T22:44:10Z,,https://jobs.lever.co/palantir/d83fac1c-353e-4b77-a586-3276b1090b6e,2026-08-05T03:08:05Z,2026-08-05T03:08:05Z
lever,e82b696e-a085-4bbf-8bcb-6d2c4f8cf2f7,Palantir,Forward Deployed Software Engineer - US Government,Delta,"New York, NY",0,2020-06-02T19:49:49Z,,https://jobs.lever.co/palantir/e82b696e-a085-4bbf-8bcb-6d2c4f8cf2f7,2026-08-05T03:08:05Z,2026-08-05T03:08:05Z
lever,be4ab5cb-9caa-4c2a-97b9-c73805fca4fc,Palantir,Forward Deployed Software Engineer - US Government - Federal Health and Civilian,Delta,"New York, NY",0,2026-05-07T17:41:25Z,,https://jobs.lever.co/palantir/be4ab5cb-9caa-4c2a-97b9-c73805fca4fc,2026-08-05T03:08:05Z,2026-08-05T03:08:05Z
lever,e7100322-be11-40c8-9dba-7a21b7302c08,Palantir,Forward Deployed Software Engineer - US Government - Federal Health and Civilian,Delta,"Washington, D.C.",0,2026-05-07T17:42:12Z,,https://jobs.lever.co/palantir/e7100322-be11-40c8-9dba-7a21b7302c08,2026-08-05T03:08:05Z,2026-08-05T03:08:05Z
lever,13f99633-43b5-4459-8e84-25073f257c18,Palantir,Forward Deployed Software Engineer - Warp Speed,Delta,"New York, NY",0,2025-02-07T19:57:42Z,,https://jobs.lever.co/palantir/13f99633-43b5-4459-8e84-25073f257c18,2026-08-05T03:08:05Z,2026-08-05T03:08:05Z
lever,1b6f1d82-d459-4dea-8bc2-8d2ffe6f881a,Palantir,"Forward Deployed Software Engineer, Internship",Delta,"Paris, France",0,2026-05-06T11:47:58Z,,https://jobs.lever.co/palantir/1b6f1d82-d459-4dea-8bc2-8d2ffe6f881a,2026-08-05T03:08:05Z,2026-08-05T03:08:05Z
lever,395a4483-fc3d-4b77-a500-501923fd0976,Palantir,"Forward Deployed Software Engineer, Internship - AUS Government",Delta,"Sydney, Australia",0,2026-05-29T12:46:59Z,,https://jobs.lever.co/palantir/395a4483-fc3d-4b77-a500-501923fd0976,2026-08-05T03:08:05Z,2026-08-05T03:08:05Z
lever,4d29249a-d7e8-4c39-880d-3b35d7b2f6f6,Palantir,"Forward Deployed Software Engineer, Internship - Commercial",Delta,"New York, NY",0,2016-02-24T23:37:05Z,,https://jobs.lever.co/palantir/4d29249a-d7e8-4c39-880d-3b35d7b2f6f6,2026-08-05T03:08:05Z,2026-08-05T03:08:05Z
lever,599b1907-aba1-4303-837b-66e69a521636,Palantir,"Forward Deployed Software Engineer, Internship - Commercial",Delta,"London, United Kingdom",0,2025-08-01T12:15:20Z,,https://jobs.lever.co/palantir/599b1907-aba1-4303-837b-66e69a521636,2026-08-05T03:08:05Z,2026-08-05T03:08:05Z
lever,d5486403-c050-4920-b2e0-91b69b61ebb2,Palantir,"Forward Deployed Software Engineer, Internship - Commercial",Delta,"Chicago, IL",0,2026-06-30T20:01:06Z,,https://jobs.lever.co/palantir/d5486403-c050-4920-b2e0-91b69b61ebb2,2026-08-05T03:08:05Z,2026-08-05T03:08:05Z
lever,cccfe1bd-f15b-4fe5-b044-c793e7961c1b,Palantir,"Forward Deployed Software Engineer, Internship - Defense Tech",Delta,"Washington, D.C.",0,2024-08-05T23:14:32Z,,https://jobs.lever.co/palantir/cccfe1bd-f15b-4fe5-b044-c793e7961c1b,2026-08-05T03:08:05Z,2026-08-05T03:08:05Z
lever,ac0dc094-2480-43c2-8495-26ade227ff4f,Palantir,"Forward Deployed Software Engineer, Internship - France",Delta,"New York, NY",0,2026-03-10T12:26:55Z,,https://jobs.lever.co/palantir/ac0dc094-2480-43c2-8495-26ade227ff4f,2026-08-05T03:08:05Z,2026-08-05T03:08:05Z
lever,9e40d77f-b07c-437b-98e7-def9b0184d89,Palantir,"Forward Deployed Software Engineer, Internship - Intel",Delta,"Washington, D.C.",0,2026-07-01T19:22:25Z,,https://jobs.lever.co/palantir/9e40d77f-b07c-437b-98e7-def9b0184d89,2026-08-05T03:08:05Z,2026-08-05T03:08:05Z
lever,d582cd84-14fd-4aa3-b413-15982d286bd9,Palantir,"Forward Deployed Software Engineer, Internship - Poland",Delta,"New York, NY",0,2026-02-19T11:39:13Z,,https://jobs.lever.co/palantir/d582cd84-14fd-4aa3-b413-15982d286bd9,2026-08-05T03:08:05Z,2026-08-05T03:08:05Z
lever,26e23f5d-083b-45aa-b223-1a6e43d960bf,Palantir,"Forward Deployed Software Engineer, Internship - UK Government",Delta,"London, United Kingdom",0,2021-07-01T22:17:59Z,,https://jobs.lever.co/palantir/26e23f5d-083b-45aa-b223-1a6e43d960bf,2026-08-05T03:08:05Z,2026-08-05T03:08:05Z
lever,315f695d-04d1-4a9a-848e-cb2bec7a997e,Palantir,"Forward Deployed Software Engineer, Internship - US Government",Delta,"Honolulu, HI",0,2025-12-11T22:26:14Z,,https://jobs.lever.co/palantir/315f695d-04d1-4a9a-848e-cb2bec7a997e,2026-08-05T03:08:05Z,2026-08-05T03:08:05Z
lever,e0010393-c300-446f-bf67-fa2ef067f16f,Palantir,"Forward Deployed Software Engineer, Internship - US Government",Delta,"New York, NY",0,2022-06-30T21:20:50Z,,https://jobs.lever.co/palantir/e0010393-c300-446f-bf67-fa2ef067f16f,2026-08-05T03:08:05Z,2026-08-05T03:08:05Z
lever,e6ff8bf2-135e-474d-ad37-24f490ae1dd2,Palantir,"Forward Deployed Software Engineer, Internship - US Government",Delta,"Washington, D.C.",0,2021-07-01T22:12:43Z,,https://jobs.lever.co/palantir/e6ff8bf2-135e-474d-ad37-24f490ae1dd2,2026-08-05T03:08:05Z,2026-08-05T03:08:05Z
lever,2aa14e4f-d406-486e-9aa8-6ff3358d70a0,Palantir,"Forward Deployed Software Engineer, New Grad - Commercial",Delta,"London, United Kingdom",0,2025-08-01T12:23:17Z,,https://jobs.lever.co/palantir/2aa14e4f-d406-486e-9aa8-6ff3358d70a0,2026-08-05T03:08:05Z,2026-08-05T03:08:05Z
lever,2e6b0ac8-83e9-4be5-a3aa-cf319f751728,Palantir,"Forward Deployed Software Engineer, New Grad - Commercial",Delta,"New York, NY",0,2025-06-13T23:45:06Z,,https://jobs.lever.co/palantir/2e6b0ac8-83e9-4be5-a3aa-cf319f751728,2026-08-05T03:08:05Z,2026-08-05T03:08:05Z
lever,e500bcf3-19d8-4d3c-b340-4d76e4a55b40,Palantir,"Forward Deployed Software Engineer, New Grad - Commercial",Delta,"Chicago, IL",0,2026-06-29T14:44:20Z,,https://jobs.lever.co/palantir/e500bcf3-19d8-4d3c-b340-4d76e4a55b40,2026-08-05T03:08:05Z,2026-08-05T03:08:05Z
lever,fbca0358-083a-4222-bdbb-3bd729b48382,Palantir,"Forward Deployed Software Engineer, New Grad - Intel, US Government",Delta,"Washington, D.C.",0,2026-06-15T16:08:02Z,,https://jobs.lever.co/palantir/fbca0358-083a-4222-bdbb-3bd729b48382,2026-08-05T03:08:05Z,2026-08-05T03:08:05Z
lever,b4aa51a2-bc43-4d67-bf55-12db7feefb3a,Palantir,"Forward Deployed Software Engineer, New Grad - UK Government",Delta,"London, United Kingdom",0,2021-07-01T17:35:48Z,,https://jobs.lever.co/palantir/b4aa51a2-bc43-4d67-bf55-12db7feefb3a,2026-08-05T03:08:05Z,2026-08-05T03:08:05Z
lever,cbe90327-3e6e-451c-a54c-1d3cbcef5aeb,Palantir,"Forward Deployed Software Engineer, New Grad - US Government",Delta,"Washington, D.C.",0,2022-06-30T22:59:08Z,,https://jobs.lever.co/palantir/cbe90327-3e6e-451c-a54c-1d3cbcef5aeb,2026-08-05T03:08:05Z,2026-08-05T03:08:05Z
lever,d1ac83d0-e923-42a5-8e6d-58dd0cab25ca,Palantir,"Forward Deployed Software Engineer, New Grad - US Government",Delta,"New York, NY",0,2022-06-30T22:50:16Z,,https://jobs.lever.co/palantir/d1ac83d0-e923-42a5-8e6d-58dd0cab25ca,2026-08-05T03:08:05Z,2026-08-05T03:08:05Z
lever,2da4be12-bc7a-4950-87db-e9d68d955ff7,Palantir,Full Stack Software Engineer - Application Development,Dev,"New York, NY",0,2024-02-17T00:49:42Z,,https://jobs.lever.co/palantir/2da4be12-bc7a-4950-87db-e9d68d955ff7,2026-08-05T03:08:05Z,2026-08-05T03:08:05Z
lever,c44510a1-9537-4c52-ae81-51546979fe47,Palantir,Full Stack Software Engineer - Application Development,Dev,"London, United Kingdom",0,2024-02-22T20:38:06Z,,https://jobs.lever.co/palantir/c44510a1-9537-4c52-ae81-51546979fe47,2026-08-05T03:08:05Z,2026-08-05T03:08:05Z
lever,4625019a-479a-41dd-bd5a-21847629772b,Palantir,GRC Program Manager,Information Security,"New York, NY",0,2026-07-20T14:47:28Z,,https://jobs.lever.co/palantir/4625019a-479a-41dd-bd5a-21847629772b,2026-08-05T03:08:05Z,2026-08-05T03:08:05Z
lever,def1573d-c2b6-42a7-963b-e13c3587b5e9,Palantir,GRC Program Manager,Information Security,"Washington, D.C.",0,2026-07-20T14:57:11Z,,https://jobs.lever.co/palantir/def1573d-c2b6-42a7-963b-e13c3587b5e9,2026-08-05T03:08:05Z,2026-08-05T03:08:05Z
lever,e5869901-d578-4229-a856-47af76a8f39a,Palantir,GRC Program Manager,Information Security,"Seattle, WA",0,2026-07-20T14:57:26Z,,https://jobs.lever.co/palantir/e5869901-d578-4229-a856-47af76a8f39a,2026-08-05T03:08:05Z,2026-08-05T03:08:05Z
lever,b72abc17-293d-47e0-a094-c1ab0016b794,Palantir,Incident Management Engineer,Product Support,"New York, NY",0,2022-06-28T09:21:31Z,,https://jobs.lever.co/palantir/b72abc17-293d-47e0-a094-c1ab0016b794,2026-08-05T03:08:05Z,2026-08-05T03:08:05Z
lever,1124402c-2088-40c6-b6aa-b9ef7777519b,Palantir,Information Security Engineer,Information Security,"Seattle, WA",0,2025-01-29T21:51:08Z,,https://jobs.lever.co/palantir/1124402c-2088-40c6-b6aa-b9ef7777519b,2026-08-05T03:08:05Z,2026-08-05T03:08:05Z
lever,36703f67-6fae-445c-9277-f946121faaa0,Palantir,Information Security Engineer,Information Security,"Washington, D.C.",0,2025-01-29T21:51:36Z,,https://jobs.lever.co/palantir/36703f67-6fae-445c-9277-f946121faaa0,2026-08-05T03:08:05Z,2026-08-05T03:08:05Z
lever,e2a8360a-710a-4185-b2a9-3b7d9fe590b1,Palantir,Information Security Engineer,Information Security,"New York, NY",0,2025-01-29T21:50:23Z,,https://jobs.lever.co/palantir/e2a8360a-710a-4185-b2a9-3b7d9fe590b1,2026-08-05T03:08:05Z,2026-08-05T03:08:05Z
lever,3c788579-eec7-4897-b446-4afc944e79be,Palantir,Information Security Engineer - DLP,Information Security,"Washington, D.C.",0,2026-04-15T20:22:28Z,,https://jobs.lever.co/palantir/3c788579-eec7-4897-b446-4afc944e79be,2026-08-05T03:08:05Z,2026-08-05T03:08:05Z
lever,fde4cd4c-f6fd-4656-a1ce-3ca27bb1878f,Palantir,Information Security Engineer - DLP,Information Security,"New York, NY",0,2026-04-15T20:22:02Z,,https://jobs.lever.co/palantir/fde4cd4c-f6fd-4656-a1ce-3ca27bb1878f,2026-08-05T03:08:05Z,2026-08-05T03:08:05Z
lever,1e77a5e8-9843-4516-a186-7c24f0ff07a0,Palantir,Information Security Engineer - Endpoint,Information Security,"New York, NY",0,2026-04-16T00:16:17Z,,https://jobs.lever.co/palantir/1e77a5e8-9843-4516-a186-7c24f0ff07a0,2026-08-05T03:08:05Z,2026-08-05T03:08:05Z
lever,4bfef5e0-6689-4db8-9ffe-ab6df6836845,Palantir,Information Security Engineer - Endpoint,Information Security,"Washington, D.C.",0,2026-04-16T00:15:51Z,,https://jobs.lever.co/palantir/4bfef5e0-6689-4db8-9ffe-ab6df6836845,2026-08-05T03:08:05Z,2026-08-05T03:08:05Z
lever,2127f3af-1fb3-4aa3-9aa1-eb06967e0166,Palantir,Information Security Engineer - Insider Risk,Information Security,"New York, NY",0,2026-04-14T14:31:19Z,,https://jobs.lever.co/palantir/2127f3af-1fb3-4aa3-9aa1-eb06967e0166,2026-08-05T03:08:05Z,2026-08-05T03:08:05Z
lever,6bddf672-5920-46f3-8127-2a15a377cb99,Palantir,Information Security Engineer - Insider Risk,Information Security,"Seattle, WA",0,2026-04-14T14:32:59Z,,https://jobs.lever.co/palantir/6bddf672-5920-46f3-8127-2a15a377cb99,2026-08-05T03:08:05Z,2026-08-05T03:08:05Z
lever,b0e1823a-fbe7-4c9d-a4d3-a1e738db2589,Palantir,Information Security Engineer - Insider Risk,Information Security,"Washington, D.C.",0,2026-04-14T14:32:19Z,,https://jobs.lever.co/palantir/b0e1823a-fbe7-4c9d-a4d3-a1e738db2589,2026-08-05T03:08:05Z,2026-08-05T03:08:05Z
lever,b8816fd2-d12d-41dd-8467-88748903267f,Palantir,Legal Counsel - US Government,Legal,"Washington, D.C.",0,2026-07-10T18:02:29Z,,https://jobs.lever.co/palantir/b8816fd2-d12d-41dd-8467-88748903267f,2026-08-05T03:08:05Z,2026-08-05T03:08:05Z
lever,e72e00b7-7106-4974-8cb0-b6c150215b99,Palantir,Legal Counsel - US Government,Legal,"New York, NY",0,2026-07-10T18:02:00Z,,https://jobs.lever.co/palantir/e72e00b7-7106-4974-8cb0-b6c150215b99,2026-08-05T03:08:05Z,2026-08-05T03:08:05Z
lever,74aed644-d963-4c5d-b7a0-149bc35f9c50,Palantir,Mixed Reality Developer,Dev,"Washington, D.C.",0,2023-06-15T14:45:11Z,,https://jobs.lever.co/palantir/74aed644-d963-4c5d-b7a0-149bc35f9c50,2026-08-05T03:08:05Z,2026-08-05T03:08:05Z
lever,7dc7e7c3-39bf-4f4e-a8eb-e38a4a0af238,Palantir,Mobility Tax Analyst,Finance,"Palo Alto, CA",0,2026-05-28T20:55:51Z,,https://jobs.lever.co/palantir/7dc7e7c3-39bf-4f4e-a8eb-e38a4a0af238,2026-08-05T03:08:05Z,2026-08-05T03:08:05Z
lever,d879b190-b6a1-41e1-9eca-bf94d36037e1,Palantir,Mobility Tax Analyst,Finance,"London, United Kingdom",0,2022-04-07T16:26:35Z,,https://jobs.lever.co/palantir/d879b190-b6a1-41e1-9eca-bf94d36037e1,2026-08-05T03:08:05Z,2026-08-05T03:08:05Z
lever,61eaa54c-e1b7-4064-afad-f7df3d48d652,Palantir,Neurodivergent Fellowship,Business Development,"New York, NY",0,2025-12-07T22:42:55Z,,https://jobs.lever.co/palantir/61eaa54c-e1b7-4064-afad-f7df3d48d652,2026-08-05T03:08:05Z,2026-08-05T03:08:05Z
lever,fd952b52-7b9c-4056-a3dd-0bc41fcfe603,Palantir,Neurodivergent Fellowship,Business Development,"Washington, D.C.",0,2025-12-07T23:17:15Z,,https://jobs.lever.co/palantir/fd952b52-7b9c-4056-a3dd-0bc41fcfe603,2026-08-05T03:08:05Z,2026-08-05T03:08:05Z
lever,46530906-4822-4cce-ab86-ef7014d8547f,Palantir,Operations Analyst - US Government,Business Development,"Honolulu, HI",0,2025-08-20T13:28:04Z,,https://jobs.lever.co/palantir/46530906-4822-4cce-ab86-ef7014d8547f,2026-08-05T03:08:05Z,2026-08-05T03:08:05Z
lever,2df67493-ffb3-4b34-bf3b-88b6750c3ea7,Palantir,Operations Analyst - US Government Security,Business Development,"New York, NY",0,2026-06-09T16:29:25Z,,https://jobs.lever.co/palantir/2df67493-ffb3-4b34-bf3b-88b6750c3ea7,2026-08-05T03:08:05Z,2026-08-05T03:08:05Z
lever,13eb1ff2-5da3-44b1-b6a9-b5f9d15b4c35,Palantir,People Partner,People,"New York, NY",0,2018-01-18T17:27:56Z,,https://jobs.lever.co/palantir/13eb1ff2-5da3-44b1-b6a9-b5f9d15b4c35,2026-08-05T03:08:05Z,2026-08-05T03:08:05Z
lever,99ab8dbd-fd69-4216-8c2a-09a202a1cb17,Palantir,People Partner,People,"Washington, D.C.",0,2020-08-04T23:52:53Z,,https://jobs.lever.co/palantir/99ab8dbd-fd69-4216-8c2a-09a202a1cb17,2026-08-05T03:08:05Z,2026-08-05T03:08:05Z
lever,4a245bf7-0467-4436-ac22-7bad194c1a12,Palantir,People Relations Specialist,People,"New York, NY",0,2026-05-06T19:06:29Z,,https://jobs.lever.co/palantir/4a245bf7-0467-4436-ac22-7bad194c1a12,2026-08-05T03:08:05Z,2026-08-05T03:08:05Z
lever,5eed9e3f-28b6-407f-b0be-ed26bc349895,Palantir,People Relations Specialist,People,"Washington, D.C.",0,2026-05-06T19:07:00Z,,https://jobs.lever.co/palantir/5eed9e3f-28b6-407f-b0be-ed26bc349895,2026-08-05T03:08:05Z,2026-08-05T03:08:05Z
lever,fbdcd64f-651c-4b34-97ef-61419eb7d4e6,Palantir,People Relations Specialist,People,"London, United Kingdom",0,2026-05-22T15:30:14Z,,https://jobs.lever.co/palantir/fbdcd64f-651c-4b34-97ef-61419eb7d4e6,2026-08-05T03:08:05Z,2026-08-05T03:08:05Z
lever,721fe5ca-73b8-4223-826e-93a528194821,Palantir,Platform Engineer - Identity Infrastructure,Information Security,"Palo Alto, CA",0,2026-08-04T21:07:54Z,,https://jobs.lever.co/palantir/721fe5ca-73b8-4223-826e-93a528194821,2026-08-05T03:08:05Z,2026-08-05T03:08:05Z
lever,a80afc2b-2564-4a98-84c2-34cdcc0402df,Palantir,Platform Engineer - Identity Infrastructure,Information Security,"Washington, D.C.",0,2026-08-04T21:07:28Z,,https://jobs.lever.co/palantir/a80afc2b-2564-4a98-84c2-34cdcc0402df,2026-08-05T03:08:05Z,2026-08-05T03:08:05Z
lever,cf08f44c-bf75-45ed-9fab-f4836e51013e,Palantir,Platform Engineer - Identity Infrastructure,Information Security,"New York, NY",0,2026-07-28T19:52:46Z,,https://jobs.lever.co/palantir/cf08f44c-bf75-45ed-9fab-f4836e51013e,2026-08-05T03:08:05Z,2026-08-05T03:08:05Z
lever,a753a9e7-a361-426b-9c25-3cf2488c1730,Palantir,Platform Intelligence Engineer,Product Development,"New York, NY",0,2025-12-15T21:11:27Z,,https://jobs.lever.co/palantir/a753a9e7-a361-426b-9c25-3cf2488c1730,2026-08-05T03:08:05Z,2026-08-05T03:08:05Z
lever,95e0d2b0-437a-4096-a5c6-0f247f426c90,Palantir,Privacy & Civil Liberties Engineer - New Grad,Engineering,"New York, NY",0,2026-06-25T19:00:58Z,,https://jobs.lever.co/palantir/95e0d2b0-437a-4096-a5c6-0f247f426c90,2026-08-05T03:08:05Z,2026-08-05T03:08:05Z
lever,09846827-b931-4a9f-bd64-c3bb8860187b,Palantir,"Privacy and Civil Liberties Software Engineer, Internship",Engineering,"New York, NY",0,2016-10-06T22:34:11Z,,https://jobs.lever.co/palantir/09846827-b931-4a9f-bd64-c3bb8860187b,2026-08-05T03:08:05Z,2026-08-05T03:08:05Z
lever,2d8b7eaa-5c08-44ef-a0f0-5a96cee2794d,Palantir,Product Designer,Design,"London, United Kingdom",0,2013-01-31T00:00:00Z,,https://jobs.lever.co/palantir/2d8b7eaa-5c08-44ef-a0f0-5a96cee2794d,2026-08-05T03:08:05Z,2026-08-05T03:08:05Z
lever,c2d11af1-5b84-4be0-92ac-36113fb8f2b5,Palantir,Product Designer - US Government,Design,"New York, NY",0,2025-04-03T18:13:34Z,,https://jobs.lever.co/palantir/c2d11af1-5b84-4be0-92ac-36113fb8f2b5,2026-08-05T03:08:05Z,2026-08-05T03:08:05Z
lever,dc02f308-bbcc-4163-b4fb-3f68efb2ce24,Palantir,Product Designer - US Government,Design,"Washington, D.C.",0,2019-05-14T22:45:59Z,,https://jobs.lever.co/palantir/dc02f308-bbcc-4163-b4fb-3f68efb2ce24,2026-08-05T03:08:05Z,2026-08-05T03:08:05Z
lever,1a935143-e857-480c-bc5a-ad625d754eb6,Palantir,"Product Designer, Internship",Design,"New York, NY",0,2019-10-10T01:00:30Z,,https://jobs.lever.co/palantir/1a935143-e857-480c-bc5a-ad625d754eb6,2026-08-05T03:08:05Z,2026-08-05T03:08:05Z
lever,44129013-01e0-4699-8fc1-7a189bb37b63,Palantir,"Product Designer, Internship",Design,"London, United Kingdom",0,2019-01-29T17:51:33Z,,https://jobs.lever.co/palantir/44129013-01e0-4699-8fc1-7a189bb37b63,2026-08-05T03:08:05Z,2026-08-05T03:08:05Z
lever,8f7bbffa-92aa-4d25-9586-943b3322a27d,Palantir,"Product Designer, Internship - US Government",Design,"New York, NY",0,2025-08-12T18:31:27Z,,https://jobs.lever.co/palantir/8f7bbffa-92aa-4d25-9586-943b3322a27d,2026-08-05T03:08:05Z,2026-08-05T03:08:05Z
lever,9db71277-3a9a-481b-a2a3-25c3125b0e8a,Palantir,"Product Designer, Internship - US Government",Design,"Palo Alto, CA",0,2026-07-31T21:35:37Z,,https://jobs.lever.co/palantir/9db71277-3a9a-481b-a2a3-25c3125b0e8a,2026-08-05T03:08:05Z,2026-08-05T03:08:05Z
lever,fa060d94-f85d-4d02-be58-b81787fe57e5,Palantir,"Product Designer, Internship - US Government",Design,"Washington, D.C.",0,2024-08-19T09:22:15Z,,https://jobs.lever.co/palantir/fa060d94-f85d-4d02-be58-b81787fe57e5,2026-08-05T03:08:05Z,2026-08-05T03:08:05Z
lever,4c0fb3a1-8256-4d14-9a27-23727235752e,Palantir,"Product Designer, New Grad",Design,"New York, NY",0,2017-08-10T19:39:38Z,,https://jobs.lever.co/palantir/4c0fb3a1-8256-4d14-9a27-23727235752e,2026-08-05T03:08:05Z,2026-08-05T03:08:05Z
lever,76161763-bafa-4ebb-a2ce-2a25e315b7d7,Palantir,"Product Designer, New Grad",Design,"London, United Kingdom",0,2025-08-12T16:38:56Z,,https://jobs.lever.co/palantir/76161763-bafa-4ebb-a2ce-2a25e315b7d7,2026-08-05T03:08:05Z,2026-08-05T03:08:05Z
lever,25378ba0-db78-4c70-8174-a05ce514fc65,Palantir,"Product Designer, New Grad - US Government",Design,"Washington, D.C.",0,2024-01-02T22:21:00Z,,https://jobs.lever.co/palantir/25378ba0-db78-4c70-8174-a05ce514fc65,2026-08-05T03:08:05Z,2026-08-05T03:08:05Z
lever,32295454-6629-4f47-b11e-bbd7f5d41acb,Palantir,"Product Designer, New Grad - US Government",Design,"Palo Alto, CA",0,2024-08-15T22:43:39Z,,https://jobs.lever.co/palantir/32295454-6629-4f47-b11e-bbd7f5d41acb,2026-08-05T03:08:05Z,2026-08-05T03:08:05Z
lever,5f7a90e7-f927-47bf-90ed-52d17c58ae02,Palantir,"Product Designer, New Grad - US Government",Design,"New York, NY",0,2024-11-21T19:29:33Z,,https://jobs.lever.co/palantir/5f7a90e7-f927-47bf-90ed-52d17c58ae02,2026-08-05T03:08:05Z,2026-08-05T03:08:05Z
lever,250f623c-9afb-4c91-b0c0-25d4e83005ec,Palantir,Product Reliability Engineer - Defense,Product Support,"New York, NY",0,2026-01-27T23:14:13Z,,https://jobs.lever.co/palantir/250f623c-9afb-4c91-b0c0-25d4e83005ec,2026-08-05T03:08:05Z,2026-08-05T03:08:05Z
lever,57699414-b373-4a5e-9be8-6fb7de41ea72,Palantir,Product Reliability Engineer - Defense,Product Support,"Washington, D.C.",0,2026-01-27T00:29:39Z,,https://jobs.lever.co/palantir/57699414-b373-4a5e-9be8-6fb7de41ea72,2026-08-05T03:08:05Z,2026-08-05T03:08:05Z
lever,164da0e1-0bc2-46a7-bd4c-cb46b889dc63,Palantir,Production Engineer - Database Operations,Product Development,"London, United Kingdom",0,2026-05-13T08:12:08Z,,https://jobs.lever.co/palantir/164da0e1-0bc2-46a7-bd4c-cb46b889dc63,2026-08-05T03:08:05Z,2026-08-05T03:08:05Z
lever,c80690ca-704b-46c2-9d95-e4f6e98ce4e2,Palantir,Production Engineer - Database Operations,Product Development,"Singapore, Singapore",0,2025-02-06T21:21:28Z,,https://jobs.lever.co/palantir/c80690ca-704b-46c2-9d95-e4f6e98ce4e2,2026-08-05T03:08:05Z,2026-08-05T03:08:05Z
lever,14dbdeb9-1537-4ccf-83ac-608287efa00f,Palantir,Revenue Accounting Manager,Finance,"London, United Kingdom",0,2026-04-28T16:19:13Z,,https://jobs.lever.co/palantir/14dbdeb9-1537-4ccf-83ac-608287efa00f,2026-08-05T03:08:05Z,2026-08-05T03:08:05Z
lever,678d05bc-ea79-45ad-bdce-7a06a7cd9a54,Palantir,Revenue Accounting Manager,Finance,"Palo Alto, CA",0,2026-04-28T16:17:23Z,,https://jobs.lever.co/palantir/678d05bc-ea79-45ad-bdce-7a06a7cd9a54,2026-08-05T03:08:05Z,2026-08-05T03:08:05Z
lever,d770616f-1422-4420-972c-f95c31ca58e7,Palantir,Revenue Accounting Manager,Finance,"New York, NY",0,2026-04-28T22:14:11Z,,https://jobs.lever.co/palantir/d770616f-1422-4420-972c-f95c31ca58e7,2026-08-05T03:08:05Z,2026-08-05T03:08:05Z
lever,24060586-7ba8-47c0-bfc1-f1dd5b82d8bd,Palantir,Sales,Sales,"New York, NY",0,2026-01-09T15:50:00Z,,https://jobs.lever.co/palantir/24060586-7ba8-47c0-bfc1-f1dd5b82d8bd,2026-08-05T03:08:05Z,2026-08-05T03:08:05Z
lever,7177acab-5c64-4005-9b28-93f33b3e172a,Palantir,Senior Backend Software Engineer - Application Development,Dev,"New York, NY",0,2026-04-06T14:20:37Z,,https://jobs.lever.co/palantir/7177acab-5c64-4005-9b28-93f33b3e172a,2026-08-05T03:08:05Z,2026-08-05T03:08:05Z
lever,a92b55d0-1d36-4884-8e65-f456450b3a74,Palantir,Senior Backend Software Engineer - Application Development,Dev,"London, United Kingdom",0,2026-04-06T14:20:18Z,,https://jobs.lever.co/palantir/a92b55d0-1d36-4884-8e65-f456450b3a74,2026-08-05T03:08:05Z,2026-08-05T03:08:05Z
lever,2cd25c0b-088d-4a5c-9b96-1165a33fe652,Palantir,Senior Backend Software Engineer - Infrastructure,Dev,"London, United Kingdom",0,2026-04-06T14:22:09Z,,https://jobs.lever.co/palantir/2cd25c0b-088d-4a5c-9b96-1165a33fe652,2026-08-05T03:08:05Z,2026-08-05T03:08:05Z
lever,b5ad6660-8145-4be5-97e2-3799f2912f5b,Palantir,Senior Backend Software Engineer - Infrastructure,Dev,"New York, NY",0,2026-04-06T14:21:34Z,,https://jobs.lever.co/palantir/b5ad6660-8145-4be5-97e2-3799f2912f5b,2026-08-05T03:08:05Z,2026-08-05T03:08:05Z
lever,4e7d0732-f477-4c7a-aac9-abd62f8c9987,Palantir,Senior Front End Software Engineer - Application Development,Dev,"London, United Kingdom",0,2024-08-07T02:11:24Z,,https://jobs.lever.co/palantir/4e7d0732-f477-4c7a-aac9-abd62f8c9987,2026-08-05T03:08:05Z,2026-08-05T03:08:05Z
lever,d2a87a1d-63f4-4dcd-b0d0-f6be91fed4d3,Palantir,Senior Front End Software Engineer - Application Development,Dev,"New York, NY",0,2024-08-06T19:18:21Z,,https://jobs.lever.co/palantir/d2a87a1d-63f4-4dcd-b0d0-f6be91fed4d3,2026-08-05T03:08:05Z,2026-08-05T03:08:05Z
lever,144f32bc-21e5-42bd-9710-7165a22d51e1,Palantir,Senior Identity Security Engineer,Information Security,"New York, NY",0,2026-05-28T21:15:08Z,,https://jobs.lever.co/palantir/144f32bc-21e5-42bd-9710-7165a22d51e1,2026-08-05T03:08:05Z,2026-08-05T03:08:05Z
lever,146aba99-2a9a-44ee-9fb3-42dd1e211221,Palantir,Senior Identity Security Engineer,Information Security,"Washington, D.C.",0,2026-05-28T21:18:02Z,,https://jobs.lever.co/palantir/146aba99-2a9a-44ee-9fb3-42dd1e211221,2026-08-05T03:08:05Z,2026-08-05T03:08:05Z
lever,bb7af139-064c-4a59-a784-9ba8c4324d21,Palantir,Senior Identity Security Engineer,Information Security,"Palo Alto, CA",0,2026-05-28T21:17:02Z,,https://jobs.lever.co/palantir/bb7af139-064c-4a59-a784-9ba8c4324d21,2026-08-05T03:08:05Z,2026-08-05T03:08:05Z
lever,5b4f55a5-e883-445e-853d-7e0d40eec055,Palantir,Senior Revenue Accountant,Finance,"London, United Kingdom",0,2025-05-16T21:41:24Z,,https://jobs.lever.co/palantir/5b4f55a5-e883-445e-853d-7e0d40eec055,2026-08-05T03:08:05Z,2026-08-05T03:08:05Z
lever,ee898794-f9cc-45f1-8a40-9a49e7db62bd,Palantir,Senior Revenue Accountant,Finance,"Palo Alto, CA",0,2025-05-16T21:36:56Z,,https://jobs.lever.co/palantir/ee898794-f9cc-45f1-8a40-9a49e7db62bd,2026-08-05T03:08:05Z,2026-08-05T03:08:05Z
lever,88f8f593-af1f-4d27-9042-454c24a64d3f,Palantir,Senior Software Engineer - Autonomous Systems,Product Development,"Seattle, WA",0,2025-10-07T17:05:52Z,,https://jobs.lever.co/palantir/88f8f593-af1f-4d27-9042-454c24a64d3f,2026-08-05T03:08:05Z,2026-08-05T03:08:05Z
lever,bba1ecbc-e56d-48b0-b33a-aefcbffbd655,Palantir,Senior Software Engineer - Autonomous Systems,Product Development,"New York, NY",0,2026-02-03T17:34:18Z,,https://jobs.lever.co/palantir/bba1ecbc-e56d-48b0-b33a-aefcbffbd655,2026-08-05T03:08:05Z,2026-08-05T03:08:05Z
lever,d40d5d19-8f9e-4e6b-b4d3-b7457c90adec,Palantir,Senior Software Engineer - Autonomous Systems,Product Development,"Washington, D.C.",0,2026-07-22T19:45:57Z,,https://jobs.lever.co/palantir/d40d5d19-8f9e-4e6b-b4d3-b7457c90adec,2026-08-05T03:08:05Z,2026-08-05T03:08:05Z
lever,d7030550-f80f-422c-965f-3120db433dea,Palantir,Senior Software Engineer - Autonomous Systems,Product Development,"Palo Alto, CA",0,2026-07-22T19:46:17Z,,https://jobs.lever.co/palantir/d7030550-f80f-422c-965f-3120db433dea,2026-08-05T03:08:05Z,2026-08-05T03:08:05Z
lever,8a95dba1-b814-4243-be14-eba1df340ceb,Palantir,Senior Software Engineer - Observability,Dev,"New York, NY",0,2022-10-17T16:50:25Z,,https://jobs.lever.co/palantir/8a95dba1-b814-4243-be14-eba1df340ceb,2026-08-05T03:08:05Z,2026-08-05T03:08:05Z
lever,39c57909-ae76-4c86-9290-9fb50c689c4f,Palantir,"Senior Software Engineer, Network Infrastructure",Dev,"Seattle, WA",0,2024-02-27T19:14:08Z,,https://jobs.lever.co/palantir/39c57909-ae76-4c86-9290-9fb50c689c4f,2026-08-05T03:08:05Z,2026-08-05T03:08:05Z
lever,55005ee7-4e06-4520-b569-f6e8f26745cb,Palantir,"Senior Software Engineer, Network Infrastructure",Dev,"New York, NY",0,2024-02-27T19:16:55Z,,https://jobs.lever.co/palantir/55005ee7-4e06-4520-b569-f6e8f26745cb,2026-08-05T03:08:05Z,2026-08-05T03:08:05Z
lever,89a77547-8b74-45b2-8590-f04b16e19a59,Palantir,"Senior Software Engineer, Network Infrastructure",Dev,"Washington, D.C.",0,2025-08-08T21:32:00Z,,https://jobs.lever.co/palantir/89a77547-8b74-45b2-8590-f04b16e19a59,2026-08-05T03:08:05Z,2026-08-05T03:08:05Z
lever,26176860-7b27-412a-9959-d8b8705acf53,Palantir,"Senior Software Engineer, Substrate",Dev,"Washington, D.C.",0,2025-08-08T21:32:30Z,,https://jobs.lever.co/palantir/26176860-7b27-412a-9959-d8b8705acf53,2026-08-05T03:08:05Z,2026-08-05T03:08:05Z
lever,68d690cf-fc8a-4755-9b69-abe13f93d262,Palantir,"Senior Software Engineer, Substrate",Dev,"New York, NY",0,2024-02-27T19:23:01Z,,https://jobs.lever.co/palantir/68d690cf-fc8a-4755-9b69-abe13f93d262,2026-08-05T03:08:05Z,2026-08-05T03:08:05Z
lever,b80d45be-7fe8-4a11-b159-65551320c61f,Palantir,"Senior Software Engineer, Substrate",Dev,"London, United Kingdom",0,2024-02-27T19:25:01Z,,https://jobs.lever.co/palantir/b80d45be-7fe8-4a11-b159-65551320c61f,2026-08-05T03:08:05Z,2026-08-05T03:08:05Z
lever,c38bb622-6f8e-43a1-8ae7-32291da328a8,Palantir,"Senior Software Engineer, Substrate",Dev,"Seattle, WA",0,2024-02-27T19:20:10Z,,https://jobs.lever.co/palantir/c38bb622-6f8e-43a1-8ae7-32291da328a8,2026-08-05T03:08:05Z,2026-08-05T03:08:05Z
lever,211f99dc-269e-4f25-84d3-d73dea782080,Palantir,Site Reliability Engineer - US Government,Engineering,"Washington, D.C.",0,2020-04-22T19:23:16Z,,https://jobs.lever.co/palantir/211f99dc-269e-4f25-84d3-d73dea782080,2026-08-05T03:08:05Z,2026-08-05T03:08:05Z
lever,5174e95b-2e0a-46f8-8db7-e2c837a0ac94,Palantir,Site Reliability Operations Analyst - Commercial,Mission Operations,"New York, NY",0,2023-11-28T00:21:36Z,,https://jobs.lever.co/palantir/5174e95b-2e0a-46f8-8db7-e2c837a0ac94,2026-08-05T03:08:05Z,2026-08-05T03:08:05Z
lever,98bbe55b-f591-4272-a486-d82404d2c576,Palantir,Site Reliability Operations Analyst - UK Government,Mission Operations,"London, United Kingdom",0,2024-08-27T14:04:29Z,,https://jobs.lever.co/palantir/98bbe55b-f591-4272-a486-d82404d2c576,2026-08-05T03:08:05Z,2026-08-05T03:08:05Z
lever,38758e88-5884-4a11-98ac-d23cab51bc7a,Palantir,Site Reliability Operations Analyst - US Government,Mission Operations,"Washington, D.C.",0,2020-04-13T18:07:36Z,,https://jobs.lever.co/palantir/38758e88-5884-4a11-98ac-d23cab51bc7a,2026-08-05T03:08:05Z,2026-08-05T03:08:05Z
lever,7d91ca36-1e23-4603-b0f1-82a835e27d3f,Palantir,Site Reliability Operations Analyst - US Government,Mission Operations,"New York, NY",0,2020-04-13T18:15:01Z,,https://jobs.lever.co/palantir/7d91ca36-1e23-4603-b0f1-82a835e27d3f,2026-08-05T03:08:05Z,2026-08-05T03:08:05Z
lever,8f308f3e-43d2-49c9-accd-cc7af0f1565c,Palantir,Software Engineer - Apollo Platform,Dev,"New York, NY",0,2022-08-10T22:59:02Z,,https://jobs.lever.co/palantir/8f308f3e-43d2-49c9-accd-cc7af0f1565c,2026-08-05T03:08:05Z,2026-08-05T03:08:05Z
lever,afea07a8-2721-45e6-a9ca-6580f3f9783c,Palantir,Software Engineer - Apollo Platform,Dev,"Seattle, WA",0,2022-08-10T22:58:00Z,,https://jobs.lever.co/palantir/afea07a8-2721-45e6-a9ca-6580f3f9783c,2026-08-05T03:08:05Z,2026-08-05T03:08:05Z
lever,f75cb0d2-6608-450b-848e-0f27937c930d,Palantir,Software Engineer - Apollo Platform,Dev,"London, United Kingdom",0,2022-08-15T17:14:55Z,,https://jobs.lever.co/palantir/f75cb0d2-6608-450b-848e-0f27937c930d,2026-08-05T03:08:05Z,2026-08-05T03:08:05Z
lever,832e4652-5088-4e5b-aeac-1e82ec3ebad4,Palantir,Software Engineer - Apollo Systems,Dev,"New York, NY",0,2025-11-10T21:27:18Z,,https://jobs.lever.co/palantir/832e4652-5088-4e5b-aeac-1e82ec3ebad4,2026-08-05T03:08:05Z,2026-08-05T03:08:05Z
lever,e47d4410-2542-47d8-b558-b5295fc28821,Palantir,Software Engineer - Apollo Systems,Dev,"Seattle, WA",0,2025-11-10T21:27:52Z,,https://jobs.lever.co/palantir/e47d4410-2542-47d8-b558-b5295fc28821,2026-08-05T03:08:05Z,2026-08-05T03:08:05Z
lever,3b4ae28e-c4f2-4654-83b4-64366bfe72fa,Palantir,Software Engineer - Core Interfaces,Dev,"New York, NY",0,2026-06-11T22:04:51Z,,https://jobs.lever.co/palantir/3b4ae28e-c4f2-4654-83b4-64366bfe72fa,2026-08-05T03:08:05Z,2026-08-05T03:08:05Z
lever,cf76738e-3030-42fa-92ac-a9446df956fc,Palantir,Software Engineer - Core Interfaces,Dev,"Palo Alto, CA",0,2026-01-13T21:22:02Z,,https://jobs.lever.co/palantir/cf76738e-3030-42fa-92ac-a9446df956fc,2026-08-05T03:08:05Z,2026-08-05T03:08:05Z
lever,c288bb43-3c63-4557-bd96-600ef0d1b7a6,Palantir,Software Engineer - Defense Applications,Dev,"New York, NY",0,2026-06-11T22:13:37Z,,https://jobs.lever.co/palantir/c288bb43-3c63-4557-bd96-600ef0d1b7a6,2026-08-05T03:08:05Z,2026-08-05T03:08:05Z
lever,f7dbfdf1-0bb1-4c11-ac15-6a139cee3410,Palantir,Software Engineer - Defense Applications,Dev,"Washington, D.C.",0,2026-01-26T23:21:59Z,,https://jobs.lever.co/palantir/f7dbfdf1-0bb1-4c11-ac15-6a139cee3410,2026-08-05T03:08:05Z,2026-08-05T03:08:05Z
lever,3c84af24-b7aa-483e-b2c3-e1d83494fe15,Palantir,Software Engineer - Developer Productivity,Dev,"New York, NY",0,2022-11-08T23:58:24Z,,https://jobs.lever.co/palantir/3c84af24-b7aa-483e-b2c3-e1d83494fe15,2026-08-05T03:08:05Z,2026-08-05T03:08:05Z
lever,397fb983-47b7-4a53-a7df-f080f43f7720,Palantir,Software Engineer - Edge,Product Development,"Washington, D.C.",0,2025-11-04T20:51:15Z,,https://jobs.lever.co/palantir/397fb983-47b7-4a53-a7df-f080f43f7720,2026-08-05T03:08:05Z,2026-08-05T03:08:05Z
lever,67110929-adea-41c3-851a-8882e222d9e4,Palantir,Software Engineer - Edge AI Systems,Dev,"Seattle, WA",0,2026-07-22T22:12:20Z,,https://jobs.lever.co/palantir/67110929-adea-41c3-851a-8882e222d9e4,2026-08-05T03:08:05Z,2026-08-05T03:08:05Z
lever,cd2423c6-da68-430c-8be5-0ae7eea36497,Palantir,Software Engineer - Environment Platform,Dev,"Seattle, WA",0,2024-09-05T13:56:40Z,,https://jobs.lever.co/palantir/cd2423c6-da68-430c-8be5-0ae7eea36497,2026-08-05T03:08:05Z,2026-08-05T03:08:05Z
lever,d5d83a8f-cb96-41cc-9612-c7224fbb2fbc,Palantir,Software Engineer - Environment Platform,Dev,"New York, NY",0,2024-09-05T13:55:18Z,,https://jobs.lever.co/palantir/d5d83a8f-cb96-41cc-9612-c7224fbb2fbc,2026-08-05T03:08:05Z,2026-08-05T03:08:05Z
lever,71ed917e-850a-484b-9454-fa66bdf24540,Palantir,Software Engineer - Frontend Developer Productivity,Dev,"New York, NY",0,2024-02-23T19:19:45Z,,https://jobs.lever.co/palantir/71ed917e-850a-484b-9454-fa66bdf24540,2026-08-05T03:08:05Z,2026-08-05T03:08:05Z
lever,4df4cca5-e361-498b-806d-05f21638c93a,Palantir,Software Engineer - Hosted Model Infrastructure,Dev,"New York, NY",0,2026-06-03T19:38:18Z,,https://jobs.lever.co/palantir/4df4cca5-e361-498b-806d-05f21638c93a,2026-08-05T03:08:05Z,2026-08-05T03:08:05Z
lever,7a9600be-cdcb-4311-bb5c-65b6939b5956,Palantir,Software Engineer - Hosted Model Infrastructure,Dev,"Washington, D.C.",0,2026-06-03T19:38:40Z,,https://jobs.lever.co/palantir/7a9600be-cdcb-4311-bb5c-65b6939b5956,2026-08-05T03:08:05Z,2026-08-05T03:08:05Z
lever,e9aecd15-c7e9-4803-9928-fc0b67e70f5b,Palantir,Software Engineer - Hosted Model Infrastructure,Dev,"Palo Alto, CA",0,2026-06-03T19:36:18Z,,https://jobs.lever.co/palantir/e9aecd15-c7e9-4803-9928-fc0b67e70f5b,2026-08-05T03:08:05Z,2026-08-05T03:08:05Z
lever,8aec0fba-0ac9-48a5-8f54-f2d8465d6698,Palantir,Software Engineer - Mission Manager,Dev,"Washington, D.C.",0,2025-08-08T21:32:54Z,,https://jobs.lever.co/palantir/8aec0fba-0ac9-48a5-8f54-f2d8465d6698,2026-08-05T03:08:05Z,2026-08-05T03:08:05Z
lever,c0b60d64-1244-4270-9d55-14115c97c24b,Palantir,Software Engineer - Mission Manager,Dev,"New York, NY",0,2025-03-27T23:35:36Z,,https://jobs.lever.co/palantir/c0b60d64-1244-4270-9d55-14115c97c24b,2026-08-05T03:08:05Z,2026-08-05T03:08:05Z
lever,e168a922-a2f0-45d0-912c-678d66e15118,Palantir,Software Engineer - Mission Manager,Dev,"Seattle, WA",0,2025-03-27T23:35:09Z,,https://jobs.lever.co/palantir/e168a922-a2f0-45d0-912c-678d66e15118,2026-08-05T03:08:05Z,2026-08-05T03:08:05Z
lever,373eb939-6f57-4836-8479-be79a5e07249,Palantir,"Software Engineer, Internship",Dev,"Denver, CO",0,2024-08-29T04:34:48Z,,https://jobs.lever.co/palantir/373eb939-6f57-4836-8479-be79a5e07249,2026-08-05T03:08:05Z,2026-08-05T03:08:05Z
lever,76a60923-bb49-40f5-b061-7c7eb1299602,Palantir,"Software Engineer, Internship",Dev,"London, United Kingdom",0,2021-07-01T22:03:51Z,,https://jobs.lever.co/palantir/76a60923-bb49-40f5-b061-7c7eb1299602,2026-08-05T03:08:05Z,2026-08-05T03:08:05Z
lever,7d69cf8a-06fd-4f05-bd84-27149db29c4d,Palantir,"Software Engineer, Internship",Dev,"New York, NY",0,2022-06-30T21:19:00Z,,https://jobs.lever.co/palantir/7d69cf8a-06fd-4f05-bd84-27149db29c4d,2026-08-05T03:08:05Z,2026-08-05T03:08:05Z
lever,bdcfb29f-4f27-42de-933f-7f83a359b9f0,Palantir,"Software Engineer, Internship",Dev,"Washington, D.C.",0,2021-07-01T22:00:40Z,,https://jobs.lever.co/palantir/bdcfb29f-4f27-42de-933f-7f83a359b9f0,2026-08-05T03:08:05Z,2026-08-05T03:08:05Z
lever,e27af7ab-41fc-40c9-b31d-02c6cb1c505c,Palantir,"Software Engineer, Internship",Dev,"Palo Alto, CA",0,2021-07-01T21:52:15Z,,https://jobs.lever.co/palantir/e27af7ab-41fc-40c9-b31d-02c6cb1c505c,2026-08-05T03:08:05Z,2026-08-05T03:08:05Z
lever,8bcf4f33-0a79-4248-bbfd-49ac4be9dd8e,Palantir,"Software Engineer, Internship - Defense Tech",Dev,"New York, NY",0,2024-08-05T23:27:08Z,,https://jobs.lever.co/palantir/8bcf4f33-0a79-4248-bbfd-49ac4be9dd8e,2026-08-05T03:08:05Z,2026-08-05T03:08:05Z
lever,a483f41b-0da9-42ea-8ed6-cbf6eb93cc6d,Palantir,"Software Engineer, Internship - Defense Tech",Dev,"Palo Alto, CA",0,2024-08-05T23:26:42Z,,https://jobs.lever.co/palantir/a483f41b-0da9-42ea-8ed6-cbf6eb93cc6d,2026-08-05T03:08:05Z,2026-08-05T03:08:05Z
lever,f17e98d0-046a-4e6e-9d65-ed0b12dd0ff7,Palantir,"Software Engineer, Internship - Defense Tech",Dev,"Washington, D.C.",0,2024-08-05T23:26:16Z,,https://jobs.lever.co/palantir/f17e98d0-046a-4e6e-9d65-ed0b12dd0ff7,2026-08-05T03:08:05Z,2026-08-05T03:08:05Z
lever,b229baac-494b-4a0d-9a13-2e38806e06f3,Palantir,"Software Engineer, Internship - Infrastructure",Dev,"New York, NY",0,2025-06-26T15:01:02Z,,https://jobs.lever.co/palantir/b229baac-494b-4a0d-9a13-2e38806e06f3,2026-08-05T03:08:05Z,2026-08-05T03:08:05Z
lever,f221738b-e97c-4ce3-a12a-17ada2b855e4,Palantir,"Software Engineer, Internship - Infrastructure",Dev,"Palo Alto, CA",0,2025-08-19T09:48:43Z,,https://jobs.lever.co/palantir/f221738b-e97c-4ce3-a12a-17ada2b855e4,2026-08-05T03:08:05Z,2026-08-05T03:08:05Z
lever,fd3603a9-7016-45c6-9c8d-04c9279ab85e,Palantir,"Software Engineer, Internship - Infrastructure",Dev,"London, United Kingdom",0,2025-06-26T15:15:08Z,,https://jobs.lever.co/palantir/fd3603a9-7016-45c6-9c8d-04c9279ab85e,2026-08-05T03:08:05Z,2026-08-05T03:08:05Z
lever,373367a9-3160-49d8-b7af-2efec062fad1,Palantir,"Software Engineer, Internship - Production Infrastructure",Dev,"Seattle, WA",0,2025-06-26T20:05:13Z,,https://jobs.lever.co/palantir/373367a9-3160-49d8-b7af-2efec062fad1,2026-08-05T03:08:05Z,2026-08-05T03:08:05Z
lever,37964982-9b4c-471e-a1d8-fb8f45d7f116,Palantir,"Software Engineer, Internship - Production Infrastructure",Dev,"New York, NY",0,2025-06-26T20:04:34Z,,https://jobs.lever.co/palantir/37964982-9b4c-471e-a1d8-fb8f45d7f116,2026-08-05T03:08:05Z,2026-08-05T03:08:05Z
lever,3ab9e715-1ea9-4c6c-ad50-7340eac14e86,Palantir,"Software Engineer, Internship - Production Infrastructure",Dev,"Washington, D.C.",0,2025-08-19T09:41:27Z,,https://jobs.lever.co/palantir/3ab9e715-1ea9-4c6c-ad50-7340eac14e86,2026-08-05T03:08:05Z,2026-08-05T03:08:05Z
lever,94984771-0704-446c-88c6-91ce748f6d92,Palantir,"Software Engineer, New Grad",Dev,"New York, NY",0,2021-07-01T20:24:57Z,,https://jobs.lever.co/palantir/94984771-0704-446c-88c6-91ce748f6d92,2026-08-05T03:08:05Z,2026-08-05T03:08:05Z
lever,c34b424e-caf2-455a-b104-ae1096ccca29,Palantir,"Software Engineer, New Grad",Dev,"Denver, CO",0,2020-10-27T18:32:40Z,,https://jobs.lever.co/palantir/c34b424e-caf2-455a-b104-ae1096ccca29,2026-08-05T03:08:05Z,2026-08-05T03:08:05Z
lever,d372c805-d0cd-4a10-9522-fbecc78d6f3e,Palantir,"Software Engineer, New Grad",Dev,"London, United Kingdom",0,2021-07-01T20:30:14Z,,https://jobs.lever.co/palantir/d372c805-d0cd-4a10-9522-fbecc78d6f3e,2026-08-05T03:08:05Z,2026-08-05T03:08:05Z
lever,0a838e66-1ab0-4fc4-b4d3-4671c0352278,Palantir,"Software Engineer, New Grad - Defense",Dev,"New York, NY",0,2025-06-19T01:34:22Z,,https://jobs.lever.co/palantir/0a838e66-1ab0-4fc4-b4d3-4671c0352278,2026-08-05T03:08:05Z,2026-08-05T03:08:05Z
lever,18d901fc-93bb-4d18-9f04-c72031e20d79,Palantir,"Software Engineer, New Grad - Defense",Dev,"Washington, D.C.",0,2025-06-19T01:37:46Z,,https://jobs.lever.co/palantir/18d901fc-93bb-4d18-9f04-c72031e20d79,2026-08-05T03:08:05Z,2026-08-05T03:08:05Z
lever,f362d7aa-360d-4059-ab38-f482742693b3,Palantir,"Software Engineer, New Grad - Defense",Dev,"Palo Alto, CA",0,2025-06-19T01:36:20Z,,https://jobs.lever.co/palantir/f362d7aa-360d-4059-ab38-f482742693b3,2026-08-05T03:08:05Z,2026-08-05T03:08:05Z
lever,4abf26b4-795c-420a-bf22-1ab98db268b4,Palantir,"Software Engineer, New Grad - Infrastructure",Dev,"New York, NY",0,2025-06-26T01:01:09Z,,https://jobs.lever.co/palantir/4abf26b4-795c-420a-bf22-1ab98db268b4,2026-08-05T03:08:05Z,2026-08-05T03:08:05Z
lever,7d75bed5-45d8-4876-840a-2d92ea79c98d,Palantir,"Software Engineer, New Grad - Infrastructure",Dev,"Palo Alto, CA",0,2025-08-19T09:45:38Z,,https://jobs.lever.co/palantir/7d75bed5-45d8-4876-840a-2d92ea79c98d,2026-08-05T03:08:05Z,2026-08-05T03:08:05Z
lever,9265acce-12cd-4179-8c50-55d15963532b,Palantir,"Software Engineer, New Grad - Infrastructure",Dev,"London, United Kingdom",0,2025-06-26T01:13:54Z,,https://jobs.lever.co/palantir/9265acce-12cd-4179-8c50-55d15963532b,2026-08-05T03:08:05Z,2026-08-05T03:08:05Z
lever,15844944-fb69-4b57-9531-e988650b20c6,Palantir,"Software Engineer, New Grad - Production Infrastructure",Dev,"Washington, D.C.",0,2025-08-19T09:37:18Z,,https://jobs.lever.co/palantir/15844944-fb69-4b57-9531-e988650b20c6,2026-08-05T03:08:05Z,2026-08-05T03:08:05Z
lever,4d5a144e-87ea-45e2-a68c-3fad590629af,Palantir,"Software Engineer, New Grad - Production Infrastructure",Dev,"Seattle, WA",0,2025-06-26T19:54:49Z,,https://jobs.lever.co/palantir/4d5a144e-87ea-45e2-a68c-3fad590629af,2026-08-05T03:08:05Z,2026-08-05T03:08:05Z
lever,e1a6c138-98bf-45e2-97f7-2c70371cc38a,Palantir,"Software Engineer, New Grad - Production Infrastructure",Dev,"New York, NY",0,2025-06-26T19:53:39Z,,https://jobs.lever.co/palantir/e1a6c138-98bf-45e2-97f7-2c70371cc38a,2026-08-05T03:08:05Z,2026-08-05T03:08:05Z
lever,40d0499b-e2ec-42cc-8a19-c454ed510195,Palantir,Support Engineer,Technical Operations,"London, United Kingdom",0,2026-05-19T18:31:18Z,,https://jobs.lever.co/palantir/40d0499b-e2ec-42cc-8a19-c454ed510195,2026-08-05T03:08:05Z,2026-08-05T03:08:05Z
lever,838bce97-415d-4cdc-95ea-904005feb131,Palantir,Support Engineer,Technical Operations,"New York, NY",0,2026-05-19T18:25:52Z,,https://jobs.lever.co/palantir/838bce97-415d-4cdc-95ea-904005feb131,2026-08-05T03:08:05Z,2026-08-05T03:08:05Z
lever,4186c7e2-1fc4-4049-81fb-fa98efb9d1de,Palantir,Talent Coordinator,Recruiting,"New York, NY",0,2024-12-16T18:55:27Z,,https://jobs.lever.co/palantir/4186c7e2-1fc4-4049-81fb-fa98efb9d1de,2026-08-05T03:08:05Z,2026-08-05T03:08:05Z
lever,76195098-5e66-4b62-96d0-dcaabb6ea009,Palantir,Talent Coordinator,Recruiting,"Chicago, IL",0,2026-07-15T14:09:40Z,,https://jobs.lever.co/palantir/76195098-5e66-4b62-96d0-dcaabb6ea009,2026-08-05T03:08:05Z,2026-08-05T03:08:05Z
lever,fdcbb8ff-2a38-467f-9fdf-b80e1563d863,Palantir,Talent Sourcer (Contractor),Recruiting,"New York, NY",0,2019-05-03T22:45:13Z,,https://jobs.lever.co/palantir/fdcbb8ff-2a38-467f-9fdf-b80e1563d863,2026-08-05T03:08:05Z,2026-08-05T03:08:05Z
lever,484658a9-d6da-4d5f-9ab3-7c9f6ae3cd71,Palantir,Talent Strategist,Recruiting,"London, United Kingdom",0,2025-07-22T19:58:55Z,,https://jobs.lever.co/palantir/484658a9-d6da-4d5f-9ab3-7c9f6ae3cd71,2026-08-05T03:08:05Z,2026-08-05T03:08:05Z
lever,5802024f-0e9c-4b58-8de0-0ecd52c234e3,Palantir,Talent Strategist,Recruiting,"Chicago, IL",0,2026-07-15T13:55:12Z,,https://jobs.lever.co/palantir/5802024f-0e9c-4b58-8de0-0ecd52c234e3,2026-08-05T03:08:05Z,2026-08-05T03:08:05Z
lever,ef824a5d-0932-4f96-9347-2e66cd5a7b83,Palantir,Talent Strategist,Recruiting,"Washington, D.C.",0,2024-11-05T12:36:50Z,,https://jobs.lever.co/palantir/ef824a5d-0932-4f96-9347-2e66cd5a7b83,2026-08-05T03:08:05Z,2026-08-05T03:08:05Z
lever,fef637bd-60f6-4603-b749-14e609c473a5,Palantir,Talent Strategist,Recruiting,"New York, NY",0,2024-11-05T12:32:16Z,,https://jobs.lever.co/palantir/fef637bd-60f6-4603-b749-14e609c473a5,2026-08-05T03:08:05Z,2026-08-05T03:08:05Z
lever,299a7549-f59b-43f9-ab97-b06bf5b3a79c,Palantir,Technical Accounting Manager,Finance,"Denver, CO",0,2026-05-22T16:36:45Z,,https://jobs.lever.co/palantir/299a7549-f59b-43f9-ab97-b06bf5b3a79c,2026-08-05T03:08:05Z,2026-08-05T03:08:05Z
lever,3268bde8-0dcd-4105-a185-126781e55d3a,Palantir,Technical Accounting Manager,Finance,"Seattle, WA",0,2026-05-22T19:02:09Z,,https://jobs.lever.co/palantir/3268bde8-0dcd-4105-a185-126781e55d3a,2026-08-05T03:08:05Z,2026-08-05T03:08:05Z
lever,40be4ff3-2656-4809-bd7d-9e58227f4ed9,Palantir,Technical Accounting Manager,Finance,"Palo Alto, CA",0,2026-05-22T19:01:41Z,,https://jobs.lever.co/palantir/40be4ff3-2656-4809-bd7d-9e58227f4ed9,2026-08-05T03:08:05Z,2026-08-05T03:08:05Z
lever,b5362bc1-8a07-44e2-9ddc-cb4236aa0f20,Palantir,Technical Program Manager - Security,Information Security,"New York, NY",0,2026-07-20T14:50:36Z,,https://jobs.lever.co/palantir/b5362bc1-8a07-44e2-9ddc-cb4236aa0f20,2026-08-05T03:08:05Z,2026-08-05T03:08:05Z
lever,b908b3e4-81f9-47b3-9088-ee8dd3932003,Palantir,Technical Program Manager - Security,Information Security,"Washington, D.C.",0,2026-07-20T15:01:24Z,,https://jobs.lever.co/palantir/b908b3e4-81f9-47b3-9088-ee8dd3932003,2026-08-05T03:08:05Z,2026-08-05T03:08:05Z
lever,e76eaef3-f240-467d-8260-1d6d92ed5c41,Palantir,Technical Program Manager - Security,Information Security,"Seattle, WA",0,2026-07-20T15:01:44Z,,https://jobs.lever.co/palantir/e76eaef3-f240-467d-8260-1d6d92ed5c41,2026-08-05T03:08:05Z,2026-08-05T03:08:05Z
lever,7eb0dedb-37ee-4175-b29f-10a9e4340076,Palantir,Technical Program Manager (TPM),Product Development,"New York, NY",0,2021-05-07T21:20:47Z,,https://jobs.lever.co/palantir/7eb0dedb-37ee-4175-b29f-10a9e4340076,2026-08-05T03:08:05Z,2026-08-05T03:08:05Z
lever,bd16f7ad-3bee-48fd-9902-b3ee9698b608,Palantir,Technical Program Manager (TPM) - Defense,Product Development,"Washington, D.C.",0,2025-03-10T08:02:29Z,,https://jobs.lever.co/palantir/bd16f7ad-3bee-48fd-9902-b3ee9698b608,2026-08-05T03:08:05Z,2026-08-05T03:08:05Z
lever,95a76f41-97a4-4696-ade3-9c5a47a569c7,Palantir,Technical Writer,Product Development,"New York, NY",0,2021-08-12T01:08:01Z,,https://jobs.lever.co/palantir/95a76f41-97a4-4696-ade3-9c5a47a569c7,2026-08-05T03:08:05Z,2026-08-05T03:08:05Z
lever,b11a97bd-ac86-4cf8-a008-ffe1772a190a,Palantir,Technical Writer,Product Development,"Washington, D.C.",0,2021-08-12T01:08:45Z,,https://jobs.lever.co/palantir/b11a97bd-ac86-4cf8-a008-ffe1772a190a,2026-08-05T03:08:05Z,2026-08-05T03:08:05Z
lever,c9426c38-9c6f-44bc-acad-bb2e6ed315f6,Palantir,Technical Writer,Product Development,"London, United Kingdom",0,2021-08-12T01:09:29Z,,https://jobs.lever.co/palantir/c9426c38-9c6f-44bc-acad-bb2e6ed315f6,2026-08-05T03:08:05Z,2026-08-05T03:08:05Z
lever,3e53ec44-d8f3-4b0b-b77f-c481e9cd06fd,Palantir,USG Administrative Business Partner,Administrative,"New York, NY",0,2026-05-13T16:25:19Z,,https://jobs.lever.co/palantir/3e53ec44-d8f3-4b0b-b77f-c481e9cd06fd,2026-08-05T03:08:05Z,2026-08-05T03:08:05Z
lever,e0857612-4181-4f8e-8421-2609e7951b7b,Palantir,USG Administrative Business Partner,Administrative,"Washington, D.C.",0,2026-05-13T16:25:41Z,,https://jobs.lever.co/palantir/e0857612-4181-4f8e-8421-2609e7951b7b,2026-08-05T03:08:05Z,2026-08-05T03:08:05Z
lever,4255e21c-d0f2-4f57-b5db-1f65830d6425,Palantir,Web Application Developer - Defense,Dev,"Washington, D.C.",0,2024-01-30T19:26:33Z,,https://jobs.lever.co/palantir/4255e21c-d0f2-4f57-b5db-1f65830d6425,2026-08-05T03:08:05Z,2026-08-05T03:08:05Z
lever,6a82fd06-5754-46c2-8214-9ca4cd89fb9d,Palantir,Web Application Developer - Defense,Dev,"New York, NY",0,2024-03-05T18:34:47Z,,https://jobs.lever.co/palantir/6a82fd06-5754-46c2-8214-9ca4cd89fb9d,2026-08-05T03:08:05Z,2026-08-05T03:08:05Z
lever,96e4295f-3af7-48e5-a2c8-74622eaf5587,Palantir,Web Application Developer - Defense,Dev,"Palo Alto, CA",0,2024-03-05T18:36:22Z,,https://jobs.lever.co/palantir/96e4295f-3af7-48e5-a2c8-74622eaf5587,2026-08-05T03:08:05Z,2026-08-05T03:08:05Z
lever,a3eaa0ef-3378-495f-8308-edbd9a93d26c,Palantir,Web Design Engineer,Communications,"New York, NY",0,2026-06-23T20:45:30Z,,https://jobs.lever.co/palantir/a3eaa0ef-3378-495f-8308-edbd9a93d26c,2026-08-05T03:08:05Z,2026-08-05T03:08:05Z
lever,e6be4159-c8d1-481d-ad15-13274861b795,Palantir,Workplace Operations Analyst,Core Operations,"Abu Dhabi, United Arab Emirates",0,2026-07-29T16:32:24Z,,https://jobs.lever.co/palantir/e6be4159-c8d1-481d-ad15-13274861b795,2026-08-05T03:08:05Z,2026-08-05T03:08:05Z
lever,75cc1c09-8ebd-44c8-b3bc-d122cd1fecb3,Palantir,"Year at Palantir - Forward Deployed Software Engineer, Internship - Commercial",Delta,"Chicago, IL",0,2026-06-24T19:13:14Z,,https://jobs.lever.co/palantir/75cc1c09-8ebd-44c8-b3bc-d122cd1fecb3,2026-08-05T03:08:05Z,2026-08-05T03:08:05Z
lever,e6789b17-62fb-4226-a079-f8c17ff19e2d,Palantir,"Year at Palantir - Forward Deployed Software Engineer, Internship - Commercial",Delta,"New York, NY",0,2026-03-20T19:02:47Z,,https://jobs.lever.co/palantir/e6789b17-62fb-4226-a079-f8c17ff19e2d,2026-08-05T03:08:05Z,2026-08-05T03:08:05Z
lever,5c4c65c5-77da-4d36-856c-4ade87631019,Palantir,"Year at Palantir - Forward Deployed Software Engineer, Internship - USG",Delta,"Washington, D.C.",0,2026-04-23T21:17:05Z,,https://jobs.lever.co/palantir/5c4c65c5-77da-4d36-856c-4ade87631019,2026-08-05T03:08:05Z,2026-08-05T03:08:05Z
lever,5c7bb70c-83ea-43e7-8055-0c8f319f4333,Palantir,"Year at Palantir - Forward Deployed Software Engineer, Internship - USG",Delta,"New York, NY",0,2026-03-20T19:05:22Z,,https://jobs.lever.co/palantir/5c7bb70c-83ea-43e7-8055-0c8f319f4333,2026-08-05T03:08:05Z,2026-08-05T03:08:05Z
lever,655f9937-a4ce-4e7d-80e2-a6659af07329,Palantir,"Year at Palantir - Software Engineer, Internship",Dev,"New York, NY",0,2026-03-20T19:07:35Z,,https://jobs.lever.co/palantir/655f9937-a4ce-4e7d-80e2-a6659af07329,2026-08-05T03:08:05Z,2026-08-05T03:08:05Z
lever,f4746da4-8eb8-43e2-b7ce-bf3c7cf9640d,Zoox,Autonomy System Test Engineer,Software Quality Assurance,"Foster City, CA",0,2026-05-04T23:11:01Z,,https://jobs.lever.co/zoox/f4746da4-8eb8-43e2-b7ce-bf3c7cf9640d,2026-08-05T03:08:05Z,2026-08-05T03:08:05Z
lever,5fb23003-057f-4488-84c2-80ca98cc795d,Zoox,Business Recruiter,Talent,"Foster City, CA",0,2026-05-20T19:49:20Z,,https://jobs.lever.co/zoox/5fb23003-057f-4488-84c2-80ca98cc795d,2026-08-05T03:08:05Z,2026-08-05T03:08:05Z
lever,7ca52fd4-a683-4ba9-a635-5155f90be4f7,Zoox,Compute Platform System Safety Engineer,SDMA,"Foster City, CA",0,2026-01-02T19:27:44Z,,https://jobs.lever.co/zoox/7ca52fd4-a683-4ba9-a635-5155f90be4f7,2026-08-05T03:08:05Z,2026-08-05T03:08:05Z
lever,c1399cb4-16fa-4f04-8391-d19b1979d467,Zoox,"CRM Lead – Service Cloud, AI & Omnichannel",Business Applications,"Foster City, CA",0,2026-06-26T22:47:36Z,,https://jobs.lever.co/zoox/c1399cb4-16fa-4f04-8391-d19b1979d467,2026-08-05T03:08:05Z,2026-08-05T03:08:05Z
lever,fd97675c-3483-42c6-826f-12fbb96ccafc,Zoox,Data Scientist - Mapping,Autonomy Software,"Foster City, CA",0,2026-06-18T22:53:54Z,,https://jobs.lever.co/zoox/fd97675c-3483-42c6-826f-12fbb96ccafc,2026-08-05T03:08:05Z,2026-08-05T03:08:05Z
lever,9ab192af-3480-40a7-9ff3-f81061ac6301,Zoox,Data Scientist - Perception Verification and Validation [Filled 7/24/2026],Autonomy Software,"Boston, MA",0,2025-12-22T21:53:30Z,,https://jobs.lever.co/zoox/9ab192af-3480-40a7-9ff3-f81061ac6301,2026-08-05T03:08:05Z,2026-08-05T03:08:05Z
lever,37530bfc-55ec-4913-a27b-478ad0e3f8e7,Zoox,"Data Scientist, Autonomy Behavior Monitoring",Autonomy Software,"Foster City, CA",0,2026-06-05T23:36:51Z,,https://jobs.lever.co/zoox/37530bfc-55ec-4913-a27b-478ad0e3f8e7,2026-08-05T03:08:05Z,2026-08-05T03:08:05Z
lever,8af192a0-9ee4-45de-a241-f373cb2ef71c,Zoox,"Director, Corporate Security",EHS,"Foster City, CA",0,2026-02-17T20:12:02Z,,https://jobs.lever.co/zoox/8af192a0-9ee4-45de-a241-f373cb2ef71c,2026-08-05T03:08:05Z,2026-08-05T03:08:05Z
lever,3921a393-27c0-4a62-bb4d-2e88d80e45e0,Zoox,"Director, Perception",Autonomy Software,"Foster City, CA",0,2025-10-27T17:47:04Z,,https://jobs.lever.co/zoox/3921a393-27c0-4a62-bb4d-2e88d80e45e0,2026-08-05T03:08:05Z,2026-08-05T03:08:05Z
lever,0dd5de4b-4e98-4808-85fd-e739e7fc5bba,Zoox,Embedded Software Engineer,Software Platforms and Product,"San Diego, CA",0,2026-06-10T20:27:32Z,,https://jobs.lever.co/zoox/0dd5de4b-4e98-4808-85fd-e739e7fc5bba,2026-08-05T03:08:05Z,2026-08-05T03:08:05Z
lever,4c16c18c-18c0-433c-bc21-8bd72824a1d9,Zoox,Embedded Software Engineer - MCU Platforms,Software Platforms and Product,"Foster City, CA",0,2026-08-04T17:23:23Z,,https://jobs.lever.co/zoox/4c16c18c-18c0-433c-bc21-8bd72824a1d9,2026-08-05T03:08:05Z,2026-08-05T03:08:05Z
lever,b1bba11f-2b04-4a4a-8095-752c04182af1,Zoox,Embedded Software Engineer - Power Systems,Software Platforms and Product,"San Diego, CA",0,2026-07-14T20:12:03Z,,https://jobs.lever.co/zoox/b1bba11f-2b04-4a4a-8095-752c04182af1,2026-08-05T03:08:05Z,2026-08-05T03:08:05Z
lever,000392a0-3844-47c4-b580-d56d9a97620c,Zoox,"Engineering Manager,  Onboard Execution Performance",Software Systems,"Foster City, CA",0,2026-04-17T15:58:31Z,,https://jobs.lever.co/zoox/000392a0-3844-47c4-b580-d56d9a97620c,2026-08-05T03:08:05Z,2026-08-05T03:08:05Z
lever,46336705-25a7-4e33-b008-680ad0117dd8,Zoox,"Engineering Manager, Autonomy Systems Verification and Validation",Verification & Validation,"Foster City, CA",0,2025-12-15T22:39:13Z,,https://jobs.lever.co/zoox/46336705-25a7-4e33-b008-680ad0117dd8,2026-08-05T03:08:05Z,2026-08-05T03:08:05Z
lever,c7ae5688-4bee-4378-b4de-6c9ad0c186ec,Zoox,Executive Recruiting Lead,Talent,"Foster City, CA",0,2023-08-01T20:31:36Z,,https://jobs.lever.co/zoox/c7ae5688-4bee-4378-b4de-6c9ad0c186ec,2026-08-05T03:08:05Z,2026-08-05T03:08:05Z
lever,e2dc70db-8179-45c6-81f8-33c53409d29f,Zoox,"Financial Analyst, Commercial Operations",Finance,"Foster City, CA",0,2026-06-29T17:54:54Z,,https://jobs.lever.co/zoox/e2dc70db-8179-45c6-81f8-33c53409d29f,2026-08-05T03:08:05Z,2026-08-05T03:08:05Z
lever,252e1844-774c-4e9a-9101-e25ddca13910,Zoox,"Financial Analyst, Corporate and Employee Expenses",Finance,"Foster City, CA",0,2026-06-29T17:43:27Z,,https://jobs.lever.co/zoox/252e1844-774c-4e9a-9101-e25ddca13910,2026-08-05T03:08:05Z,2026-08-05T03:08:05Z
lever,85b40783-bc13-4564-b6b6-1ea0801653b1,Zoox,"Financial Analyst, Production Manufacturing",Finance,"Foster City, CA",0,2026-06-29T17:46:47Z,,https://jobs.lever.co/zoox/85b40783-bc13-4564-b6b6-1ea0801653b1,2026-08-05T03:08:05Z,2026-08-05T03:08:05Z
lever,4b00bf61-6547-4c50-be83-5d659176090b,Zoox,Firmware Validation Engineer,Software Platforms and Product,"Foster City, CA",0,2025-08-12T20:15:16Z,,https://jobs.lever.co/zoox/4b00bf61-6547-4c50-be83-5d659176090b,2026-08-05T03:08:05Z,2026-08-05T03:08:05Z
lever,f6306bce-689a-4462-af2a-1c2d49168b96,Zoox,"Government Affairs and Public Policy Manager, Cities",Policy and Regulatory Affairs,"Los Angeles, CA",0,2026-06-26T21:26:19Z,,https://jobs.lever.co/zoox/f6306bce-689a-4462-af2a-1c2d49168b96,2026-08-05T03:08:05Z,2026-08-05T03:08:05Z
lever,17b2714f-5454-48a4-bb76-d14157575498,Zoox,Lead Analytics Engineer – Enterprise Data & AI,IT Infrastructure,"Foster City, CA",0,2026-07-10T23:10:24Z,,https://jobs.lever.co/zoox/17b2714f-5454-48a4-bb76-d14157575498,2026-08-05T03:08:05Z,2026-08-05T03:08:05Z
lever,cb334597-ba6b-4d39-ba50-035c3a359c8e,Zoox,Logistics & Operations Planning Manager (Sales and Operations Planning / S&OP),Logistics,"Hayward, CA",0,2026-04-28T20:13:17Z,,https://jobs.lever.co/zoox/cb334597-ba6b-4d39-ba50-035c3a359c8e,2026-08-05T03:08:05Z,2026-08-05T03:08:05Z
lever,b5f6f5f4-1a0a-42a2-a72b-f4ed5c3be562,Zoox,Machine Learning Automation Engineer,Software Quality Assurance,"Foster City, CA",0,2026-07-17T22:17:08Z,,https://jobs.lever.co/zoox/b5f6f5f4-1a0a-42a2-a72b-f4ed5c3be562,2026-08-05T03:08:05Z,2026-08-05T03:08:05Z
lever,55e51bf3-68ee-40d4-a1c5-5196e0e2d100,Zoox,Machine Learning Engineer - 3D Sensor Simulation,Software Systems,"Foster City, CA",0,2025-02-26T23:16:33Z,,https://jobs.lever.co/zoox/55e51bf3-68ee-40d4-a1c5-5196e0e2d100,2026-08-05T03:08:05Z,2026-08-05T03:08:05Z
lever,d736debf-c361-4a7c-81fd-6c3125ab03c0,Zoox,Machine Learning Engineer - ML Agents and Planning,Autonomy Software,"Foster City, CA",0,2026-07-23T04:48:58Z,,https://jobs.lever.co/zoox/d736debf-c361-4a7c-81fd-6c3125ab03c0,2026-08-05T03:08:05Z,2026-08-05T03:08:05Z
lever,00694777-4083-426f-8382-3d0073c34787,Zoox,Machine Learning Engineer - Simulation Framework,Software Systems,"Foster City, CA",0,2026-06-24T22:03:45Z,,https://jobs.lever.co/zoox/00694777-4083-426f-8382-3d0073c34787,2026-08-05T03:08:05Z,2026-08-05T03:08:05Z
lever,bdbdb0cb-0700-4a82-981a-3b7d234db6dd,Zoox,Manager - Sensor Calibration,Software Leadership,"Foster City, CA",0,2026-06-09T20:28:21Z,,https://jobs.lever.co/zoox/bdbdb0cb-0700-4a82-981a-3b7d234db6dd,2026-08-05T03:08:05Z,2026-08-05T03:08:05Z
lever,6727ef94-9a4b-4275-95c1-863ba7723364,Zoox,"Manager, City Operations",Robotaxi Operations,Texas,0,2026-05-06T19:09:36Z,,https://jobs.lever.co/zoox/6727ef94-9a4b-4275-95c1-863ba7723364,2026-08-05T03:08:05Z,2026-08-05T03:08:05Z
lever,7177db75-881c-4107-9cb8-291e91a27b58,Zoox,"Manager, City Operations",Robotaxi Operations,"Miami, FL",0,2026-08-04T21:23:19Z,,https://jobs.lever.co/zoox/7177db75-881c-4107-9cb8-291e91a27b58,2026-08-05T03:08:05Z,2026-08-05T03:08:05Z
lever,fc0e28a6-99ba-4298-80b4-a62986363dae,Zoox,"Manager, Enterprise Applications",Enterprise Applications,"Foster City, CA",0,2026-01-28T16:55:38Z,,https://jobs.lever.co/zoox/fc0e28a6-99ba-4298-80b4-a62986363dae,2026-08-05T03:08:05Z,2026-08-05T03:08:05Z
lever,3311fa70-55d1-4b38-9aef-295a0cbb460d,Zoox,"Manager, Fleet Support Operations",Base Operations,"San Francisco, CA",0,2026-07-22T16:19:41Z,,https://jobs.lever.co/zoox/3311fa70-55d1-4b38-9aef-295a0cbb460d,2026-08-05T03:08:05Z,2026-08-05T03:08:05Z
lever,4fc59f52-0828-40a7-90d6-d8081c05ee20,Zoox,"Manager, Learning & Development",Learning & Development,"Foster City, CA",0,2026-05-19T17:44:02Z,,https://jobs.lever.co/zoox/4fc59f52-0828-40a7-90d6-d8081c05ee20,2026-08-05T03:08:05Z,2026-08-05T03:08:05Z
lever,a0ffbca7-3613-498a-9f7b-c8dc13858184,Zoox,"Manager, Manufacturing Systems",Manufacturing Engineering,"Hayward, CA",0,2025-10-23T18:32:10Z,,https://jobs.lever.co/zoox/a0ffbca7-3613-498a-9f7b-c8dc13858184,2026-08-05T03:08:05Z,2026-08-05T03:08:05Z
lever,52040c45-6937-47af-b5f8-41dd20b83c11,Zoox,"Manager, Multi-Modal Language Action Models",Autonomy Software,"Foster City, CA",0,2025-11-04T23:18:55Z,,https://jobs.lever.co/zoox/52040c45-6937-47af-b5f8-41dd20b83c11,2026-08-05T03:08:05Z,2026-08-05T03:08:05Z
lever,78853f19-4a0b-49c8-8423-738b51b6b5a5,Zoox,"Manager, Onboard Behavior Encoder",Autonomy Software,"Foster City, CA",0,2026-07-01T06:06:39Z,,https://jobs.lever.co/zoox/78853f19-4a0b-49c8-8423-738b51b6b5a5,2026-08-05T03:08:05Z,2026-08-05T03:08:05Z
lever,a50dec1e-ad55-415f-880c-2f1bd8291311,Zoox,"Manager, Procurement & Strategic Partnerships- Chassis",Direct Procurement,"Foster City, CA",0,2026-07-08T20:01:29Z,,https://jobs.lever.co/zoox/a50dec1e-ad55-415f-880c-2f1bd8291311,2026-08-05T03:08:05Z,2026-08-05T03:08:05Z
lever,c303382b-bdc9-4084-a0f5-8448667a3373,Zoox,"Manager, RL Algorithms & Decoder",Autonomy Software,"Foster City, CA",0,2026-06-30T23:22:08Z,,https://jobs.lever.co/zoox/c303382b-bdc9-4084-a0f5-8448667a3373,2026-08-05T03:08:05Z,2026-08-05T03:08:05Z
lever,2c893cc6-bd23-4d63-a399-d399c25f7f9d,Zoox,"Manager, Safety Clearance Program Management",SDMA,"Foster City, CA",0,2026-03-27T19:56:19Z,,https://jobs.lever.co/zoox/2c893cc6-bd23-4d63-a399-d399c25f7f9d,2026-08-05T03:08:05Z,2026-08-05T03:08:05Z
lever,6fbd5497-3958-40f2-adbf-fe2218d04c28,Zoox,"Manager, Software Core Firmware Validation",Software Platforms and Product,"San Diego, CA",0,2026-06-18T18:23:44Z,,https://jobs.lever.co/zoox/6fbd5497-3958-40f2-adbf-fe2218d04c28,2026-08-05T03:08:05Z,2026-08-05T03:08:05Z
lever,91cb95a8-0025-41c1-9649-d1c87fa9741f,Zoox,"Manager, System Safety (Service and Operations Verification and Validation)",Verification & Validation,"Foster City, CA",0,2026-04-09T23:22:53Z,,https://jobs.lever.co/zoox/91cb95a8-0025-41c1-9649-d1c87fa9741f,2026-08-05T03:08:05Z,2026-08-05T03:08:05Z
lever,b5134a16-5bdc-449e-9665-745bb1e7239f,Zoox,"Manager, Systems Verification & Validation, Platform Safety Assurance",Verification & Validation,"Foster City, CA",0,2025-06-04T21:50:55Z,,https://jobs.lever.co/zoox/b5134a16-5bdc-449e-9665-745bb1e7239f,2026-08-05T03:08:05Z,2026-08-05T03:08:05Z
lever,adf2fdd1-d5ca-46f6-aa97-16e4bedf2423,Zoox,"Manager, Technical Program Management - Artificial Intelligence",Technical Program Management,"Foster City, CA",0,2026-02-20T17:47:32Z,,https://jobs.lever.co/zoox/adf2fdd1-d5ca-46f6-aa97-16e4bedf2423,2026-08-05T03:08:05Z,2026-08-05T03:08:05Z
lever,05762fb8-07fa-43a3-aa30-e079bb31018e,Zoox,"Manager, Technical Recruiting",Talent,"Foster City, CA",0,2026-01-12T17:51:01Z,,https://jobs.lever.co/zoox/05762fb8-07fa-43a3-aa30-e079bb31018e,2026-08-05T03:08:05Z,2026-08-05T03:08:05Z
lever,041bae07-c771-4ed1-b98e-8e2c47785319,Zoox,"Manager, Vehicle Repair",General Assembly,"Hayward, CA",0,2026-02-13T18:08:30Z,,https://jobs.lever.co/zoox/041bae07-c771-4ed1-b98e-8e2c47785319,2026-08-05T03:08:05Z,2026-08-05T03:08:05Z
lever,1cdcccf4-3a29-4a24-8cdc-f476da8f4821,Zoox,Manufacturing Quality Supervisor,AHMO,"Fremont, CA",0,2026-03-30T20:21:29Z,,https://jobs.lever.co/zoox/1cdcccf4-3a29-4a24-8cdc-f476da8f4821,2026-08-05T03:08:05Z,2026-08-05T03:08:05Z
lever,e0d46302-6fa2-45a7-927d-cd11ccf1843e,Zoox,Manufacturing Test Engineer,Manufacturing Test & Diagnostics,"Foster City, CA",0,2026-04-24T23:51:20Z,,https://jobs.lever.co/zoox/e0d46302-6fa2-45a7-927d-cd11ccf1843e,2026-08-05T03:08:05Z,2026-08-05T03:08:05Z
lever,5027566b-0449-4f0b-8ebc-6b2205799723,Zoox,Mechanical Design Engineer - Sensor Cleaning,Mechanical Engineering,"Foster City, CA",0,2026-08-04T18:28:33Z,,https://jobs.lever.co/zoox/5027566b-0449-4f0b-8ebc-6b2205799723,2026-08-05T03:08:05Z,2026-08-05T03:08:05Z
lever,8321d00e-9e2b-4947-a37e-fdbad7dcd637,Zoox,Network Security Engineer,Enterprise Security,"Foster City, CA",0,2026-07-14T23:05:57Z,,https://jobs.lever.co/zoox/8321d00e-9e2b-4947-a37e-fdbad7dcd637,2026-08-05T03:08:05Z,2026-08-05T03:08:05Z
lever,61ce377c-b0d1-41cb-8689-e609be7f80f5,Zoox,Operations Development Manager,Fleet Operations Program Management,"Foster City, CA",0,2026-05-12T16:36:27Z,,https://jobs.lever.co/zoox/61ce377c-b0d1-41cb-8689-e609be7f80f5,2026-08-05T03:08:05Z,2026-08-05T03:08:05Z
lever,02f4bebd-ab47-4d4c-b887-cffcfeea3494,Zoox,Part Time Student Worker – Manufacturing SW Engineer,Software Systems,"Hayward, CA",0,2026-07-08T17:22:52Z,,https://jobs.lever.co/zoox/02f4bebd-ab47-4d4c-b887-cffcfeea3494,2026-08-05T03:08:05Z,2026-08-05T03:08:05Z
lever,5e03b357-0cc1-4194-9488-14f85044f4f9,Zoox,Part-Time Student Worker - Data Analyst,Software,"Foster City, CA",0,2026-07-20T21:28:23Z,,https://jobs.lever.co/zoox/5e03b357-0cc1-4194-9488-14f85044f4f9,2026-08-05T03:08:05Z,2026-08-05T03:08:05Z
lever,76845566-1870-4836-91ee-ff8e27462f8d,Zoox,Part-Time Student Worker – Hardware Software Integration Engineer,Software Systems,"Hayward, CA",0,2026-07-08T17:33:18Z,,https://jobs.lever.co/zoox/76845566-1870-4836-91ee-ff8e27462f8d,2026-08-05T03:08:05Z,2026-08-05T03:08:05Z
lever,019b636a-23c9-4366-90fd-5a95ad9e5049,Zoox,Part-Time Student Worker – Software Development Engineer in Test,Software Systems,"Foster City, CA",0,2026-07-02T22:51:43Z,,https://jobs.lever.co/zoox/019b636a-23c9-4366-90fd-5a95ad9e5049,2026-08-05T03:08:05Z,2026-08-05T03:08:05Z
lever,c794f77e-c39d-44f2-9309-8bc904e0f868,Zoox,Part-Time Student Worker System Test Engineer,Software,"Foster City, CA",0,2026-07-23T16:49:27Z,,https://jobs.lever.co/zoox/c794f77e-c39d-44f2-9309-8bc904e0f868,2026-08-05T03:08:05Z,2026-08-05T03:08:05Z
lever,23cd472d-deac-45f1-8f84-466811ed0223,Zoox,Part-Time Student Worker Technical Program Manager,Software,"Foster City, CA",0,2026-07-23T23:49:10Z,,https://jobs.lever.co/zoox/23cd472d-deac-45f1-8f84-466811ed0223,2026-08-05T03:08:05Z,2026-08-05T03:08:05Z
lever,737259b5-4258-4557-b7e0-0627b3d870a5,Zoox,Part-time Student Worker: Analyst,Software,"Foster City, CA",0,2026-08-04T19:28:23Z,,https://jobs.lever.co/zoox/737259b5-4258-4557-b7e0-0627b3d870a5,2026-08-05T03:08:05Z,2026-08-05T03:08:05Z
lever,adb74515-a246-41b8-aba5-46d8a0e213a1,Zoox,Platform Engineer,Software Platforms and Product,"Foster City, CA",0,2026-01-15T18:19:41Z,,https://jobs.lever.co/zoox/adb74515-a246-41b8-aba5-46d8a0e213a1,2026-08-05T03:08:05Z,2026-08-05T03:08:05Z
lever,6e58a614-0388-4916-bb8f-de12c19be758,Zoox,"Principal Software Engineer, Perception Architect",Autonomy Software,"Foster City, CA",0,2026-04-20T23:36:45Z,,https://jobs.lever.co/zoox/6e58a614-0388-4916-bb8f-de12c19be758,2026-08-05T03:08:05Z,2026-08-05T03:08:05Z
lever,408784a4-36c2-4d4c-ad50-d2952e2e64cc,Zoox,"Principal Systems Engineer, Safety",Verification & Validation,"Foster City, CA",0,2025-09-19T17:41:59Z,,https://jobs.lever.co/zoox/408784a4-36c2-4d4c-ad50-d2952e2e64cc,2026-08-05T03:08:05Z,2026-08-05T03:08:05Z
lever,68996f74-85e8-435d-9369-906438670794,Zoox,Procurement Operations Manager,Indirect Procurement,"Foster City, CA",0,2026-07-20T22:46:07Z,,https://jobs.lever.co/zoox/68996f74-85e8-435d-9369-906438670794,2026-08-05T03:08:05Z,2026-08-05T03:08:05Z
lever,23ee90f0-2b28-492b-95ad-91b58d7f3c8c,Zoox,"Program Manager, Contingent Workforce",Indirect Procurement,"Foster City, CA",0,2026-08-04T22:19:41Z,,https://jobs.lever.co/zoox/23ee90f0-2b28-492b-95ad-91b58d7f3c8c,2026-08-05T03:08:05Z,2026-08-05T03:08:05Z
lever,a88dcba4-fe9a-4ec5-b79d-df34160fbcbc,Zoox,"Program Manager, Workforce Planning",Fleet Operations Program Management,"Foster City, CA",0,2026-07-14T18:22:29Z,,https://jobs.lever.co/zoox/a88dcba4-fe9a-4ec5-b79d-df34160fbcbc,2026-08-05T03:08:05Z,2026-08-05T03:08:05Z
lever,0b3dcc68-d9cf-420f-9c47-521cfb6c0dc4,Zoox,Recruiting Coordination Lead,Talent,"Foster City, CA",0,2026-05-26T17:45:21Z,,https://jobs.lever.co/zoox/0b3dcc68-d9cf-420f-9c47-521cfb6c0dc4,2026-08-05T03:08:05Z,2026-08-05T03:08:05Z
lever,89410e34-6554-4d41-89e3-35f403d72fe8,Zoox,Release Engineer,Software Platforms and Product,"Foster City, CA",0,2026-06-01T17:28:32Z,,https://jobs.lever.co/zoox/89410e34-6554-4d41-89e3-35f403d72fe8,2026-08-05T03:08:05Z,2026-08-05T03:08:05Z
lever,09438fb7-2428-4adb-acaf-9a58d1d3fa8e,Zoox,Release Manager,Software Platforms and Product,"Foster City, CA",0,2026-06-09T17:00:14Z,,https://jobs.lever.co/zoox/09438fb7-2428-4adb-acaf-9a58d1d3fa8e,2026-08-05T03:08:05Z,2026-08-05T03:08:05Z
lever,1c9dae67-e486-4e39-b6a5-ccac4d93b2df,Zoox,SAP BRIM Engineer - Convergent Mediation (CM),Business Applications,"Foster City, CA",0,2026-06-04T17:19:25Z,,https://jobs.lever.co/zoox/1c9dae67-e486-4e39-b6a5-ccac4d93b2df,2026-08-05T03:08:05Z,2026-08-05T03:08:05Z
lever,21c05367-a444-49ae-b498-5189b17e193c,Zoox,SAP Functional Lead - EWM,Business Applications,"Foster City, CA",0,2026-02-06T23:16:43Z,,https://jobs.lever.co/zoox/21c05367-a444-49ae-b498-5189b17e193c,2026-08-05T03:08:05Z,2026-08-05T03:08:05Z
lever,cfcef305-3f40-498d-8b96-0bd08b2d46d4,Zoox,Senior / Staff 3D Engine Software Engineer - Simulation,Software Systems,"Foster City, CA",0,2026-04-06T21:33:43Z,,https://jobs.lever.co/zoox/cfcef305-3f40-498d-8b96-0bd08b2d46d4,2026-08-05T03:08:05Z,2026-08-05T03:08:05Z
lever,36be565f-6ee7-4fcc-bc81-3c61e0dc2469,Zoox,Senior / Staff Connectivity Integration Lead,Software Platforms and Product,"Foster City, CA",0,2026-06-18T23:27:27Z,,https://jobs.lever.co/zoox/36be565f-6ee7-4fcc-bc81-3c61e0dc2469,2026-08-05T03:08:05Z,2026-08-05T03:08:05Z
lever,2fe0dd1c-1899-4c07-bdf1-459ddd298e81,Zoox,Senior / Staff Lidar Engineer,Sensor Engineering,"Foster City, CA",0,2026-08-04T16:55:12Z,,https://jobs.lever.co/zoox/2fe0dd1c-1899-4c07-bdf1-459ddd298e81,2026-08-05T03:08:05Z,2026-08-05T03:08:05Z
lever,170c22c2-24f8-4163-a007-45dec5bdb902,Zoox,Senior / Staff Machine Learning Engineer - ML Agents and Planning,Autonomy Software,"Foster City, CA",0,2025-12-17T17:58:37Z,,https://jobs.lever.co/zoox/170c22c2-24f8-4163-a007-45dec5bdb902,2026-08-05T03:08:05Z,2026-08-05T03:08:05Z
lever,28a4317a-db26-450f-b3b0-7550a507fce1,Zoox,Senior / Staff Machine Learning Engineer - Perception Attributes,Autonomy Software,"Foster City, CA",0,2026-05-02T00:06:23Z,,https://jobs.lever.co/zoox/28a4317a-db26-450f-b3b0-7550a507fce1,2026-08-05T03:08:05Z,2026-08-05T03:08:05Z
lever,4df5862c-edd7-4033-acb8-59ebbfbbb941,Zoox,Senior / Staff Machine Learning Engineer - Perception Mapping,Autonomy Software,"Foster City, CA",0,2025-12-04T23:58:26Z,,https://jobs.lever.co/zoox/4df5862c-edd7-4033-acb8-59ebbfbbb941,2026-08-05T03:08:05Z,2026-08-05T03:08:05Z
lever,12289ae8-3c49-4e9f-a37c-4fe4449f98ac,Zoox,Senior / Staff Machine Learning Engineer - Scene Intelligence,Autonomy Software,"Foster City, CA",0,2026-03-31T17:23:54Z,,https://jobs.lever.co/zoox/12289ae8-3c49-4e9f-a37c-4fe4449f98ac,2026-08-05T03:08:05Z,2026-08-05T03:08:05Z
lever,23bee42c-48de-477b-b2df-09dc971d65be,Zoox,Senior / Staff Manufacturing Engineer - Body (Body-in-White),Manufacturing Engineering,"Hayward, CA",0,2026-06-04T16:04:55Z,,https://jobs.lever.co/zoox/23bee42c-48de-477b-b2df-09dc971d65be,2026-08-05T03:08:05Z,2026-08-05T03:08:05Z
lever,184994f1-84f6-4d0f-b229-07ae1f404491,Zoox,Senior / Staff Manufacturing Engineer - High Voltage Battery Assembly,Manufacturing Engineering,"Hayward, CA",0,2026-06-04T15:59:45Z,,https://jobs.lever.co/zoox/184994f1-84f6-4d0f-b229-07ae1f404491,2026-08-05T03:08:05Z,2026-08-05T03:08:05Z
lever,4de1853a-7339-4ddc-8afa-3f10122bdd70,Zoox,"Senior / Staff Program Manager, Fleet Readiness & Response Process Improvement",Fleet Operations Program Management,"Foster City, CA",0,2026-07-14T18:13:29Z,,https://jobs.lever.co/zoox/4de1853a-7339-4ddc-8afa-3f10122bdd70,2026-08-05T03:08:05Z,2026-08-05T03:08:05Z
lever,c91fe4d4-7b55-4a0d-8577-1699fd3d5a6b,Zoox,"Senior / Staff Program Manager, Operations Cost Analytics",Fleet Operations Program Management,"Foster City, CA",0,2026-07-14T18:01:18Z,,https://jobs.lever.co/zoox/c91fe4d4-7b55-4a0d-8577-1699fd3d5a6b,2026-08-05T03:08:05Z,2026-08-05T03:08:05Z
lever,916715e4-4cab-47bc-acdd-9ecbc31f25b8,Zoox,"Senior / Staff Program Manager, Verification and Validation Operations",Fleet Operations Program Management,"Foster City, CA",0,2026-07-13T22:26:25Z,,https://jobs.lever.co/zoox/916715e4-4cab-47bc-acdd-9ecbc31f25b8,2026-08-05T03:08:05Z,2026-08-05T03:08:05Z
lever,d939f359-805f-45c7-bac2-35e137d1f65b,Zoox,Senior / Staff Quality Engineer,Quality and Reliability,"Hayward, CA",0,2026-07-22T22:40:16Z,,https://jobs.lever.co/zoox/d939f359-805f-45c7-bac2-35e137d1f65b,2026-08-05T03:08:05Z,2026-08-05T03:08:05Z
lever,2479aa32-51ed-411c-b91d-2239eb7e050b,Zoox,Senior / Staff Vehicle Program Manager,Vehicle Program Management & Robot Line VH7,"Foster City, CA",0,2026-05-01T19:42:28Z,,https://jobs.lever.co/zoox/2479aa32-51ed-411c-b91d-2239eb7e050b,2026-08-05T03:08:05Z,2026-08-05T03:08:05Z
lever,9e0751cd-f651-4cc7-bea7-f21663f082c0,Zoox,Senior AI Developer Productivity Engineer,Software Systems,"Foster City, CA",0,2025-02-10T20:21:54Z,,https://jobs.lever.co/zoox/9e0751cd-f651-4cc7-bea7-f21663f082c0,2026-08-05T03:08:05Z,2026-08-05T03:08:05Z
lever,ba2b9418-e041-43b9-9bb1-b19762a00bd6,Zoox,Senior AI Engineer – Enterprise Data & AI,IT Infrastructure,"Foster City, CA",0,2026-07-09T23:31:54Z,,https://jobs.lever.co/zoox/ba2b9418-e041-43b9-9bb1-b19762a00bd6,2026-08-05T03:08:05Z,2026-08-05T03:08:05Z
lever,c88c8b02-71b6-492c-a666-584458ac8c6e,Zoox,Senior AI Inference Engineer - Model Optimization & Deployment,Autonomy Software,"Foster City, CA",0,2026-04-11T00:04:50Z,,https://jobs.lever.co/zoox/c88c8b02-71b6-492c-a666-584458ac8c6e,2026-08-05T03:08:05Z,2026-08-05T03:08:05Z
lever,1d2db940-07df-440d-af0c-7d5f0a44908b,Zoox,Senior Automation & Middleware Engineer,Software Platforms and Product,"Foster City, CA",0,2026-05-22T17:09:47Z,,https://jobs.lever.co/zoox/1d2db940-07df-440d-af0c-7d5f0a44908b,2026-08-05T03:08:05Z,2026-08-05T03:08:05Z
lever,d1f4e09e-90c5-444f-a880-7ce17f281e41,Zoox,"Senior Chassis Engineer - Actuators, Brakes, & Steering","Body, Closures and Chassis","Foster City, CA",0,2026-06-24T19:33:03Z,,https://jobs.lever.co/zoox/d1f4e09e-90c5-444f-a880-7ce17f281e41,2026-08-05T03:08:05Z,2026-08-05T03:08:05Z
lever,85ac55ee-0fdf-4b17-b57f-b09ce0defebe,Zoox,Senior Commercial Operations Analyst,Finance,"Foster City, CA",0,2026-07-01T20:59:17Z,,https://jobs.lever.co/zoox/85ac55ee-0fdf-4b17-b57f-b09ce0defebe,2026-08-05T03:08:05Z,2026-08-05T03:08:05Z
lever,4f5492ab-a8d0-4d28-9d77-67a1d033ea81,Zoox,Senior Cost Engineer,Vehicle Development,"Foster City, CA",0,2026-06-26T22:28:27Z,,https://jobs.lever.co/zoox/4f5492ab-a8d0-4d28-9d77-67a1d033ea81,2026-08-05T03:08:05Z,2026-08-05T03:08:05Z
lever,e3465011-f94e-49e1-872e-68ec79c7db23,Zoox,Senior Data Engineer – Enterprise Data & AI,ITA PMO,"Foster City, CA",0,2026-07-10T22:58:17Z,,https://jobs.lever.co/zoox/e3465011-f94e-49e1-872e-68ec79c7db23,2026-08-05T03:08:05Z,2026-08-05T03:08:05Z
lever,8664c340-71df-4803-a91e-c2d3d289f019,Zoox,Senior Data Scientist - Data for Perception Machine Learning,Autonomy Software,"Boston, MA",0,2026-02-24T21:45:28Z,,https://jobs.lever.co/zoox/8664c340-71df-4803-a91e-c2d3d289f019,2026-08-05T03:08:05Z,2026-08-05T03:08:05Z
lever,f30603f7-cc6f-41b5-91e5-ead70d880135,Zoox,"Senior Design Project Manager, Places & Build",Places and Build,"Foster City, CA",0,2026-07-13T18:54:04Z,,https://jobs.lever.co/zoox/f30603f7-cc6f-41b5-91e5-ead70d880135,2026-08-05T03:08:05Z,2026-08-05T03:08:05Z
lever,6e83599a-480e-4fe8-bac7-3b9da512558d,Zoox,"Senior Director/Director of Engineering, Product Software",Software Platforms and Product,"Foster City, CA",0,2024-09-19T15:54:30Z,,https://jobs.lever.co/zoox/6e83599a-480e-4fe8-bac7-3b9da512558d,2026-08-05T03:08:05Z,2026-08-05T03:08:05Z
lever,3d951aa1-611b-4abd-ae2d-447c5361a679,Zoox,Senior Energy Engineer,Vehicle Integration Engineering,"Foster City, CA",0,2026-06-26T20:36:29Z,,https://jobs.lever.co/zoox/3d951aa1-611b-4abd-ae2d-447c5361a679,2026-08-05T03:08:05Z,2026-08-05T03:08:05Z
lever,ac7f82e2-2d61-4466-90e3-d067ac8e8a86,Zoox,"Senior Engineering Manager, ML Platform",Software Systems,"Foster City, CA",0,2026-03-09T21:53:15Z,,https://jobs.lever.co/zoox/ac7f82e2-2d61-4466-90e3-d067ac8e8a86,2026-08-05T03:08:05Z,2026-08-05T03:08:05Z
lever,7b1ca060-9b22-4d72-9e7e-27e78fefbc79,Zoox,Senior Fleet Support Engineering Lead,"Trim & Lighting, Fleet Support Engineering, and Sustaining Team","Miami, FL",0,2026-01-29T18:09:40Z,,https://jobs.lever.co/zoox/7b1ca060-9b22-4d72-9e7e-27e78fefbc79,2026-08-05T03:08:05Z,2026-08-05T03:08:05Z
lever,6f2f77a2-b0db-464c-8275-4d8e5aa7044c,Zoox,Senior Full-stack Engineer - Mapping Web Services,Autonomy Software,"Foster City, CA",0,2026-07-07T00:48:18Z,,https://jobs.lever.co/zoox/6f2f77a2-b0db-464c-8275-4d8e5aa7044c,2026-08-05T03:08:05Z,2026-08-05T03:08:05Z
lever,104eba07-32d9-4007-9ab9-af2f482769aa,Zoox,Senior Industrial Engineer,Logistics,"Hayward, CA",0,2026-06-01T17:16:56Z,,https://jobs.lever.co/zoox/104eba07-32d9-4007-9ab9-af2f482769aa,2026-08-05T03:08:05Z,2026-08-05T03:08:05Z
lever,0a6150c7-a850-4a00-a3c8-fd4d2f83e6ff,Zoox,Senior Learning & Development Partner,Learning & Development,"Foster City, CA",0,2026-05-19T17:27:16Z,,https://jobs.lever.co/zoox/0a6150c7-a850-4a00-a3c8-fd4d2f83e6ff,2026-08-05T03:08:05Z,2026-08-05T03:08:05Z
lever,240ae92f-51ec-4d32-a0a4-3d4669508e3d,Zoox,Senior Machine Learning  Engineer - Perception 3D Segmentation,Autonomy Software,"Foster City, CA",0,2026-07-17T16:41:05Z,,https://jobs.lever.co/zoox/240ae92f-51ec-4d32-a0a4-3d4669508e3d,2026-08-05T03:08:05Z,2026-08-05T03:08:05Z
lever,db46c9bf-3854-4cf9-83b5-ae7a9e28ad31,Zoox,Senior Machine Learning Engineer - 3D Sensor Simulation,Software Systems,"Foster City, CA",0,2025-01-31T22:42:38Z,,https://jobs.lever.co/zoox/db46c9bf-3854-4cf9-83b5-ae7a9e28ad31,2026-08-05T03:08:05Z,2026-08-05T03:08:05Z
lever,2f65fc0e-16f1-48a9-b34d-5ca5dcf76800,Zoox,Senior Machine Learning Engineer - Perception,Autonomy Software,"Foster City, CA",0,2025-05-20T01:24:04Z,,https://jobs.lever.co/zoox/2f65fc0e-16f1-48a9-b34d-5ca5dcf76800,2026-08-05T03:08:05Z,2026-08-05T03:08:05Z
lever,7a81544d-3fa6-4e58-b3be-a580be03f4ed,Zoox,Senior Manager – CAPEX & Tooling Procurement,Indirect Procurement,"Foster City, CA",0,2026-05-07T16:48:11Z,,https://jobs.lever.co/zoox/7a81544d-3fa6-4e58-b3be-a580be03f4ed,2026-08-05T03:08:05Z,2026-08-05T03:08:05Z
lever,af337ab3-5e8d-48e9-8ae6-b1998cb3e858,Zoox,"Senior Manager, Accounting",Accounting,"Foster City, CA",0,2026-05-21T02:45:01Z,,https://jobs.lever.co/zoox/af337ab3-5e8d-48e9-8ae6-b1998cb3e858,2026-08-05T03:08:05Z,2026-08-05T03:08:05Z
lever,fc12408e-d0e0-4838-adba-f9fccb67442d,Zoox,"Senior Manager, Go-To-Market Strategy",Communications,"Foster City, CA",0,2026-05-22T21:11:08Z,,https://jobs.lever.co/zoox/fc12408e-d0e0-4838-adba-f9fccb67442d,2026-08-05T03:08:05Z,2026-08-05T03:08:05Z
lever,34dc14a8-80d6-4763-86e5-94287b64d5c7,Zoox,"Senior Manager, Network Engineering & Infrastructure",Network Services & Client Support,"Foster City, CA",0,2026-05-22T18:08:33Z,,https://jobs.lever.co/zoox/34dc14a8-80d6-4763-86e5-94287b64d5c7,2026-08-05T03:08:05Z,2026-08-05T03:08:05Z
lever,28a74ce9-92f3-4280-b6a7-730e7ffee5b2,Zoox,"Senior Manager, Perception",Autonomy Software,"Foster City, CA",0,2026-02-12T00:35:23Z,,https://jobs.lever.co/zoox/28a74ce9-92f3-4280-b6a7-730e7ffee5b2,2026-08-05T03:08:05Z,2026-08-05T03:08:05Z
lever,9bb633af-2517-4e5b-9363-0f75836687f6,Zoox,"Senior Manager, Robot Industrial Design",Industrial and Creative Design,"Foster City, CA",0,2026-05-15T23:23:45Z,,https://jobs.lever.co/zoox/9bb633af-2517-4e5b-9363-0f75836687f6,2026-08-05T03:08:05Z,2026-08-05T03:08:05Z
lever,99113e00-d810-47e5-bb31-997eb6d9afaa,Zoox,Senior Manufacturing Test Engineer,Manufacturing Test & Diagnostics,"Foster City, CA",0,2026-07-30T15:58:41Z,,https://jobs.lever.co/zoox/99113e00-d810-47e5-bb31-997eb6d9afaa,2026-08-05T03:08:05Z,2026-08-05T03:08:05Z
lever,d8d98a2c-731f-4eb7-8dcf-bacbb79acfe5,Zoox,Senior People Partner,People Experience,"San Diego, CA",0,2026-04-29T23:51:38Z,,https://jobs.lever.co/zoox/d8d98a2c-731f-4eb7-8dcf-bacbb79acfe5,2026-08-05T03:08:05Z,2026-08-05T03:08:05Z
lever,ffb6c8ea-a939-4440-819c-c737737ae6de,Zoox,Senior Platform System Vehicle Test Engineer,SDMA,"Foster City, CA",0,2026-05-20T18:26:15Z,,https://jobs.lever.co/zoox/ffb6c8ea-a939-4440-819c-c737737ae6de,2026-08-05T03:08:05Z,2026-08-05T03:08:05Z
lever,ac3b7bb9-71f8-4804-a576-f21343180b72,Zoox,Senior Program Controller,Vehicle Development,"Foster City, CA",0,2026-07-09T23:38:50Z,,https://jobs.lever.co/zoox/ac3b7bb9-71f8-4804-a576-f21343180b72,2026-08-05T03:08:05Z,2026-08-05T03:08:05Z
lever,4f75dce0-9960-4d95-883f-ae8c2745a38c,Zoox,"Senior Program Manager, People Experience",People Experience,"Foster City, CA",0,2026-03-25T21:32:34Z,,https://jobs.lever.co/zoox/4f75dce0-9960-4d95-883f-ae8c2745a38c,2026-08-05T03:08:05Z,2026-08-05T03:08:05Z
lever,eefe4c91-8a7f-46c4-9db2-ba5e8d6c913f,Zoox,"Senior Program Manager, Quality Assurance",RiderOps and TeleOps,"Scottsdale, AZ",0,2026-07-16T01:26:13Z,,https://jobs.lever.co/zoox/eefe4c91-8a7f-46c4-9db2-ba5e8d6c913f,2026-08-05T03:08:05Z,2026-08-05T03:08:05Z
lever,1d37ef04-7968-4cb5-b0ba-be4a99bebd6f,Zoox,"Senior Project Manager, Places & Build",Places and Build,"Foster City, CA",0,2026-03-30T20:16:50Z,,https://jobs.lever.co/zoox/1d37ef04-7968-4cb5-b0ba-be4a99bebd6f,2026-08-05T03:08:05Z,2026-08-05T03:08:05Z
lever,ec7c3f40-ec58-445e-ad01-8cc3d639680c,Zoox,"Senior Quality Engineer, Advanced Hardware Manufacturing",AHMO,"Fremont, CA",0,2026-07-30T16:05:16Z,,https://jobs.lever.co/zoox/ec7c3f40-ec58-445e-ad01-8cc3d639680c,2026-08-05T03:08:05Z,2026-08-05T03:08:05Z
lever,2b4b5430-927c-429b-9ac3-b06bf33b7302,Zoox,Senior Real Estate Capacity & Topology Planner,Places and Build,"Foster City, CA",0,2026-07-22T15:43:21Z,,https://jobs.lever.co/zoox/2b4b5430-927c-429b-9ac3-b06bf33b7302,2026-08-05T03:08:05Z,2026-08-05T03:08:05Z
lever,28301fc5-d593-44fe-b2ec-d2bab0e3f6b9,Zoox,Senior SAP BRIM Analyst - Convergent Charging (CC),Business Applications,"Foster City, CA",0,2026-04-27T20:44:48Z,,https://jobs.lever.co/zoox/28301fc5-d593-44fe-b2ec-d2bab0e3f6b9,2026-08-05T03:08:05Z,2026-08-05T03:08:05Z
lever,fa96e7a4-df02-41c3-91c6-248a5bad6fa7,Zoox,Senior Sensor Software Engineer - Core Sensors,Software Systems,"Foster City, CA",0,2026-04-17T21:09:50Z,,https://jobs.lever.co/zoox/fa96e7a4-df02-41c3-91c6-248a5bad6fa7,2026-08-05T03:08:05Z,2026-08-05T03:08:05Z
lever,5de4079e-3365-479b-99ca-4bc0371cb63c,Zoox,Senior Signal Integrity and EMC Engineer,"Vehicle Integration, Testing & Validation","Foster City, CA",0,2026-06-03T22:16:56Z,,https://jobs.lever.co/zoox/5de4079e-3365-479b-99ca-4bc0371cb63c,2026-08-05T03:08:05Z,2026-08-05T03:08:05Z
lever,e1c1b82a-db3f-451e-840d-383d87b4515c,Zoox,Senior Software Development Engineer in Test - Verification And Validation,Verification & Validation,"Foster City, CA",0,2026-03-26T21:48:06Z,,https://jobs.lever.co/zoox/e1c1b82a-db3f-451e-840d-383d87b4515c,2026-08-05T03:08:05Z,2026-08-05T03:08:05Z
lever,bebe062b-0315-4730-83dd-0c186d8444c5,Zoox,Senior Software Engineer - 3D Simulation Applications,Software Systems,"Foster City, CA",0,2026-05-29T03:25:42Z,,https://jobs.lever.co/zoox/bebe062b-0315-4730-83dd-0c186d8444c5,2026-08-05T03:08:05Z,2026-08-05T03:08:05Z
lever,2042bc12-6247-48d5-a9fb-a6e41363a5ce,Zoox,Senior Software Engineer - C++  GPU Performance,Software Systems,"Foster City, CA",0,2026-04-16T19:30:43Z,,https://jobs.lever.co/zoox/2042bc12-6247-48d5-a9fb-a6e41363a5ce,2026-08-05T03:08:05Z,2026-08-05T03:08:05Z
lever,b6799ed0-252b-4535-a908-af77eb130415,Zoox,Senior Software Engineer - Full Stack Operational Tools,Software Platforms and Product,"Foster City, CA",0,2025-10-02T23:51:40Z,,https://jobs.lever.co/zoox/b6799ed0-252b-4535-a908-af77eb130415,2026-08-05T03:08:05Z,2026-08-05T03:08:05Z
lever,909ee174-0c55-4bcb-9891-48569bcd7651,Zoox,"Senior Software Engineer, Build Infrastructure",Software Systems,"Foster City, CA",0,2026-07-10T16:53:18Z,,https://jobs.lever.co/zoox/909ee174-0c55-4bcb-9891-48569bcd7651,2026-08-05T03:08:05Z,2026-08-05T03:08:05Z
lever,b346616d-9891-4c68-a8ac-22bd97feac01,Zoox,"Senior Software Engineer, Test Infrastructure",Software Platforms and Product,"Foster City, CA",0,2026-06-29T17:51:41Z,,https://jobs.lever.co/zoox/b346616d-9891-4c68-a8ac-22bd97feac01,2026-08-05T03:08:05Z,2026-08-05T03:08:05Z
lever,2ef807a0-f80d-47ba-a1a1-578ebe195592,Zoox,Senior Software Systems Engineer - Simulation Evaluation & Validation,Software Systems,"Foster City, CA",0,2026-07-27T22:53:43Z,,https://jobs.lever.co/zoox/2ef807a0-f80d-47ba-a1a1-578ebe195592,2026-08-05T03:08:05Z,2026-08-05T03:08:05Z
lever,b30b28b0-fea9-4420-a61e-10309c3f7c52,Zoox,Senior Staff / Principal Machine Learning Engineer - Autonomy Behaviors,Autonomy Software,"Foster City, CA",0,2025-11-04T21:01:05Z,,https://jobs.lever.co/zoox/b30b28b0-fea9-4420-a61e-10309c3f7c52,2026-08-05T03:08:05Z,2026-08-05T03:08:05Z
lever,1ff0f89b-77ec-4e86-927e-7098c377581f,Zoox,Senior Staff Machine Learning Engineer - Perception,Autonomy Software,"Boston, MA",0,2024-11-12T19:02:21Z,,https://jobs.lever.co/zoox/1ff0f89b-77ec-4e86-927e-7098c377581f,2026-08-05T03:08:05Z,2026-08-05T03:08:05Z
lever,36377a76-8c8d-495c-abe4-82ebae3d6581,Zoox,Senior Staff Software Engineer - Perception & Sensing,Autonomy Software,"Foster City, CA",0,2023-05-03T19:55:40Z,,https://jobs.lever.co/zoox/36377a76-8c8d-495c-abe4-82ebae3d6581,2026-08-05T03:08:05Z,2026-08-05T03:08:05Z
lever,ecca3855-84c8-4fe6-98a3-41cf00f384c6,Zoox,"Senior Staff Technical Program Manager - Body, Closures & Chassis","Body, Closures and Chassis","Banbury, UK",0,2026-06-30T17:08:15Z,,https://jobs.lever.co/zoox/ecca3855-84c8-4fe6-98a3-41cf00f384c6,2026-08-05T03:08:05Z,2026-08-05T03:08:05Z
lever,44e0530a-6a48-417e-aa43-1f487ea3001e,Zoox,Senior Strategic Sourcing Manager,Direct Procurement,"Foster City, CA",0,2024-10-22T20:25:06Z,,https://jobs.lever.co/zoox/44e0530a-6a48-417e-aa43-1f487ea3001e,2026-08-05T03:08:05Z,2026-08-05T03:08:05Z
lever,ff6a9a68-872f-4327-a6dc-c4f6cc6171da,Zoox,Senior Strategic Sourcing Manager,Direct Procurement,"Boston, MA",0,2026-05-15T16:31:05Z,,https://jobs.lever.co/zoox/ff6a9a68-872f-4327-a6dc-c4f6cc6171da,2026-08-05T03:08:05Z,2026-08-05T03:08:05Z
lever,c3877eb0-56d7-44a9-9a6d-88f87c1fc309,Zoox,"Senior Strategic Sourcing Manager, CapEx",PIPES,"Foster City, CA",0,2025-05-22T17:21:40Z,,https://jobs.lever.co/zoox/c3877eb0-56d7-44a9-9a6d-88f87c1fc309,2026-08-05T03:08:05Z,2026-08-05T03:08:05Z
lever,ae168503-1eb6-4693-b4ec-7696c7d86176,Zoox,"Senior Strategic Sourcing Manager, Engineering Services",Indirect Procurement,"Foster City, CA",0,2026-05-18T22:28:19Z,,https://jobs.lever.co/zoox/ae168503-1eb6-4693-b4ec-7696c7d86176,2026-08-05T03:08:05Z,2026-08-05T03:08:05Z
lever,3aa4a45e-36c7-4502-adbf-f33de11e23e0,Zoox,Senior Supply & Demand Planning Manager,Direct Procurement,"Foster City, CA",0,2025-08-19T22:56:56Z,,https://jobs.lever.co/zoox/3aa4a45e-36c7-4502-adbf-f33de11e23e0,2026-08-05T03:08:05Z,2026-08-05T03:08:05Z
lever,6fd52e5d-88ca-48df-a1af-463b9db66b74,Zoox,Senior Supply Chain Program Manager,Direct Procurement,"Foster City, CA",0,2025-04-07T19:47:34Z,,https://jobs.lever.co/zoox/6fd52e5d-88ca-48df-a1af-463b9db66b74,2026-08-05T03:08:05Z,2026-08-05T03:08:05Z
lever,3e74f14a-667a-4381-9f8e-2e8b9f1b92d3,Zoox,"Senior Systems Engineer, Fail Operational Capabilities",E2E Feature Integration and Homologation,"Foster City, CA",0,2026-08-04T16:19:05Z,,https://jobs.lever.co/zoox/3e74f14a-667a-4381-9f8e-2e8b9f1b92d3,2026-08-05T03:08:05Z,2026-08-05T03:08:05Z
lever,87653bd9-b1ff-43de-9ba7-b9b2bc1cc878,Zoox,"Senior Systems Engineer, Fail Operational Safety Strategy",Platform Safety Engineering and Analysis,"Foster City, CA",0,2026-07-15T20:07:05Z,,https://jobs.lever.co/zoox/87653bd9-b1ff-43de-9ba7-b9b2bc1cc878,2026-08-05T03:08:05Z,2026-08-05T03:08:05Z
lever,a3925dc8-29ee-48c5-a9e4-c100818ef247,Zoox,"Senior Systems Integration Engineer, Body","Vehicle Integration, Testing & Validation","Foster City, CA",0,2026-07-08T23:46:57Z,,https://jobs.lever.co/zoox/a3925dc8-29ee-48c5-a9e4-c100818ef247,2026-08-05T03:08:05Z,2026-08-05T03:08:05Z
lever,c21467f4-690b-4100-95e5-040b040044b8,Zoox,"Senior Systems Integration Engineer, Brakes","Vehicle Integration, Testing & Validation","Foster City, CA",0,2026-07-08T23:54:20Z,,https://jobs.lever.co/zoox/c21467f4-690b-4100-95e5-040b040044b8,2026-08-05T03:08:05Z,2026-08-05T03:08:05Z
lever,72726d6b-6fe4-48f2-9b1f-4e69c1d0263a,Zoox,"Senior Systems Integration Engineer, Thermal","Vehicle Integration, Testing & Validation","Foster City, CA",0,2026-06-24T19:22:15Z,,https://jobs.lever.co/zoox/72726d6b-6fe4-48f2-9b1f-4e69c1d0263a,2026-08-05T03:08:05Z,2026-08-05T03:08:05Z
lever,16f95b9e-6520-41bb-9a27-27a5f8f5dcf5,Zoox,"Senior Team Lead, Fleet Support Operations",Base Operations,"Las Vegas, NV",0,2026-06-16T15:42:20Z,,https://jobs.lever.co/zoox/16f95b9e-6520-41bb-9a27-27a5f8f5dcf5,2026-08-05T03:08:05Z,2026-08-05T03:08:05Z
lever,6c17febd-ba2b-436c-b6ba-6a66ba922058,Zoox,Senior Technical Product Manager - Data and Pricing Services,Product and Experience,"Foster City, CA",0,2026-08-03T20:09:39Z,,https://jobs.lever.co/zoox/6c17febd-ba2b-436c-b6ba-6a66ba922058,2026-08-05T03:08:05Z,2026-08-05T03:08:05Z
lever,379f39ea-d01b-4112-ad65-a148b8a24fa9,Zoox,Senior Technical Program Manager - NPI (Test & Diagnostics),Manufacturing Test & Diagnostics,"Foster City, CA",0,2026-05-12T01:00:52Z,,https://jobs.lever.co/zoox/379f39ea-d01b-4112-ad65-a148b8a24fa9,2026-08-05T03:08:05Z,2026-08-05T03:08:05Z
lever,5c373b68-b18b-45ef-b69e-7c0f8e578b57,Zoox,Senior Technical Program Manager - Product Software,Software Platforms and Product,"Foster City, CA",0,2026-05-20T21:49:42Z,,https://jobs.lever.co/zoox/5c373b68-b18b-45ef-b69e-7c0f8e578b57,2026-08-05T03:08:05Z,2026-08-05T03:08:05Z
lever,306e97e2-1036-4edc-b14d-161279ffa8ec,Zoox,Senior Technical Program Manager - Vehicle Attributes,Vehicle Integration Engineering,"Foster City, CA",0,2026-07-09T18:10:19Z,,https://jobs.lever.co/zoox/306e97e2-1036-4edc-b14d-161279ffa8ec,2026-08-05T03:08:05Z,2026-08-05T03:08:05Z
lever,ab24fad1-bc66-4b58-bd8d-e65f558acff1,Zoox,Senior Technical Program Manager - Vehicle System Integration,"Vehicle Integration, Testing & Validation","Foster City, CA",0,2026-06-12T21:46:35Z,,https://jobs.lever.co/zoox/ab24fad1-bc66-4b58-bd8d-e65f558acff1,2026-08-05T03:08:05Z,2026-08-05T03:08:05Z
lever,8a596739-4f00-4429-8998-9c03e9cf8a40,Zoox,"Senior Technical Program Manager, Logistics",Logistics,"Hayward, CA",0,2025-10-23T01:17:20Z,,https://jobs.lever.co/zoox/8a596739-4f00-4429-8998-9c03e9cf8a40,2026-08-05T03:08:05Z,2026-08-05T03:08:05Z
lever,90ee9fbc-f0e4-4b47-a337-09493ecf4902,Zoox,"Senior Technical Program Manager, Manufacturing Integration",Manufacturing Engineering,"Hayward, CA",0,2026-06-03T16:35:09Z,,https://jobs.lever.co/zoox/90ee9fbc-f0e4-4b47-a337-09493ecf4902,2026-08-05T03:08:05Z,2026-08-05T03:08:05Z
lever,93936b92-3aa4-4461-9b50-8b0397dcdf29,Zoox,"Senior Technical Program Manager, Manufacturing Test Solutions",Manufacturing Test & Diagnostics,"Hayward, CA",0,2026-06-15T17:25:11Z,,https://jobs.lever.co/zoox/93936b92-3aa4-4461-9b50-8b0397dcdf29,2026-08-05T03:08:05Z,2026-08-05T03:08:05Z
lever,aa87cd88-dc3f-4c54-accf-e4e9c9b9a2ba,Zoox,"Senior Technical Program Manager, Operational Excellence",Manufacturing Operations Program Management,"Hayward, CA",0,2026-06-15T22:41:59Z,,https://jobs.lever.co/zoox/aa87cd88-dc3f-4c54-accf-e4e9c9b9a2ba,2026-08-05T03:08:05Z,2026-08-05T03:08:05Z
lever,7d9de9c0-14e0-47ed-aa8e-b86caffe57f2,Zoox,"Senior Technical Program Manager, Service Engineering",Manufacturing Engineering,"Hayward, CA",0,2026-06-11T20:16:09Z,,https://jobs.lever.co/zoox/7d9de9c0-14e0-47ed-aa8e-b86caffe57f2,2026-08-05T03:08:05Z,2026-08-05T03:08:05Z
lever,4f4ff749-8f88-428d-bd14-2f15d84c492c,Zoox,"Senior Technical Program Manager, Systems and Business Process Review",Manufacturing Operations Program Management,"Hayward, CA",0,2026-06-15T22:37:51Z,,https://jobs.lever.co/zoox/4f4ff749-8f88-428d-bd14-2f15d84c492c,2026-08-05T03:08:05Z,2026-08-05T03:08:05Z
lever,65ffe656-2b91-46d3-9223-cb6c88441b45,Zoox,Senior Vehicle Attributes Engineer,Vehicle Integration Engineering,"Foster City, CA",0,2025-10-27T18:08:38Z,,https://jobs.lever.co/zoox/65ffe656-2b91-46d3-9223-cb6c88441b45,2026-08-05T03:08:05Z,2026-08-05T03:08:05Z
lever,6d975a67-c0ec-4eb5-99b5-5ba4a455e5bd,Zoox,Senior Vehicle SW Deployment Engineer: Robot Software Infrastructure,Software Systems,"Foster City, CA",0,2026-07-08T21:45:53Z,,https://jobs.lever.co/zoox/6d975a67-c0ec-4eb5-99b5-5ba4a455e5bd,2026-08-05T03:08:05Z,2026-08-05T03:08:05Z
lever,fbfed349-50ac-47fd-aef8-8f4a0eafc43a,Zoox,Senior/Staff Business Enablement Architect - Manufacturing and Operations,IT Infrastructure,"Foster City, CA",0,2025-10-05T19:17:34Z,,https://jobs.lever.co/zoox/fbfed349-50ac-47fd-aef8-8f4a0eafc43a,2026-08-05T03:08:05Z,2026-08-05T03:08:05Z
lever,7b625fa4-4524-4d33-8fe8-8c0f5e574b26,Zoox,"Senior/Staff Data Scientist, Quantitative Risk Assessment",Systems Engineering - Safety,"Foster City, CA",0,2026-03-27T20:36:02Z,,https://jobs.lever.co/zoox/7b625fa4-4524-4d33-8fe8-8c0f5e574b26,2026-08-05T03:08:05Z,2026-08-05T03:08:05Z
lever,73c8f671-64a7-4353-8b81-af2be81b0ac0,Zoox,Senior/Staff Homologation Engineer,E2E Feature Integration and Homologation,"Foster City, CA",0,2026-07-22T21:37:04Z,,https://jobs.lever.co/zoox/73c8f671-64a7-4353-8b81-af2be81b0ac0,2026-08-05T03:08:05Z,2026-08-05T03:08:05Z
lever,9945ef61-1c15-4cf1-9734-b65944c73757,Zoox,Senior/Staff Network Security Engineer,Enterprise Security,"Foster City, CA",0,2026-06-03T20:59:10Z,,https://jobs.lever.co/zoox/9945ef61-1c15-4cf1-9734-b65944c73757,2026-08-05T03:08:05Z,2026-08-05T03:08:05Z
lever,2d23cf58-a117-4f40-ac98-7c6a691eb273,Zoox,Senior/Staff Software Engineer - Behavior Capabilities,Autonomy Software,"Foster City, CA",0,2024-07-15T17:37:05Z,,https://jobs.lever.co/zoox/2d23cf58-a117-4f40-ac98-7c6a691eb273,2026-08-05T03:08:05Z,2026-08-05T03:08:05Z
lever,6076ce7c-19da-468a-86a4-d0fc90502442,Zoox,Senior/Staff Software Engineer - C++ Simulation Platform,Software Systems,"Foster City, CA",0,2026-06-24T21:55:32Z,,https://jobs.lever.co/zoox/6076ce7c-19da-468a-86a4-d0fc90502442,2026-08-05T03:08:05Z,2026-08-05T03:08:05Z
lever,4d58c75b-57a0-43f9-860c-2d4b146b299e,Zoox,Senior/Staff Software Engineer - Embedded Linux Operating Systems,Software Systems,"Foster City, CA",0,2026-08-03T19:54:50Z,,https://jobs.lever.co/zoox/4d58c75b-57a0-43f9-860c-2d4b146b299e,2026-08-05T03:08:05Z,2026-08-05T03:08:05Z
lever,e1e3ddc4-b6cc-4873-87cf-bff2295109fb,Zoox,Senior/Staff Software Engineer - Machine Learning & System Optimization,Autonomy Software,"Foster City, CA",0,2026-06-30T21:45:57Z,,https://jobs.lever.co/zoox/e1e3ddc4-b6cc-4873-87cf-bff2295109fb,2026-08-05T03:08:05Z,2026-08-05T03:08:05Z
lever,2aa94106-52ac-4f67-871b-1140f8644ea4,Zoox,Senior/Staff Software Engineer - ML/AI Applications,Software Quality Assurance,"Foster City, CA",0,2026-05-05T19:48:58Z,,https://jobs.lever.co/zoox/2aa94106-52ac-4f67-871b-1140f8644ea4,2026-08-05T03:08:05Z,2026-08-05T03:08:05Z
lever,00bede24-f74d-4447-ace1-48638965382e,Zoox,Senior/Staff Software Engineer - Motion Planning,Autonomy Software,"Foster City, CA",0,2025-11-05T20:41:44Z,,https://jobs.lever.co/zoox/00bede24-f74d-4447-ace1-48638965382e,2026-08-05T03:08:05Z,2026-08-05T03:08:05Z
lever,4cf378f6-fab9-4bdb-a349-4ae70c099b8e,Zoox,Senior/Staff Software Engineer - Planner Frameworks Pipeline,Autonomy Software,"Foster City, CA",0,2026-06-16T19:07:59Z,,https://jobs.lever.co/zoox/4cf378f6-fab9-4bdb-a349-4ae70c099b8e,2026-08-05T03:08:05Z,2026-08-05T03:08:05Z
lever,c03ac4b4-ad7b-4407-aaea-66ebc09ca579,Zoox,Senior/Staff Software Engineer - Ride and Fleet Services,Software Platforms and Product,"Foster City, CA",0,2026-01-12T17:07:06Z,,https://jobs.lever.co/zoox/c03ac4b4-ad7b-4407-aaea-66ebc09ca579,2026-08-05T03:08:05Z,2026-08-05T03:08:05Z
lever,2ed8a665-cee8-4d70-bcb1-e96b6214b371,Zoox,"Senior/Staff Software Engineer, ML Performance Optimization",Software Systems,"Foster City, CA",0,2023-10-28T04:23:21Z,,https://jobs.lever.co/zoox/2ed8a665-cee8-4d70-bcb1-e96b6214b371,2026-08-05T03:08:05Z,2026-08-05T03:08:05Z
lever,8e29ed0e-8cce-42e8-8784-79dfbd1660c8,Zoox,Senior/Staff Software Systems Engineer - Software Health and Complexity,Software Systems,"Foster City, CA",0,2026-06-10T21:27:09Z,,https://jobs.lever.co/zoox/8e29ed0e-8cce-42e8-8784-79dfbd1660c8,2026-08-05T03:08:05Z,2026-08-05T03:08:05Z
lever,11bf8b68-69a6-423d-a3fe-4712ff8b920d,Zoox,Senior/Staff Systems Engineer - Pose Verification and Validation,SDMA,"Foster City, CA",0,2026-01-22T16:55:44Z,,https://jobs.lever.co/zoox/11bf8b68-69a6-423d-a3fe-4712ff8b920d,2026-08-05T03:08:05Z,2026-08-05T03:08:05Z
lever,ee666ba2-c170-4edc-9f93-383e90f904fa,Zoox,"Senior/Staff Systems Engineer, Fail Operational",Platform Safety Engineering and Analysis,"Foster City, CA",0,2026-06-24T17:13:39Z,,https://jobs.lever.co/zoox/ee666ba2-c170-4edc-9f93-383e90f904fa,2026-08-05T03:08:05Z,2026-08-05T03:08:05Z
lever,d17b2046-b128-4c8d-8ce5-2b8137139f52,Zoox,"Senior/Staff Systems Engineer, Powertrain System Safety and Fail Operational",SDMA,"Foster City, CA",0,2026-01-29T22:37:14Z,,https://jobs.lever.co/zoox/d17b2046-b128-4c8d-8ce5-2b8137139f52,2026-08-05T03:08:05Z,2026-08-05T03:08:05Z
lever,7c9bcc56-12f2-43e5-84a2-9f30f3dcb36d,Zoox,Senior/Staff Technical Product Manager - Autonomy Performance & Data,Autonomy Software,"Foster City, CA",0,2026-03-03T18:54:44Z,,https://jobs.lever.co/zoox/7c9bcc56-12f2-43e5-84a2-9f30f3dcb36d,2026-08-05T03:08:05Z,2026-08-05T03:08:05Z
lever,79cb5d35-e1f5-4020-9537-4d565bf45673,Zoox,"Senior/Staff Technical Product Manager, Autonomy",Autonomy Software,"Foster City, CA",0,2026-02-11T02:55:24Z,,https://jobs.lever.co/zoox/79cb5d35-e1f5-4020-9537-4d565bf45673,2026-08-05T03:08:05Z,2026-08-05T03:08:05Z
lever,4e861d9a-5ebc-4bc1-96df-b7ae1f41780e,Zoox,Senior/Staff Technical Program Manager -  Live Service Operations,PMO,"Foster City, CA",0,2026-07-07T21:31:36Z,,https://jobs.lever.co/zoox/4e861d9a-5ebc-4bc1-96df-b7ae1f41780e,2026-08-05T03:08:05Z,2026-08-05T03:08:05Z
lever,84b7c9c7-1307-4f0c-a0f2-aab0c9b72335,Zoox,Senior/Staff Technical Program Manager - AI & Autonomy,PMO,"Foster City, CA",0,2026-03-23T21:36:46Z,,https://jobs.lever.co/zoox/84b7c9c7-1307-4f0c-a0f2-aab0c9b72335,2026-08-05T03:08:05Z,2026-08-05T03:08:05Z
lever,f93c451d-b9b0-4480-ad7e-4c4d410e4100,Zoox,Senior/Staff Technical Program Manager - Artificial Intelligence,Technical Program Management,"Foster City, CA",0,2025-10-21T21:02:09Z,,https://jobs.lever.co/zoox/f93c451d-b9b0-4480-ad7e-4c4d410e4100,2026-08-05T03:08:05Z,2026-08-05T03:08:05Z
lever,4a26b266-b3b2-4a08-be0d-de81029da441,Zoox,Senior/Staff Technical Program Manager - Autonomous Test Fleet Data Strategy & Mileage Accumulation,PMO,"Foster City, CA",0,2026-06-04T14:51:38Z,,https://jobs.lever.co/zoox/4a26b266-b3b2-4a08-be0d-de81029da441,2026-08-05T03:08:05Z,2026-08-05T03:08:05Z
lever,3bc964e4-41e5-47e7-b704-c6284d613593,Zoox,Senior/Staff Technical Program Manager - Autonomy Operations,PMO,"Foster City, CA",0,2026-05-18T21:21:16Z,,https://jobs.lever.co/zoox/3bc964e4-41e5-47e7-b704-c6284d613593,2026-08-05T03:08:05Z,2026-08-05T03:08:05Z
lever,eb782315-c401-44f7-9558-3f14d9a8acf7,Zoox,Senior/Staff Technical Program Manager - Core Software,Technical Program Management,"Foster City, CA",0,2026-01-08T19:10:36Z,,https://jobs.lever.co/zoox/eb782315-c401-44f7-9558-3f14d9a8acf7,2026-08-05T03:08:05Z,2026-08-05T03:08:05Z
lever,89adda42-9575-4028-bba8-a38e5f0feb94,Zoox,Senior/Staff Technical Program Manager - Fleet Orchestration,PMO,"Foster City, CA",0,2026-08-04T17:23:07Z,,https://jobs.lever.co/zoox/89adda42-9575-4028-bba8-a38e5f0feb94,2026-08-05T03:08:05Z,2026-08-05T03:08:05Z
lever,edd3a8ae-bc78-49ac-a536-2033d7c02dd6,Zoox,Senior/Staff Technical Program Manager - Robot Platform,PMO,"Foster City, CA",0,2026-05-18T21:16:03Z,,https://jobs.lever.co/zoox/edd3a8ae-bc78-49ac-a536-2033d7c02dd6,2026-08-05T03:08:05Z,2026-08-05T03:08:05Z
lever,fa7b53e5-b6f4-4912-943c-d20155435180,Zoox,Senior/Staff Technical Program Manager - System Safety for Cross Functional Initiatives,SDMA,"Foster City, CA",0,2026-01-30T18:28:26Z,,https://jobs.lever.co/zoox/fa7b53e5-b6f4-4912-943c-d20155435180,2026-08-05T03:08:05Z,2026-08-05T03:08:05Z
lever,9abd3543-0d46-4fd8-882c-2fe93d75a51b,Zoox,Sensor Software Engineer - Core Sensors,Software Systems,"Foster City, CA",0,2026-04-17T20:46:51Z,,https://jobs.lever.co/zoox/9abd3543-0d46-4fd8-882c-2fe93d75a51b,2026-08-05T03:08:05Z,2026-08-05T03:08:05Z
lever,9fa5e316-c361-4526-860a-51478587dc3b,Zoox,Simulation Expert Triage Engineer,Autonomy Safety Assurance,"Foster City, CA",0,2026-07-01T18:10:47Z,,https://jobs.lever.co/zoox/9fa5e316-c361-4526-860a-51478587dc3b,2026-08-05T03:08:05Z,2026-08-05T03:08:05Z
lever,8914da26-af12-40ce-8819-bfc9fbf98cf2,Zoox,"Software Development Engineer in Test, Platform Safety Assurance",Verification & Validation,"Foster City, CA",0,2026-02-19T17:35:18Z,,https://jobs.lever.co/zoox/8914da26-af12-40ce-8819-bfc9fbf98cf2,2026-08-05T03:08:05Z,2026-08-05T03:08:05Z
lever,25e3889e-1dfa-4f8c-ab27-f6e17604164f,Zoox,"Software Development Engineer in Test, Product Software",Software Quality Assurance,"Foster City, CA",0,2026-05-12T16:14:47Z,,https://jobs.lever.co/zoox/25e3889e-1dfa-4f8c-ab27-f6e17604164f,2026-08-05T03:08:05Z,2026-08-05T03:08:05Z
lever,38dd64ad-bbaf-41b2-a6a0-91b25920284f,Zoox,"Software Development Engineer in Test, Web Applications",Software Quality Assurance,"Foster City, CA",0,2026-05-19T18:48:36Z,,https://jobs.lever.co/zoox/38dd64ad-bbaf-41b2-a6a0-91b25920284f,2026-08-05T03:08:05Z,2026-08-05T03:08:05Z
lever,b7c1a78f-43b9-4142-bd71-97022a760750,Zoox,Software Engineer - Behavior Capabilities,Autonomy Software,"Foster City, CA",0,2024-12-02T21:20:31Z,,https://jobs.lever.co/zoox/b7c1a78f-43b9-4142-bd71-97022a760750,2026-08-05T03:08:05Z,2026-08-05T03:08:05Z
lever,51630efc-50f6-461c-8d56-ebed59a5d0d6,Zoox,Software Engineer - C++  GPU Performance,Software Systems,"Foster City, CA",0,2026-04-16T19:30:18Z,,https://jobs.lever.co/zoox/51630efc-50f6-461c-8d56-ebed59a5d0d6,2026-08-05T03:08:05Z,2026-08-05T03:08:05Z
lever,71a2b465-11fb-49fa-b5f8-29757bc6bba6,Zoox,Software Engineer - Driving Behavior,Autonomy Software,"Foster City, CA",0,2026-05-12T00:19:59Z,,https://jobs.lever.co/zoox/71a2b465-11fb-49fa-b5f8-29757bc6bba6,2026-08-05T03:08:05Z,2026-08-05T03:08:05Z
lever,8102c816-7ce1-49c8-8093-f46c8074652c,Zoox,Software Engineer - Mapping Data Software,Autonomy Software,"Foster City, CA",0,2026-06-18T21:08:36Z,,https://jobs.lever.co/zoox/8102c816-7ce1-49c8-8093-f46c8074652c,2026-08-05T03:08:05Z,2026-08-05T03:08:05Z
lever,7dd45151-9d8a-45a4-bb33-86fb88c1995d,Zoox,Software Engineer - Motion Planning,Autonomy Software,"Foster City, CA",0,2016-02-08T19:02:13Z,,https://jobs.lever.co/zoox/7dd45151-9d8a-45a4-bb33-86fb88c1995d,2026-08-05T03:08:05Z,2026-08-05T03:08:05Z
lever,e725749e-88f7-48e0-8e4c-8a4a3289b905,Zoox,Software Engineer - Planner Frameworks Pipeline,Autonomy Software,"Foster City, CA",0,2026-05-12T00:51:40Z,,https://jobs.lever.co/zoox/e725749e-88f7-48e0-8e4c-8a4a3289b905,2026-08-05T03:08:05Z,2026-08-05T03:08:05Z
lever,2783987b-5ab8-4447-a9e4-77745439e7ba,Zoox,Software Engineer - Ride and Fleet Services,Software Platforms and Product,"San Diego, CA",0,2026-05-12T03:43:11Z,,https://jobs.lever.co/zoox/2783987b-5ab8-4447-a9e4-77745439e7ba,2026-08-05T03:08:05Z,2026-08-05T03:08:05Z
lever,94b5b4a5-257a-43d8-96bb-8dccd6d690f0,Zoox,Software Engineer - Road Network Tools,Autonomy Software,"Foster City, CA",0,2025-03-25T18:24:16Z,,https://jobs.lever.co/zoox/94b5b4a5-257a-43d8-96bb-8dccd6d690f0,2026-08-05T03:08:05Z,2026-08-05T03:08:05Z
lever,44136143-ba13-4839-bdc5-26a7633080a3,Zoox,Software Engineer - Robot Link Platform,Software Platforms and Product,"Foster City, CA",0,2026-06-26T19:53:40Z,,https://jobs.lever.co/zoox/44136143-ba13-4839-bdc5-26a7633080a3,2026-08-05T03:08:05Z,2026-08-05T03:08:05Z
lever,357b4f2a-1dd8-4a53-8d39-9c898cdc2d79,Zoox,Software Engineer - Site Reliability Engineering,Software Platforms and Product,"Foster City, CA",0,2026-05-04T22:07:38Z,,https://jobs.lever.co/zoox/357b4f2a-1dd8-4a53-8d39-9c898cdc2d79,2026-08-05T03:08:05Z,2026-08-05T03:08:05Z
lever,d48270e1-81e0-4f04-ab9e-d1fc25313f76,Zoox,"Software Engineer, Android",Software,"Foster City, CA",0,2026-05-08T15:29:42Z,,https://jobs.lever.co/zoox/d48270e1-81e0-4f04-ab9e-d1fc25313f76,2026-08-05T03:08:05Z,2026-08-05T03:08:05Z
lever,18b6dfa0-d581-4d29-ac79-5d6e666aa9c3,Zoox,"Software Engineer, Fleet Simulation (Core Data Science)",Data Science,"Foster City, CA",0,2026-07-24T22:20:20Z,,https://jobs.lever.co/zoox/18b6dfa0-d581-4d29-ac79-5d6e666aa9c3,2026-08-05T03:08:05Z,2026-08-05T03:08:05Z
lever,bc11276c-8db7-426e-9d00-d41c2097723a,Zoox,"Software Engineer, ML Performance Optimization",Software Systems,"Foster City, CA",0,2026-05-28T22:34:49Z,,https://jobs.lever.co/zoox/bc11276c-8db7-426e-9d00-d41c2097723a,2026-08-05T03:08:05Z,2026-08-05T03:08:05Z
lever,d4108968-e83d-4d87-a92c-e4cd1823801c,Zoox,"Software Engineer, ML Platform (ML Training)",Software Systems,"Foster City, CA",0,2026-07-20T22:15:01Z,,https://jobs.lever.co/zoox/d4108968-e83d-4d87-a92c-e4cd1823801c,2026-08-05T03:08:05Z,2026-08-05T03:08:05Z
lever,c8ca7105-5044-49ee-88d3-cf6b7145a2ec,Zoox,"Software Engineer, Operational Tools",Software Platforms and Product,"Foster City, CA",0,2026-05-29T19:09:01Z,,https://jobs.lever.co/zoox/c8ca7105-5044-49ee-88d3-cf6b7145a2ec,2026-08-05T03:08:05Z,2026-08-05T03:08:05Z
lever,62adaf80-43a9-4210-a908-7b714bfea84b,Zoox,"Software Engineer, Test Set Curation",SDMA,"Foster City, CA",0,2026-05-11T21:10:53Z,,https://jobs.lever.co/zoox/62adaf80-43a9-4210-a908-7b714bfea84b,2026-08-05T03:08:05Z,2026-08-05T03:08:05Z
lever,8df66250-f2bd-4e4f-a807-239916ce84e6,Zoox,Software Engineering Manager - Fleet Management Backend Services,Software Platforms and Product,"Foster City, CA",0,2025-07-08T19:02:42Z,,https://jobs.lever.co/zoox/8df66250-f2bd-4e4f-a807-239916ce84e6,2026-08-05T03:08:05Z,2026-08-05T03:08:05Z
lever,f1f1e6ec-6167-4369-a788-89f5d009368a,Zoox,Software Engineering Manager - Perception Occupancy,Autonomy Software,"Foster City, CA",0,2026-02-03T16:04:15Z,,https://jobs.lever.co/zoox/f1f1e6ec-6167-4369-a788-89f5d009368a,2026-08-05T03:08:05Z,2026-08-05T03:08:05Z
lever,7314a1a4-ae7a-4c5a-a048-fd2bc966f26b,Zoox,"Sr. Manager, Product and Experience Design",Product and Experience,"Foster City, CA",0,2026-05-14T00:33:06Z,,https://jobs.lever.co/zoox/7314a1a4-ae7a-4c5a-a048-fd2bc966f26b,2026-08-05T03:08:05Z,2026-08-05T03:08:05Z
lever,a8d90dae-875a-4818-9a39-c6c74db8c9fd,Zoox,"Staff Autonomy Systems Engineer, Environmental Expansion",E2E Feature Integration and Homologation,"Foster City, CA",0,2026-02-05T23:29:58Z,,https://jobs.lever.co/zoox/a8d90dae-875a-4818-9a39-c6c74db8c9fd,2026-08-05T03:08:05Z,2026-08-05T03:08:05Z
lever,be1539af-482f-478d-823d-a00f44958aa0,Zoox,Staff Compensation Manager,Compensation,"Foster City, CA",0,2026-04-29T06:04:37Z,,https://jobs.lever.co/zoox/be1539af-482f-478d-823d-a00f44958aa0,2026-08-05T03:08:05Z,2026-08-05T03:08:05Z
lever,acaafc9a-486d-4045-80d7-12b09e39330e,Zoox,Staff Data Scientist - Behavior Evaluation,Autonomy Software,"Foster City, CA",0,2022-05-04T17:43:21Z,,https://jobs.lever.co/zoox/acaafc9a-486d-4045-80d7-12b09e39330e,2026-08-05T03:08:05Z,2026-08-05T03:08:05Z
lever,d856c631-446c-452f-81f5-0359b50403c9,Zoox,Staff Data Scientist - Verification & Validation,Autonomy Software,"Foster City, CA",0,2026-03-27T03:12:46Z,,https://jobs.lever.co/zoox/d856c631-446c-452f-81f5-0359b50403c9,2026-08-05T03:08:05Z,2026-08-05T03:08:05Z
lever,a3de2d89-7acb-41a9-9435-ea4d56edb47e,Zoox,"Staff Electrical Engineer, Compute",Electrical Engineering,"Foster City, CA",0,2026-04-07T15:45:39Z,,https://jobs.lever.co/zoox/a3de2d89-7acb-41a9-9435-ea4d56edb47e,2026-08-05T03:08:05Z,2026-08-05T03:08:05Z
lever,25cff65a-c3bc-4789-a9fb-dedf773b7ea7,Zoox,Staff ServiceNow Platform Engineer,Enterprise Applications,"Foster City, CA",0,2026-07-15T20:49:21Z,,https://jobs.lever.co/zoox/25cff65a-c3bc-4789-a9fb-dedf773b7ea7,2026-08-05T03:08:05Z,2026-08-05T03:08:05Z
lever,5ab0cc36-0d91-4acd-9cf3-c38a273293cb,Zoox,"Staff Software Engineer - SRE, GitHub & CI/CD Infrastructure",Software,"Foster City, CA",0,2026-06-03T21:50:37Z,,https://jobs.lever.co/zoox/5ab0cc36-0d91-4acd-9cf3-c38a273293cb,2026-08-05T03:08:05Z,2026-08-05T03:08:05Z
lever,ac6ff0ab-e046-48b1-9438-71c293de1583,Zoox,"Staff Software Engineer, Operational Applications & Platforms",Software Platforms and Product,"Foster City, CA",0,2026-03-27T21:20:41Z,,https://jobs.lever.co/zoox/ac6ff0ab-e046-48b1-9438-71c293de1583,2026-08-05T03:08:05Z,2026-08-05T03:08:05Z
lever,96faea2e-c539-4d63-89a5-f534b807ab09,Zoox,"Staff Technical Program Manager, Powertrain & Thermal","Powertrain, Thermal, & Electrical Engineering","Foster City, CA",0,2026-07-09T18:24:52Z,,https://jobs.lever.co/zoox/96faea2e-c539-4d63-89a5-f534b807ab09,2026-08-05T03:08:05Z,2026-08-05T03:08:05Z
lever,04519598-88f3-4494-bc0e-755fd7c48342,Zoox,Staff Vehicle Attributes Engineer,"Vehicle Integration, Testing & Validation","Banbury, UK",0,2026-07-21T16:56:09Z,,https://jobs.lever.co/zoox/04519598-88f3-4494-bc0e-755fd7c48342,2026-08-05T03:08:05Z,2026-08-05T03:08:05Z
lever,2a7c9842-96ae-4a98-a2bd-152a720d81f7,Zoox,Staff/Senior Staff Supply Chain Program Manager - Enterprise Business Applications,Business Applications,"Foster City, CA",0,2026-07-14T19:57:47Z,,https://jobs.lever.co/zoox/2a7c9842-96ae-4a98-a2bd-152a720d81f7,2026-08-05T03:08:05Z,2026-08-05T03:08:05Z
lever,33ff94ab-ec61-4c17-9651-2286d74a7ca8,Zoox,Strategic Sourcing Manager,Direct Procurement,"Foster City, CA",0,2024-03-25T21:32:57Z,,https://jobs.lever.co/zoox/33ff94ab-ec61-4c17-9651-2286d74a7ca8,2026-08-05T03:08:05Z,2026-08-05T03:08:05Z
lever,b13095a0-c3a1-4750-923d-4f3f19c581fc,Zoox,"Sustaining Engineer, Powertrain & Thermal Systems","Powertrain, Thermal, & Electrical Engineering","Foster City, CA",0,2026-05-12T16:56:23Z,,https://jobs.lever.co/zoox/b13095a0-c3a1-4750-923d-4f3f19c581fc,2026-08-05T03:08:05Z,2026-08-05T03:08:05Z
lever,ec1de483-ebd5-4b87-96b7-d749f077aefb,Zoox,System Test Engineer,Software Quality Assurance,"San Diego, CA",0,2026-01-05T21:27:45Z,,https://jobs.lever.co/zoox/ec1de483-ebd5-4b87-96b7-d749f077aefb,2026-08-05T03:08:05Z,2026-08-05T03:08:05Z
lever,fe41af48-f0ec-46ec-b840-00f9d9f872de,Zoox,System Verification and Validation Engineer - Fail Operational Systems,Platform Safety Assurance,"Foster City, CA",0,2026-06-30T19:31:47Z,,https://jobs.lever.co/zoox/fe41af48-f0ec-46ec-b840-00f9d9f872de,2026-08-05T03:08:05Z,2026-08-05T03:08:05Z
lever,c8924164-2a47-4700-9686-c0783fa6dc25,Zoox,"Systems Test Engineer, System Behavior Analysis",Software Platforms and Product,"San Diego, CA",0,2026-07-01T15:54:25Z,,https://jobs.lever.co/zoox/c8924164-2a47-4700-9686-c0783fa6dc25,2026-08-05T03:08:05Z,2026-08-05T03:08:05Z
lever,7d73d483-3e32-421a-9397-4430fdb80bdd,Zoox,"Team Lead, Ground Operations (3rd Shift)",Base Operations,"Austin, TX",0,2026-07-20T19:44:46Z,,https://jobs.lever.co/zoox/7d73d483-3e32-421a-9397-4430fdb80bdd,2026-08-05T03:08:05Z,2026-08-05T03:08:05Z
lever,b5becce4-2537-4a19-8667-4de657c71b10,Zoox,"Team Lead, Ground Operations (3rd Shift)",Base Operations,"Miami, FL",0,2026-07-20T19:44:57Z,,https://jobs.lever.co/zoox/b5becce4-2537-4a19-8667-4de657c71b10,2026-08-05T03:08:05Z,2026-08-05T03:08:05Z
lever,eed5bd1e-8f24-4180-ac1f-c757d67c775a,Zoox,"Team Lead, Ground Operations (3rd Shift)",Base Operations,"Los Angeles, CA",0,2026-07-20T19:44:52Z,,https://jobs.lever.co/zoox/eed5bd1e-8f24-4180-ac1f-c757d67c775a,2026-08-05T03:08:05Z,2026-08-05T03:08:05Z
lever,cde4bf49-c8da-4e1a-b6e3-d2e1144a8fb3,Zoox,Technical Program Manager - Data Operations Lead,Autonomy Software,"Foster City, CA",0,2026-04-09T16:16:26Z,,https://jobs.lever.co/zoox/cde4bf49-c8da-4e1a-b6e3-d2e1144a8fb3,2026-08-05T03:08:05Z,2026-08-05T03:08:05Z
lever,0a22d356-f7f7-4374-b393-55637772edda,Zoox,"Technical Program Manager, PMO - Test Fleet Program (Contract)",PMO,"Foster City, CA",0,2026-06-18T21:17:15Z,,https://jobs.lever.co/zoox/0a22d356-f7f7-4374-b393-55637772edda,2026-08-05T03:08:05Z,2026-08-05T03:08:05Z
lever,7bf2a9b3-8aa5-4950-b8b8-14306ef1069f,Zoox,"Technical Program Manager, PMO AI & Product Software (Contract)",PMO,"Foster City, CA",0,2026-01-22T02:09:56Z,,https://jobs.lever.co/zoox/7bf2a9b3-8aa5-4950-b8b8-14306ef1069f,2026-08-05T03:08:05Z,2026-08-05T03:08:05Z
lever,f5433da0-81fe-48bb-80f1-0bac539d4a02,Zoox,Technical Sourcer (Contract),Talent,"Foster City, CA",0,2026-01-08T19:49:22Z,,https://jobs.lever.co/zoox/f5433da0-81fe-48bb-80f1-0bac539d4a02,2026-08-05T03:08:05Z,2026-08-05T03:08:05Z
lever,519a337e-ad08-4244-ada7-747f38fcb415,Zoox,UX Research Operations Program Manager,Product and Experience,"Foster City, CA",0,2026-05-22T18:48:28Z,,https://jobs.lever.co/zoox/519a337e-ad08-4244-ada7-747f38fcb415,2026-08-05T03:08:05Z,2026-08-05T03:08:05Z
lever,09a8f970-9b25-4775-9ad7-ea9f4bd2cb76,Zoox,Vehicle Line Director,Vehicle Program Management,"Foster City, CA",0,2026-05-28T17:21:02Z,,https://jobs.lever.co/zoox/09a8f970-9b25-4775-9ad7-ea9f4bd2cb76,2026-08-05T03:08:05Z,2026-08-05T03:08:05Z
lever,466ed4a1-2c00-400e-8b9b-77b0c63d64d2,Veeva,(Associate) Team Lead - Data Operations,Data Operations - EU,Portugal - Lisbon,1,2026-01-30T19:29:35Z,,https://jobs.lever.co/veeva/466ed4a1-2c00-400e-8b9b-77b0c63d64d2,2026-08-05T03:08:05Z,2026-08-05T03:08:05Z
lever,7465bdb3-4f75-43bc-b5d9-c23c77fd3a29,Veeva,(Associate) Team Lead - Data Operations,Data Operations - EU,Spain - Barcelona,1,2026-01-30T19:28:54Z,,https://jobs.lever.co/veeva/7465bdb3-4f75-43bc-b5d9-c23c77fd3a29,2026-08-05T03:08:05Z,2026-08-05T03:08:05Z
lever,9ac55b31-df46-4acb-b305-2c0b7ed56027,Veeva,Account Director,Digital Events,New Jersey - Lyndhurst,0,2025-12-05T16:05:28Z,,https://jobs.lever.co/veeva/9ac55b31-df46-4acb-b305-2c0b7ed56027,2026-08-05T03:08:05Z,2026-08-05T03:08:05Z
lever,83c7b3b4-a840-4452-8478-aaf9a9dd7c1e,Veeva,Account Manager - LearnGxP,Quality - NA,Massachusetts - Boston,1,2024-03-04T21:47:46Z,,https://jobs.lever.co/veeva/83c7b3b4-a840-4452-8478-aaf9a9dd7c1e,2026-08-05T03:08:05Z,2026-08-05T03:08:05Z
lever,cdd19071-2c85-4ce3-a60a-0640bdfde987,Veeva,Account Manager - LearnGxP,Quality - NA,California - San Francisco,1,2024-03-04T21:48:33Z,,https://jobs.lever.co/veeva/cdd19071-2c85-4ce3-a60a-0640bdfde987,2026-08-05T03:08:05Z,2026-08-05T03:08:05Z
lever,f732ad4f-c8bc-4b17-9eaf-d192efcd659a,Veeva,Account Manager - LearnGxP,Quality - NA,Illinois - Chicago,1,2024-03-01T21:06:40Z,,https://jobs.lever.co/veeva/f732ad4f-c8bc-4b17-9eaf-d192efcd659a,2026-08-05T03:08:05Z,2026-08-05T03:08:05Z
lever,10e38cd6-8edf-4019-8f66-8a94eb1ff26a,Veeva,Account Partner,Commercial - EU,France - Paris,1,2026-07-22T14:18:06Z,,https://jobs.lever.co/veeva/10e38cd6-8edf-4019-8f66-8a94eb1ff26a,2026-08-05T03:08:05Z,2026-08-05T03:08:05Z
lever,560de8bd-efc2-4bbf-a70b-be58e16d914b,Veeva,Account Partner,Commercial - EU,Italy - Milan,1,2026-07-22T14:31:19Z,,https://jobs.lever.co/veeva/560de8bd-efc2-4bbf-a70b-be58e16d914b,2026-08-05T03:08:05Z,2026-08-05T03:08:05Z
lever,5c75dfc7-4635-4918-a2b5-27bba4727ad6,Veeva,Account Partner - Commercial,Commercial - NA,Massachusetts - Boston,1,2021-11-23T21:24:26Z,,https://jobs.lever.co/veeva/5c75dfc7-4635-4918-a2b5-27bba4727ad6,2026-08-05T03:08:05Z,2026-08-05T03:08:05Z
lever,5fb8bb25-915e-4424-9cb9-9fdbc0d731d9,Veeva,Account Partner - Commercial,Commercial - APAC,Japan - Tokyo,0,2025-01-24T16:33:46Z,,https://jobs.lever.co/veeva/5fb8bb25-915e-4424-9cb9-9fdbc0d731d9,2026-08-05T03:08:05Z,2026-08-05T03:08:05Z
lever,82d53174-58b9-411f-bb54-3cd2329b0d53,Veeva,Account Partner - Commercial,Commercial - NA,California - San Francisco,1,2026-03-17T20:44:53Z,,https://jobs.lever.co/veeva/82d53174-58b9-411f-bb54-3cd2329b0d53,2026-08-05T03:08:05Z,2026-08-05T03:08:05Z
lever,c12b5b78-92b7-4b21-83e8-e2d65a7f7245,Veeva,Account Partner - Commercial,Commercial - NA,California - San Diego,1,2026-03-17T20:44:00Z,,https://jobs.lever.co/veeva/c12b5b78-92b7-4b21-83e8-e2d65a7f7245,2026-08-05T03:08:05Z,2026-08-05T03:08:05Z
lever,24b41f2b-9dca-4b74-ade4-2738dafebdf7,Veeva,Account Partner - Commercial MedTech,Commercial - NA,Illinois - Chicago,1,2023-09-14T20:07:31Z,,https://jobs.lever.co/veeva/24b41f2b-9dca-4b74-ade4-2738dafebdf7,2026-08-05T03:08:05Z,2026-08-05T03:08:05Z
lever,7338307f-b15a-45e8-8732-9a29f4c70ac1,Veeva,Account Partner - Commercial MedTech,Commercial - NA,Minnesota - Minneapolis,1,2024-04-25T20:37:52Z,,https://jobs.lever.co/veeva/7338307f-b15a-45e8-8732-9a29f4c70ac1,2026-08-05T03:08:05Z,2026-08-05T03:08:05Z
lever,7a0a4266-3fe7-4134-8697-792d87f49e61,Veeva,Account Partner - Commercial MedTech,Commercial - NA,Massachusetts - Boston,1,2024-04-25T20:38:51Z,,https://jobs.lever.co/veeva/7a0a4266-3fe7-4134-8697-792d87f49e61,2026-08-05T03:08:05Z,2026-08-05T03:08:05Z
lever,795a9751-57b4-4654-a660-4354b40d240b,Veeva,Account Partner - CRO,R&D - NA,Massachusetts - Boston,1,2026-03-02T20:02:39Z,,https://jobs.lever.co/veeva/795a9751-57b4-4654-a660-4354b40d240b,2026-08-05T03:08:05Z,2026-08-05T03:08:05Z
lever,884e318a-b53d-48a4-bd37-346f0fd9b3cf,Veeva,Account Partner - CRO,R&D - NA,Pennsylvania - Philadelphia,1,2026-03-02T20:01:10Z,,https://jobs.lever.co/veeva/884e318a-b53d-48a4-bd37-346f0fd9b3cf,2026-08-05T03:08:05Z,2026-08-05T03:08:05Z
lever,ea6c9d8b-4e7b-4203-943e-b73e33aebf33,Veeva,Account Partner - CRO,R&D - NA,North Carolina - Raleigh,1,2026-03-02T20:02:03Z,,https://jobs.lever.co/veeva/ea6c9d8b-4e7b-4203-943e-b73e33aebf33,2026-08-05T03:08:05Z,2026-08-05T03:08:05Z
lever,8d225c7e-a588-4cf3-a01e-e0201ead2806,Veeva,Account Partner - Crossix Audiences,Crossix - NA,Pennsylvania - Philadelphia,1,2024-04-01T19:06:03Z,,https://jobs.lever.co/veeva/8d225c7e-a588-4cf3-a01e-e0201ead2806,2026-08-05T03:08:05Z,2026-08-05T03:08:05Z
lever,fc46e02f-4f3c-4730-ba2b-969cbbb7af8f,Veeva,Account Partner - Crossix Audiences,Crossix - NA,Illinois - Chicago,1,2024-04-01T19:06:57Z,,https://jobs.lever.co/veeva/fc46e02f-4f3c-4730-ba2b-969cbbb7af8f,2026-08-05T03:08:05Z,2026-08-05T03:08:05Z
lever,fff25210-0673-4c3d-a5f1-2c02a146a037,Veeva,Account Partner - Crossix Audiences,Crossix - NA,New York - New York City,1,2024-04-01T19:05:03Z,,https://jobs.lever.co/veeva/fff25210-0673-4c3d-a5f1-2c02a146a037,2026-08-05T03:08:05Z,2026-08-05T03:08:05Z
lever,0f8a5c30-97e5-4376-b7eb-e7df19ac55c0,Veeva,Account Partner - Crossix Enterprise Sales,Crossix - NA,New Jersey - Lyndhurst,1,2026-01-28T22:30:02Z,,https://jobs.lever.co/veeva/0f8a5c30-97e5-4376-b7eb-e7df19ac55c0,2026-08-05T03:08:05Z,2026-08-05T03:08:05Z
lever,439b63d7-4501-4182-b3e8-8c7b405f04a6,Veeva,Account Partner - Crossix Enterprise Sales,Crossix - NA,Pennsylvania - Philadelphia,1,2026-01-28T22:31:03Z,,https://jobs.lever.co/veeva/439b63d7-4501-4182-b3e8-8c7b405f04a6,2026-08-05T03:08:05Z,2026-08-05T03:08:05Z
lever,6fdd519a-156b-44ef-9bdb-6be5ea6e5b9d,Veeva,Account Partner - Crossix Enterprise Sales,Crossix - NA,New York - New York City,1,2026-01-28T22:30:41Z,,https://jobs.lever.co/veeva/6fdd519a-156b-44ef-9bdb-6be5ea6e5b9d,2026-08-05T03:08:05Z,2026-08-05T03:08:05Z
lever,b8ce8411-5191-4f4e-b62e-79d60a94edc0,Veeva,Account Partner - CS&G North America,R&D - NA,Massachusetts - Boston,1,2026-06-09T14:10:31Z,,https://jobs.lever.co/veeva/b8ce8411-5191-4f4e-b62e-79d60a94edc0,2026-08-05T03:08:05Z,2026-08-05T03:08:05Z
lever,c8dc7155-ea49-4de5-bd09-fb59b0b47d06,Veeva,Account Partner - Health and Life Sciences Commercial,Commercial - EU,Germany - Frankfurt,1,2025-10-27T17:36:32Z,,https://jobs.lever.co/veeva/c8dc7155-ea49-4de5-bd09-fb59b0b47d06,2026-08-05T03:08:05Z,2026-08-05T03:08:05Z
lever,95b9d31b-edd9-41d5-8a28-015e3205a018,Veeva,Account Partner - Korea Quality,Quality - APAC,South Korea - Seoul,0,2026-07-10T20:23:10Z,,https://jobs.lever.co/veeva/95b9d31b-edd9-41d5-8a28-015e3205a018,2026-08-05T03:08:05Z,2026-08-05T03:08:05Z
lever,1276cd2d-eef0-4920-8ad8-2aa41267b327,Veeva,Account Partner - Marketing Analytics,Crossix - NA,New Jersey - Newark,1,2025-04-15T20:08:30Z,,https://jobs.lever.co/veeva/1276cd2d-eef0-4920-8ad8-2aa41267b327,2026-08-05T03:08:05Z,2026-08-05T03:08:05Z
lever,6f4f761a-4850-4d45-8bd2-d693a33e5f26,Veeva,Account Partner - Marketing Analytics,Crossix - NA,Massachusetts - Boston,1,2024-07-31T17:27:52Z,,https://jobs.lever.co/veeva/6f4f761a-4850-4d45-8bd2-d693a33e5f26,2026-08-05T03:08:05Z,2026-08-05T03:08:05Z
lever,70825ca5-2c1c-450b-b3ab-496357897968,Veeva,Account Partner - Marketing Analytics,Crossix - NA,Pennsylvania - Philadelphia,1,2025-04-15T20:06:54Z,,https://jobs.lever.co/veeva/70825ca5-2c1c-450b-b3ab-496357897968,2026-08-05T03:08:05Z,2026-08-05T03:08:05Z
lever,ed458e3b-7bc8-4392-9c11-e85b697371f4,Veeva,Account Partner - Marketing Analytics,Crossix - NA,New York - New York City,1,2025-04-15T19:01:32Z,,https://jobs.lever.co/veeva/ed458e3b-7bc8-4392-9c11-e85b697371f4,2026-08-05T03:08:05Z,2026-08-05T03:08:05Z
lever,041f291f-ad2b-424c-9053-bf1487235e89,Veeva,Account Partner - MedTech Japan,Medtech - APAC,Japan - Osaka,0,2024-01-29T16:39:46Z,,https://jobs.lever.co/veeva/041f291f-ad2b-424c-9053-bf1487235e89,2026-08-05T03:08:05Z,2026-08-05T03:08:05Z
lever,7d586942-3a78-45cf-a240-3a960dde4430,Veeva,Account Partner - MedTech Japan,Medtech - APAC,Japan - Tokyo,0,2024-01-29T16:38:50Z,,https://jobs.lever.co/veeva/7d586942-3a78-45cf-a240-3a960dde4430,2026-08-05T03:08:05Z,2026-08-05T03:08:05Z
lever,0b0fd5a9-814d-46d6-b673-789df3d151b2,Veeva,Account Partner - North America Data Cloud,Compass - NA,Massachusetts - Boston,1,2025-08-29T20:21:11Z,,https://jobs.lever.co/veeva/0b0fd5a9-814d-46d6-b673-789df3d151b2,2026-08-05T03:08:05Z,2026-08-05T03:08:05Z
lever,3cabdcb9-491f-4406-b9dc-3cb2636c4256,Veeva,Account Partner - North America Data Cloud,Compass - NA,Pennsylvania - Philadelphia,1,2025-08-29T20:49:46Z,,https://jobs.lever.co/veeva/3cabdcb9-491f-4406-b9dc-3cb2636c4256,2026-08-05T03:08:05Z,2026-08-05T03:08:05Z
lever,f20b3945-5a2e-4ecf-8f9e-f390eef63e74,Veeva,Account Partner - North America Data Cloud,Compass - NA,Massachusetts - Boston,1,2025-08-29T20:50:54Z,,https://jobs.lever.co/veeva/f20b3945-5a2e-4ecf-8f9e-f390eef63e74,2026-08-05T03:08:05Z,2026-08-05T03:08:05Z
lever,c4522ee0-7a51-4083-97ab-07ba55304434,Veeva,Account Partner - Quality Cloud,Quality - APAC,China - Suzhou,0,2026-05-22T14:12:57Z,,https://jobs.lever.co/veeva/c4522ee0-7a51-4083-97ab-07ba55304434,2026-08-05T03:08:05Z,2026-08-05T03:08:05Z
lever,c94b3ee0-2f1b-41a1-a90b-24979bdcfb9e,Veeva,Account Partner - Quality Cloud,Quality - APAC,China - Shanghai,0,2026-05-22T14:49:08Z,,https://jobs.lever.co/veeva/c94b3ee0-2f1b-41a1-a90b-24979bdcfb9e,2026-08-05T03:08:05Z,2026-08-05T03:08:05Z
lever,16709856-c2c4-4bf7-991a-6699fdfae797,Veeva,Account Partner - QuickVault,Medtech - EU,Ireland - Dublin,1,2026-02-09T20:13:08Z,,https://jobs.lever.co/veeva/16709856-c2c4-4bf7-991a-6699fdfae797,2026-08-05T03:08:05Z,2026-08-05T03:08:05Z
lever,525863df-3717-45ff-95d7-155d5545ff00,Veeva,Account Partner - QuickVault,Medtech - EU,United Kingdom - London,1,2026-02-09T20:13:46Z,,https://jobs.lever.co/veeva/525863df-3717-45ff-95d7-155d5545ff00,2026-08-05T03:08:05Z,2026-08-05T03:08:05Z
lever,2660a3a4-bb06-4f4d-9b15-fb55213a335d,Veeva,Account Partner - R&D,R&D - APAC,China - Suzhou,0,2024-08-14T14:30:37Z,,https://jobs.lever.co/veeva/2660a3a4-bb06-4f4d-9b15-fb55213a335d,2026-08-05T03:08:05Z,2026-08-05T03:08:05Z
lever,512ba3ea-8935-4914-ac7b-fc5964752d4f,Veeva,Account Partner - R&D,R&D - NA,California - San Francisco,1,2024-06-14T18:50:59Z,,https://jobs.lever.co/veeva/512ba3ea-8935-4914-ac7b-fc5964752d4f,2026-08-05T03:08:05Z,2026-08-05T03:08:05Z
lever,650505f0-9926-49e5-bbb0-8f90c44cc8ec,Veeva,Account Partner - R&D,R&D - APAC,Japan - Tokyo,0,2025-11-27T15:21:42Z,,https://jobs.lever.co/veeva/650505f0-9926-49e5-bbb0-8f90c44cc8ec,2026-08-05T03:08:05Z,2026-08-05T03:08:05Z
lever,6cfbf709-9c88-467a-9b33-fb989e996e59,Veeva,Account Partner - R&D,R&D - APAC,China - Shanghai,0,2026-05-22T14:47:08Z,,https://jobs.lever.co/veeva/6cfbf709-9c88-467a-9b33-fb989e996e59,2026-08-05T03:08:05Z,2026-08-05T03:08:05Z
lever,705893f2-dc83-490f-95cb-8839cc2ccfbe,Veeva,Account Partner - R&D,R&D - NA,North Carolina - Raleigh,1,2025-09-12T16:48:06Z,,https://jobs.lever.co/veeva/705893f2-dc83-490f-95cb-8839cc2ccfbe,2026-08-05T03:08:05Z,2026-08-05T03:08:05Z
lever,d0d89f98-9035-426e-8bac-fca5aac41533,Veeva,Account Partner - R&D,R&D - NA,Massachusetts - Boston,1,2024-07-15T14:35:43Z,,https://jobs.lever.co/veeva/d0d89f98-9035-426e-8bac-fca5aac41533,2026-08-05T03:08:05Z,2026-08-05T03:08:05Z
lever,6552fb45-df98-4617-af15-8ef3a927fda7,Veeva,Account Partner - R&D and Quality,R&D - EU,Denmark - Copenhagen,1,2026-03-05T18:41:55Z,,https://jobs.lever.co/veeva/6552fb45-df98-4617-af15-8ef3a927fda7,2026-08-05T03:08:05Z,2026-08-05T03:08:05Z
lever,2a76872b-5aad-4bdf-b0a1-d7acb912fe57,Veeva,Account Partner - RTSM,R&D - EU,France - Paris,1,2026-03-02T20:11:32Z,,https://jobs.lever.co/veeva/2a76872b-5aad-4bdf-b0a1-d7acb912fe57,2026-08-05T03:08:05Z,2026-08-05T03:08:05Z
lever,6f68f5e8-fe9a-4eba-ae60-cd5855294413,Veeva,Account Partner - RTSM,R&D - EU,United Kingdom - London,1,2026-03-02T20:12:08Z,,https://jobs.lever.co/veeva/6f68f5e8-fe9a-4eba-ae60-cd5855294413,2026-08-05T03:08:05Z,2026-08-05T03:08:05Z
lever,ec3195d0-0b36-47ef-b915-218d9c20e816,Veeva,Account Partner - RTSM,R&D - EU,Germany - Berlin,1,2026-03-02T20:10:49Z,,https://jobs.lever.co/veeva/ec3195d0-0b36-47ef-b915-218d9c20e816,2026-08-05T03:08:05Z,2026-08-05T03:08:05Z
lever,b9b6541b-c3e4-45b5-b616-e48ae85f61c9,Veeva,Account Partner - Veeva Basics,R&D - NA,United States,1,2024-05-28T19:52:24Z,,https://jobs.lever.co/veeva/b9b6541b-c3e4-45b5-b616-e48ae85f61c9,2026-08-05T03:08:05Z,2026-08-05T03:08:05Z
lever,4c0518e7-be0c-4951-a185-b2cd77d778e5,Veeva,Account Partner - Veeva Basics (Existing Customers),R&D - EU,United Kingdom - London,1,2026-05-13T14:11:32Z,,https://jobs.lever.co/veeva/4c0518e7-be0c-4951-a185-b2cd77d778e5,2026-08-05T03:08:05Z,2026-08-05T03:08:05Z
lever,57ca1b52-6f42-4e6b-863e-db78bda3171d,Veeva,Account Partner - Veeva Basics (Existing Customers),R&D - EU,United Kingdom - Cambridge,1,2026-07-28T14:52:18Z,,https://jobs.lever.co/veeva/57ca1b52-6f42-4e6b-863e-db78bda3171d,2026-08-05T03:08:05Z,2026-08-05T03:08:05Z
lever,3f1170c3-998b-4ab2-b6fc-9faf4edf82c5,Veeva,Account Partner - Veeva Commercial Basics,Commercial - NA,Massachusetts - Boston,1,2025-09-30T20:32:47Z,,https://jobs.lever.co/veeva/3f1170c3-998b-4ab2-b6fc-9faf4edf82c5,2026-08-05T03:08:05Z,2026-08-05T03:08:05Z
lever,7197b6f6-4f5d-400e-900c-5b0d9b8a0d4f,Veeva,Account Partner - Veeva Commercial Basics,Commercial - NA,Massachusetts - Boston,1,2025-09-30T20:07:06Z,,https://jobs.lever.co/veeva/7197b6f6-4f5d-400e-900c-5b0d9b8a0d4f,2026-08-05T03:08:05Z,2026-08-05T03:08:05Z
lever,91d98757-413c-4b77-82ef-fce26c4ae500,Veeva,Account Partner (Development Cloud) - Medical Device & Diagnostics,R&D - EU,France - Paris,1,2026-06-22T15:29:05Z,,https://jobs.lever.co/veeva/91d98757-413c-4b77-82ef-fce26c4ae500,2026-08-05T03:08:05Z,2026-08-05T03:08:05Z
lever,bd25fa26-0de8-496c-98a4-38101dfeadb1,Veeva,AI Consultant - Pharmacovigilance/Safety Systems Implementation,DevCloud Services - NA,Massachusetts - Boston,1,2026-07-29T20:00:39Z,,https://jobs.lever.co/veeva/bd25fa26-0de8-496c-98a4-38101dfeadb1,2026-08-05T03:08:05Z,2026-08-05T03:08:05Z
lever,75768d72-de7a-41a5-892b-855c953657c2,Veeva,Analyst - Computer Software Validation,Professional Services,Croatia - Zagreb,1,2023-05-12T13:15:43Z,,https://jobs.lever.co/veeva/75768d72-de7a-41a5-892b-855c953657c2,2026-08-05T03:08:05Z,2026-08-05T03:08:05Z
lever,c232aa51-25de-4d8b-b827-2ed41be52a76,Veeva,Application Security Architect,Quality & Security & Compliance - EU,United Kingdom - Oxford,1,2023-01-04T18:03:57Z,,https://jobs.lever.co/veeva/c232aa51-25de-4d8b-b827-2ed41be52a76,2026-08-05T03:08:05Z,2026-08-05T03:08:05Z
lever,03d552dd-20ea-4eaa-b20b-d76b24298559,Veeva,Architect - Vault CRM,Commercial Services - EU,Italy - Milan,1,2026-05-21T21:49:54Z,,https://jobs.lever.co/veeva/03d552dd-20ea-4eaa-b20b-d76b24298559,2026-08-05T03:08:05Z,2026-08-05T03:08:05Z
lever,42da351a-6c25-4b40-b8f9-fcd84c8261a9,Veeva,Architect - Vault CRM,Commercial Services - EU,Spain - Barcelona,1,2026-05-21T21:51:05Z,,https://jobs.lever.co/veeva/42da351a-6c25-4b40-b8f9-fcd84c8261a9,2026-08-05T03:08:05Z,2026-08-05T03:08:05Z
lever,8000a4a5-cabe-4380-9a33-80dacd17d243,Veeva,Architect - Vault CRM,Commercial Services - EU,France - Paris,1,2026-05-21T21:51:40Z,,https://jobs.lever.co/veeva/8000a4a5-cabe-4380-9a33-80dacd17d243,2026-08-05T03:08:05Z,2026-08-05T03:08:05Z
lever,ab718d45-16fc-42b9-bc36-e343f6e475df,Veeva,Associate - Media Data Operations,Crossix - NA,New York - New York City,0,2026-02-23T19:12:44Z,,https://jobs.lever.co/veeva/ab718d45-16fc-42b9-bc36-e343f6e475df,2026-08-05T03:08:05Z,2026-08-05T03:08:05Z
lever,01f50775-b6c7-421a-a58e-98fcafea0969,Veeva,Associate Business Consultant - Life Sciences Analytics,806-G&A ES Corp,Massachusetts - Boston,0,2021-12-07T19:54:53Z,,https://jobs.lever.co/veeva/01f50775-b6c7-421a-a58e-98fcafea0969,2026-08-05T03:08:05Z,2026-08-05T03:08:05Z
lever,b14068b5-8213-48d1-a266-2e55816ec909,Veeva,Associate Business Consultant - Life Sciences Analytics,806-G&A ES Corp,United Kingdom - London,1,2025-09-03T21:57:28Z,,https://jobs.lever.co/veeva/b14068b5-8213-48d1-a266-2e55816ec909,2026-08-05T03:08:05Z,2026-08-05T03:08:05Z
lever,e0911cd8-1ed8-4313-89ac-05034096a634,Veeva,Associate Business Consultant - Life Sciences Analytics,806-G&A ES Corp,Spain - Barcelona,1,2025-09-03T21:49:26Z,,https://jobs.lever.co/veeva/e0911cd8-1ed8-4313-89ac-05034096a634,2026-08-05T03:08:05Z,2026-08-05T03:08:05Z
lever,ede654e5-8458-4cbc-8ec4-b7b768de168b,Veeva,Associate Business Consultant - Life Sciences Analytics,806-G&A ES Corp,New York - New York City,0,2021-12-07T19:54:27Z,,https://jobs.lever.co/veeva/ede654e5-8458-4cbc-8ec4-b7b768de168b,2026-08-05T03:08:05Z,2026-08-05T03:08:05Z
lever,0392eb72-82ab-4a42-836a-2ea1b0d28532,Veeva,Associate Business Consultant - Life Sciences Commercial,806-G&A ES Corp,Spain - Barcelona,1,2025-01-17T17:06:23Z,,https://jobs.lever.co/veeva/0392eb72-82ab-4a42-836a-2ea1b0d28532,2026-08-05T03:08:05Z,2026-08-05T03:08:05Z
lever,0ec0164a-0b51-4b0b-943d-5179801e62c5,Veeva,Associate Business Consultant - Life Sciences Commercial,806-G&A ES Corp,Germany - Berlin,1,2021-11-04T08:22:32Z,,https://jobs.lever.co/veeva/0ec0164a-0b51-4b0b-943d-5179801e62c5,2026-08-05T03:08:05Z,2026-08-05T03:08:05Z
lever,4e9844d3-e91e-429e-8b6c-d88798420d90,Veeva,Associate Business Consultant - Life Sciences Commercial,806-G&A ES Corp,New York - New York City,0,2021-03-11T22:23:34Z,,https://jobs.lever.co/veeva/4e9844d3-e91e-429e-8b6c-d88798420d90,2026-08-05T03:08:05Z,2026-08-05T03:08:05Z
lever,5e6488c6-7c7a-4065-bfb1-0a5bfb3078fc,Veeva,Associate Business Consultant - Life Sciences Commercial,806-G&A ES Corp,United Kingdom - London,1,2021-03-19T13:37:49Z,,https://jobs.lever.co/veeva/5e6488c6-7c7a-4065-bfb1-0a5bfb3078fc,2026-08-05T03:08:05Z,2026-08-05T03:08:05Z
lever,aa55b232-d2a1-406c-b429-ac45e40489c1,Veeva,Associate Business Consultant - Life Sciences Commercial,806-G&A ES Corp,France - Paris,1,2026-07-29T21:15:18Z,,https://jobs.lever.co/veeva/aa55b232-d2a1-406c-b429-ac45e40489c1,2026-08-05T03:08:05Z,2026-08-05T03:08:05Z
lever,d981eaf9-c5a7-416f-8da9-606802337fbe,Veeva,Associate Business Consultant - Life Sciences Commercial,806-G&A ES Corp,Germany - Frankfurt,1,2022-12-08T18:14:23Z,,https://jobs.lever.co/veeva/d981eaf9-c5a7-416f-8da9-606802337fbe,2026-08-05T03:08:05Z,2026-08-05T03:08:05Z
lever,fa4e1d5e-4595-4456-bd82-3b7c584a8c60,Veeva,Associate Business Consultant - Life Sciences Commercial,806-G&A ES Corp,Massachusetts - Boston,0,2021-10-12T20:34:44Z,,https://jobs.lever.co/veeva/fa4e1d5e-4595-4456-bd82-3b7c584a8c60,2026-08-05T03:08:05Z,2026-08-05T03:08:05Z
lever,24a57ccc-7c5c-49fd-8eaa-42fa7a3eb035,Veeva,Associate Business Consultant - Life Sciences Content,806-G&A ES Corp,Spain - Barcelona,1,2021-11-19T11:53:14Z,,https://jobs.lever.co/veeva/24a57ccc-7c5c-49fd-8eaa-42fa7a3eb035,2026-08-05T03:08:05Z,2026-08-05T03:08:05Z
lever,658d6a33-4778-446c-8cc7-d85b4c4478c1,Veeva,Associate Business Consultant - Life Sciences Content,806-G&A ES Corp,New York - New York City,0,2022-07-26T20:42:48Z,,https://jobs.lever.co/veeva/658d6a33-4778-446c-8cc7-d85b4c4478c1,2026-08-05T03:08:05Z,2026-08-05T03:08:05Z
lever,efc44d6c-016e-4831-aad2-24e2512ede78,Veeva,Associate Business Consultant - Life Sciences Content,806-G&A ES Corp,United Kingdom - London,1,2023-07-20T21:45:35Z,,https://jobs.lever.co/veeva/efc44d6c-016e-4831-aad2-24e2512ede78,2026-08-05T03:08:05Z,2026-08-05T03:08:05Z
lever,fd335822-2a8a-47db-aba7-0c4e5f955c03,Veeva,Associate Business Consultant - Life Sciences Content,806-G&A ES Corp,Massachusetts - Boston,0,2022-07-26T20:45:37Z,,https://jobs.lever.co/veeva/fd335822-2a8a-47db-aba7-0c4e5f955c03,2026-08-05T03:08:05Z,2026-08-05T03:08:05Z
lever,182e0952-d247-4e17-a2a2-c6e13a582e7e,Veeva,Associate Business Consultant - Life Sciences Quality,806-G&A ES Corp,Germany - Berlin,1,2022-07-27T21:36:25Z,,https://jobs.lever.co/veeva/182e0952-d247-4e17-a2a2-c6e13a582e7e,2026-08-05T03:08:05Z,2026-08-05T03:08:05Z
lever,5bac53ea-bf57-4730-aeb2-d0414268c688,Veeva,Associate Business Consultant - Life Sciences Quality,806-G&A ES Corp,United Kingdom - London,1,2026-07-20T23:03:37Z,,https://jobs.lever.co/veeva/5bac53ea-bf57-4730-aeb2-d0414268c688,2026-08-05T03:08:05Z,2026-08-05T03:08:05Z
lever,8b2d24b0-96ac-4993-9d50-164088be76d6,Veeva,Associate Business Consultant - Life Sciences Quality,806-G&A ES Corp,Germany - Frankfurt,1,2026-07-20T22:57:03Z,,https://jobs.lever.co/veeva/8b2d24b0-96ac-4993-9d50-164088be76d6,2026-08-05T03:08:05Z,2026-08-05T03:08:05Z
lever,c2faa2ed-c732-4c14-aa37-87d626fd1aee,Veeva,Associate Business Consultant - Life Sciences Quality,806-G&A ES Corp,Spain - Barcelona,1,2022-07-27T21:31:58Z,,https://jobs.lever.co/veeva/c2faa2ed-c732-4c14-aa37-87d626fd1aee,2026-08-05T03:08:05Z,2026-08-05T03:08:05Z
lever,e7b55e7c-64c6-412f-9e74-132443768beb,Veeva,Associate Business Consultant - Life Sciences Quality,806-G&A ES Corp,Massachusetts - Boston,0,2023-07-21T14:45:19Z,,https://jobs.lever.co/veeva/e7b55e7c-64c6-412f-9e74-132443768beb,2026-08-05T03:08:05Z,2026-08-05T03:08:05Z
lever,ff058e1b-91b6-44b0-8ecd-be56445e987c,Veeva,Associate Business Consultant - Life Sciences Quality,806-G&A ES Corp,New York - New York City,0,2026-07-20T23:08:40Z,,https://jobs.lever.co/veeva/ff058e1b-91b6-44b0-8ecd-be56445e987c,2026-08-05T03:08:05Z,2026-08-05T03:08:05Z
lever,24f12053-4af5-4d86-9329-4ed47dcbd6f4,Veeva,Associate Business Consultant - Life Sciences R&D,806-G&A ES Corp,Massachusetts - Boston,0,2026-07-20T23:08:45Z,,https://jobs.lever.co/veeva/24f12053-4af5-4d86-9329-4ed47dcbd6f4,2026-08-05T03:08:05Z,2026-08-05T03:08:05Z
lever,2aea50f3-0bd6-44b8-a3e7-22b0dc187cd8,Veeva,Associate Business Consultant - Life Sciences R&D,806-G&A ES Corp,New York - New York City,0,2023-07-21T14:40:42Z,,https://jobs.lever.co/veeva/2aea50f3-0bd6-44b8-a3e7-22b0dc187cd8,2026-08-05T03:08:05Z,2026-08-05T03:08:05Z
lever,4fba9835-9392-4a8b-8446-264d3badcde3,Veeva,Associate Business Consultant - Life Sciences R&D,806-G&A ES Corp,Spain - Barcelona,1,2026-07-20T23:05:31Z,,https://jobs.lever.co/veeva/4fba9835-9392-4a8b-8446-264d3badcde3,2026-08-05T03:08:05Z,2026-08-05T03:08:05Z
lever,56a3b0a7-4430-41a1-a049-04ec67056c80,Veeva,Associate Business Consultant - Life Sciences R&D,806-G&A ES Corp,France - Paris,1,2026-07-29T21:17:57Z,,https://jobs.lever.co/veeva/56a3b0a7-4430-41a1-a049-04ec67056c80,2026-08-05T03:08:05Z,2026-08-05T03:08:05Z
lever,df9dcdee-d2af-4ccf-aa5c-fd7615a891bd,Veeva,Associate Business Consultant - Life Sciences R&D,806-G&A ES Corp,Germany - Frankfurt,1,2025-08-29T20:44:06Z,,https://jobs.lever.co/veeva/df9dcdee-d2af-4ccf-aa5c-fd7615a891bd,2026-08-05T03:08:05Z,2026-08-05T03:08:05Z
lever,e64b1b6b-a8e2-42cc-9ed1-9c780d2aafdd,Veeva,Associate Business Consultant - Life Sciences R&D,806-G&A ES Corp,United Kingdom - London,1,2022-07-27T21:28:44Z,,https://jobs.lever.co/veeva/e64b1b6b-a8e2-42cc-9ed1-9c780d2aafdd,2026-08-05T03:08:05Z,2026-08-05T03:08:05Z
lever,e2ba2520-f47c-4ff3-bac7-5ce6fa553c9c,Veeva,Associate Consultant,Generation Veeva - APAC,Japan - Tokyo,0,2020-04-20T14:02:25Z,,https://jobs.lever.co/veeva/e2ba2520-f47c-4ff3-bac7-5ce6fa553c9c,2026-08-05T03:08:05Z,2026-08-05T03:08:05Z
lever,fc8f764d-387f-460e-9d41-778c4f2e947f,Veeva,Associate Consultant,Generation Veeva - APAC,China - Shanghai,0,2025-11-28T15:09:09Z,,https://jobs.lever.co/veeva/fc8f764d-387f-460e-9d41-778c4f2e947f,2026-08-05T03:08:05Z,2026-08-05T03:08:05Z
lever,1584186a-ba9d-4827-9ecb-e7caec98d966,Veeva,Associate Consultant - Entry-Level Technology Consulting (Life Sciences),806-G&A ES Corp,New York - New York City,0,2019-05-18T00:00:00Z,,https://jobs.lever.co/veeva/1584186a-ba9d-4827-9ecb-e7caec98d966,2026-08-05T03:08:05Z,2026-08-05T03:08:05Z
lever,bf283bc3-6990-4b10-9005-cd685fc778de,Veeva,Associate Consultant - Entry-Level Technology Consulting (Life Sciences),806-G&A ES Corp,Massachusetts - Boston,0,2021-10-08T14:10:45Z,,https://jobs.lever.co/veeva/bf283bc3-6990-4b10-9005-cd685fc778de,2026-08-05T03:08:05Z,2026-08-05T03:08:05Z
lever,fefcf570-9a35-49f8-83ba-bdb0723cba71,Veeva,Associate Consultant - Entry-Level Technology Consulting (Life Sciences),806-G&A ES Corp,Wisconsin - Madison,0,2025-08-19T17:51:02Z,,https://jobs.lever.co/veeva/fefcf570-9a35-49f8-83ba-bdb0723cba71,2026-08-05T03:08:05Z,2026-08-05T03:08:05Z
lever,876642c1-f063-492e-aab4-16d650b9da33,Veeva,Associate Consultant (Germany) - Entry-Level Technology Consulting (Life Sciences),806-G&A ES Corp,Germany - Berlin,0,2021-01-12T14:23:20Z,,https://jobs.lever.co/veeva/876642c1-f063-492e-aab4-16d650b9da33,2026-08-05T03:08:05Z,2026-08-05T03:08:05Z
lever,d07a89ac-a962-47ee-abb2-78ffe7aa5f4c,Veeva,Associate Consultant (Germany) - Entry-Level Technology Consulting (Life Sciences),806-G&A ES Corp,Germany - Frankfurt,0,2022-12-21T21:52:10Z,,https://jobs.lever.co/veeva/d07a89ac-a962-47ee-abb2-78ffe7aa5f4c,2026-08-05T03:08:05Z,2026-08-05T03:08:05Z
lever,063e192f-f529-45c0-a1c3-1b7e571d55f3,Veeva,Associate Consultant (Hungary) - Entry-Level Technology Consulting (Life Sciences),806-G&A ES Corp,Hungary - Budapest,0,2019-05-18T00:00:00Z,,https://jobs.lever.co/veeva/063e192f-f529-45c0-a1c3-1b7e571d55f3,2026-08-05T03:08:05Z,2026-08-05T03:08:05Z
lever,12699530-1d1e-4b90-b9ba-bd7870948356,Veeva,Associate Consultant (Poland) - Entry-Level Technology Consulting (Life Sciences),806-G&A ES Corp,Poland - Warsaw,0,2022-06-22T13:43:15Z,,https://jobs.lever.co/veeva/12699530-1d1e-4b90-b9ba-bd7870948356,2026-08-05T03:08:05Z,2026-08-05T03:08:05Z
lever,68e54108-77f6-4295-8f2b-55ca79a1745b,Veeva,Associate Consultant (Spain) - Entry-Level Technology Consulting (Life Sciences),806-G&A ES Corp,Spain - Barcelona,0,2019-05-18T00:00:00Z,,https://jobs.lever.co/veeva/68e54108-77f6-4295-8f2b-55ca79a1745b,2026-08-05T03:08:05Z,2026-08-05T03:08:05Z
lever,093ee100-dfc8-4dc4-9a44-469eb2b1bd48,Veeva,Associate Consultant (UK) - Entry-Level Technology Consulting (Life Sciences),806-G&A ES Corp,United Kingdom - London,0,2022-11-09T14:12:02Z,,https://jobs.lever.co/veeva/093ee100-dfc8-4dc4-9a44-469eb2b1bd48,2026-08-05T03:08:05Z,2026-08-05T03:08:05Z
lever,29776ea2-6621-4c03-8fdc-80d3ce9436d4,Veeva,Associate Director - Link Strategy,Commercial - NA,Massachusetts - Boston,1,2025-10-08T21:36:26Z,,https://jobs.lever.co/veeva/29776ea2-6621-4c03-8fdc-80d3ce9436d4,2026-08-05T03:08:05Z,2026-08-05T03:08:05Z
lever,e0eab73c-cf35-41b5-b36b-7018ab789924,Veeva,Associate Director - Link Strategy,Commercial - NA,Massachusetts - Boston,1,2025-10-08T21:39:06Z,,https://jobs.lever.co/veeva/e0eab73c-cf35-41b5-b36b-7018ab789924,2026-08-05T03:08:05Z,2026-08-05T03:08:05Z
lever,eb3ece12-5ec9-4b0d-82c5-4b59ba5b1416,Veeva,Associate Director - Link Strategy,Commercial - NA,New York - New York City,1,2025-10-08T21:38:31Z,,https://jobs.lever.co/veeva/eb3ece12-5ec9-4b0d-82c5-4b59ba5b1416,2026-08-05T03:08:05Z,2026-08-05T03:08:05Z
lever,60d7394d-cac7-40ed-9480-c6e8626a9bf0,Veeva,Associate Director Field Marketing - Quality Cloud,Field Marketing,Massachusetts - Boston,1,2025-05-12T15:16:22Z,,https://jobs.lever.co/veeva/60d7394d-cac7-40ed-9480-c6e8626a9bf0,2026-08-05T03:08:05Z,2026-08-05T03:08:05Z
lever,176b9625-b25c-46bd-9553-4d54a5000487,Veeva,Associate Field Marketing Manager / Manager,Field Marketing,United Kingdom - London,1,2026-04-17T18:28:52Z,,https://jobs.lever.co/veeva/176b9625-b25c-46bd-9553-4d54a5000487,2026-08-05T03:08:05Z,2026-08-05T03:08:05Z
lever,68a87dd1-eef2-441a-908f-439e80603080,Veeva,Associate Field Marketing Manager / Manager,Field Marketing,Germany - Berlin,1,2026-04-17T18:30:23Z,,https://jobs.lever.co/veeva/68a87dd1-eef2-441a-908f-439e80603080,2026-08-05T03:08:05Z,2026-08-05T03:08:05Z
lever,75f3de8a-a34f-4469-bd89-2c1511fdd614,Veeva,Associate Field Marketing Manager / Manager,Field Marketing,Spain - Barcelona,1,2026-04-17T18:31:25Z,,https://jobs.lever.co/veeva/75f3de8a-a34f-4469-bd89-2c1511fdd614,2026-08-05T03:08:05Z,2026-08-05T03:08:05Z
lever,b29bb44c-d399-4cdd-ab1b-5fe117f14d75,Veeva,Associate Lead - OpenData,Data Operations - EU,Spain - Barcelona,1,2026-05-13T17:53:10Z,,https://jobs.lever.co/veeva/b29bb44c-d399-4cdd-ab1b-5fe117f14d75,2026-08-05T03:08:05Z,2026-08-05T03:08:05Z
lever,b43b456e-c1e9-49e4-8240-9b8fe9aa79c2,Veeva,Associate Lead - OpenData,Data Operations - EU,Portugal - Lisbon,1,2025-04-14T18:17:17Z,,https://jobs.lever.co/veeva/b43b456e-c1e9-49e4-8240-9b8fe9aa79c2,2026-08-05T03:08:05Z,2026-08-05T03:08:05Z
lever,93e724ec-15a7-438f-9b3e-5a372ad2b656,Veeva,Associate Lead - OpenData Clinical (Remote),Data Operations - EU,Portugal - Lisbon,1,2025-12-18T18:49:03Z,,https://jobs.lever.co/veeva/93e724ec-15a7-438f-9b3e-5a372ad2b656,2026-08-05T03:08:05Z,2026-08-05T03:08:05Z
lever,4b5d8265-1a6a-4861-8671-4403bca704de,Veeva,Associate Manager - RTSM Project Management,Professional Services,Massachusetts - Boston,1,2025-08-06T16:40:54Z,,https://jobs.lever.co/veeva/4b5d8265-1a6a-4861-8671-4403bca704de,2026-08-05T03:08:05Z,2026-08-05T03:08:05Z
lever,f93df5c6-7b1f-4aa5-9f16-96a904302c3b,Veeva,Associate Product Manager - Network MDM,Product Management & Alliances - NA,Canada - Toronto,0,2026-05-27T16:51:08Z,,https://jobs.lever.co/veeva/f93df5c6-7b1f-4aa5-9f16-96a904302c3b,2026-08-05T03:08:05Z,2026-08-05T03:08:05Z
lever,551b6963-1d68-4952-8dce-99950b658c72,Veeva,Associate Product Manager - Vault CRM Suite,Product Management & Alliances - NA,California - Pleasanton,1,2026-04-27T18:45:40Z,,https://jobs.lever.co/veeva/551b6963-1d68-4952-8dce-99950b658c72,2026-08-05T03:08:05Z,2026-08-05T03:08:05Z
lever,6bcc8228-5b43-43e5-b96b-d62679b8c64a,Veeva,Associate Product Manager - Vault CRM Suite,Product Management & Alliances - NA,Massachusetts - Boston,1,2026-04-27T18:51:42Z,,https://jobs.lever.co/veeva/6bcc8228-5b43-43e5-b96b-d62679b8c64a,2026-08-05T03:08:05Z,2026-08-05T03:08:05Z
lever,9a6eaa9b-0d86-4fd7-a687-17e70add8961,Veeva,Associate Product Manager - Vault CRM Suite,Product Management & Alliances - NA,Massachusetts - Boston,1,2026-04-27T18:52:20Z,,https://jobs.lever.co/veeva/9a6eaa9b-0d86-4fd7-a687-17e70add8961,2026-08-05T03:08:05Z,2026-08-05T03:08:05Z
lever,26300f4d-67c1-453e-8dd2-0ab5610c1124,Veeva,Associate Product Manager - Vault Medical Connections,Product Management & Alliances - NA,Canada - Toronto,1,2026-07-24T15:34:19Z,,https://jobs.lever.co/veeva/26300f4d-67c1-453e-8dd2-0ab5610c1124,2026-08-05T03:08:05Z,2026-08-05T03:08:05Z
lever,2d7cdfa5-613c-4311-89c9-d673fad1aabc,Veeva,Associate Product Manager - Vault Medical Connections,Product Management & Alliances - NA,Massachusetts - Boston,1,2026-07-24T15:31:52Z,,https://jobs.lever.co/veeva/2d7cdfa5-613c-4311-89c9-d673fad1aabc,2026-08-05T03:08:05Z,2026-08-05T03:08:05Z
lever,d23160b9-84ca-449c-97e6-45acc014d09c,Veeva,Associate Product Manager - Vault Medical Connections,Product Management & Alliances - NA,Massachusetts - Boston,1,2026-07-24T15:32:49Z,,https://jobs.lever.co/veeva/d23160b9-84ca-449c-97e6-45acc014d09c,2026-08-05T03:08:05Z,2026-08-05T03:08:05Z
lever,90e4e761-8dce-407c-a8bb-73781cc8b0d0,Veeva,Associate Software Engineer - Release Engineer,QA & Release Engineering - APAC,India - Hyderabad,0,2026-02-19T20:45:14Z,,https://jobs.lever.co/veeva/90e4e761-8dce-407c-a8bb-73781cc8b0d0,2026-08-05T03:08:05Z,2026-08-05T03:08:05Z
lever,d0704c83-8c0f-4545-8a40-eb48bcfec299,Veeva,Associate Software Engineer - Test Automation,QA & Release Engineering - APAC,India - Hyderabad,0,2021-04-27T23:41:44Z,,https://jobs.lever.co/veeva/d0704c83-8c0f-4545-8a40-eb48bcfec299,2026-08-05T03:08:05Z,2026-08-05T03:08:05Z
lever,026b7ed5-d247-4b64-974f-b90d8940584b,Veeva,Associate Software Engineer - Test Automation (Infra),QA & Release Engineering - APAC,India - Hyderabad,0,2026-02-19T20:43:33Z,,https://jobs.lever.co/veeva/026b7ed5-d247-4b64-974f-b90d8940584b,2026-08-05T03:08:05Z,2026-08-05T03:08:05Z
lever,0893f708-83d9-4a62-8011-5223ec3d373b,Veeva,Associate Technical Consultant - Entry-Level Consulting (Life Sciences),806-G&A ES Corp,Massachusetts - Boston,0,2026-03-24T18:23:30Z,,https://jobs.lever.co/veeva/0893f708-83d9-4a62-8011-5223ec3d373b,2026-08-05T03:08:05Z,2026-08-05T03:08:05Z
lever,2f1ed4cd-5999-47a0-8c06-38898fed4711,Veeva,Associate Technical Consultant - Entry-Level Consulting (Life Sciences),806-G&A ES Corp,New York - New York City,0,2026-03-24T18:14:03Z,,https://jobs.lever.co/veeva/2f1ed4cd-5999-47a0-8c06-38898fed4711,2026-08-05T03:08:05Z,2026-08-05T03:08:05Z
lever,7accd619-65f9-45c2-9ee3-e258081e1ee9,Veeva,Associate Technical Consultant - Entry-Level Consulting (Life Sciences),806-G&A ES Corp,Wisconsin - Madison,0,2026-03-24T18:26:08Z,,https://jobs.lever.co/veeva/7accd619-65f9-45c2-9ee3-e258081e1ee9,2026-08-05T03:08:05Z,2026-08-05T03:08:05Z
lever,7af7a2cf-707c-4791-bb3d-9b7e6ff81903,Veeva,Associate Technical Consultant (Germany) - Entry-Level Consulting (Life Sciences),806-G&A ES Corp,Germany - Frankfurt,0,2026-03-24T18:56:40Z,,https://jobs.lever.co/veeva/7af7a2cf-707c-4791-bb3d-9b7e6ff81903,2026-08-05T03:08:05Z,2026-08-05T03:08:05Z
lever,e9ce0011-8df8-4d86-aeaf-658ba48122be,Veeva,Associate Technical Consultant (Germany) - Entry-Level Consulting (Life Sciences),806-G&A ES Corp,Germany - Berlin,0,2026-03-24T18:54:15Z,,https://jobs.lever.co/veeva/e9ce0011-8df8-4d86-aeaf-658ba48122be,2026-08-05T03:08:05Z,2026-08-05T03:08:05Z
lever,8246954a-2959-4eaa-9c71-ca2b4411d94e,Veeva,Associate Technical Consultant (Hungary) - Entry-Level Consulting (Life Sciences),806-G&A ES Corp,Hungary - Budapest,0,2026-03-24T19:00:33Z,,https://jobs.lever.co/veeva/8246954a-2959-4eaa-9c71-ca2b4411d94e,2026-08-05T03:08:05Z,2026-08-05T03:08:05Z
lever,6ff937b5-3d27-4401-8019-951d2ceaced6,Veeva,Associate Technical Consultant (Poland) - Entry-Level Consulting (Life Sciences),806-G&A ES Corp,Poland - Warsaw,0,2026-03-24T19:06:04Z,,https://jobs.lever.co/veeva/6ff937b5-3d27-4401-8019-951d2ceaced6,2026-08-05T03:08:05Z,2026-08-05T03:08:05Z
lever,d5fce9c2-7e36-47bb-aee1-93038979de93,Veeva,Associate Technical Consultant (Spain) - Entry-Level Consulting (Life Sciences),806-G&A ES Corp,Spain - Barcelona,0,2026-03-24T18:50:48Z,,https://jobs.lever.co/veeva/d5fce9c2-7e36-47bb-aee1-93038979de93,2026-08-05T03:08:05Z,2026-08-05T03:08:05Z
lever,eed4b1a3-13ae-4cf4-9bd9-5bc6a0d214a6,Veeva,Associate Technical Consultant (UK) - Entry-Level Consulting (Life Sciences),806-G&A ES Corp,United Kingdom - London,0,2026-03-24T18:34:02Z,,https://jobs.lever.co/veeva/eed4b1a3-13ae-4cf4-9bd9-5bc6a0d214a6,2026-08-05T03:08:05Z,2026-08-05T03:08:05Z
lever,8b5ce89e-5d8f-49b2-b9cb-1c89a01eee5d,Veeva,Business Consultant - Commercial,Commercial - NA,Massachusetts - Boston,1,2025-05-07T18:23:42Z,,https://jobs.lever.co/veeva/8b5ce89e-5d8f-49b2-b9cb-1c89a01eee5d,2026-08-05T03:08:05Z,2026-08-05T03:08:05Z
lever,87ebf160-f969-460f-9ab2-f6c12b02a97c,Veeva,Business Consultant - Commercial Content,Commercial - APAC,Japan - Tokyo,0,2024-01-17T14:20:34Z,,https://jobs.lever.co/veeva/87ebf160-f969-460f-9ab2-f6c12b02a97c,2026-08-05T03:08:05Z,2026-08-05T03:08:05Z
lever,2803a9e9-f1db-4729-bc59-9b0197be51b0,Veeva,Business Consultant - Global Analytics,Analytics - NA,New York - New York City,1,2026-02-11T19:55:05Z,,https://jobs.lever.co/veeva/2803a9e9-f1db-4729-bc59-9b0197be51b0,2026-08-05T03:08:05Z,2026-08-05T03:08:05Z
lever,65e37bec-ffb6-41ac-8370-bd2aa8513990,Veeva,Business Consultant - Global Analytics,Analytics - NA,Massachusetts - Boston,1,2026-02-11T19:50:12Z,,https://jobs.lever.co/veeva/65e37bec-ffb6-41ac-8370-bd2aa8513990,2026-08-05T03:08:05Z,2026-08-05T03:08:05Z
lever,e7a6f497-ac14-4d36-b923-2e8a94885470,Veeva,Business Consultant - Global Analytics,Analytics - NA,Illinois - Chicago,1,2026-02-11T19:54:44Z,,https://jobs.lever.co/veeva/e7a6f497-ac14-4d36-b923-2e8a94885470,2026-08-05T03:08:05Z,2026-08-05T03:08:05Z
lever,866893e2-ce34-40ca-9d81-5b787e73cf7f,Veeva,Business Consultant - Global Content,Content - NA,Massachusetts - Boston,1,2025-12-23T15:33:44Z,,https://jobs.lever.co/veeva/866893e2-ce34-40ca-9d81-5b787e73cf7f,2026-08-05T03:08:05Z,2026-08-05T03:08:05Z
lever,e408db51-636d-4bc7-a62b-1d0069152746,Veeva,Business Consultant - Life Sciences Quality,Quality - NA,Massachusetts - Boston,1,2024-04-12T14:47:50Z,,https://jobs.lever.co/veeva/e408db51-636d-4bc7-a62b-1d0069152746,2026-08-05T03:08:05Z,2026-08-05T03:08:05Z
lever,37488d45-7882-41b6-ba8a-d51d71bab1f2,Veeva,Business Consultant - Life Sciences R&D,R&D - NA,Massachusetts - Boston,1,2022-12-22T22:00:47Z,,https://jobs.lever.co/veeva/37488d45-7882-41b6-ba8a-d51d71bab1f2,2026-08-05T03:08:05Z,2026-08-05T03:08:05Z
lever,445e37ab-aabf-4c86-8b23-0e5d6c19ab39,Veeva,Business Consultant - Patient Analytics,Analytics - NA,North Carolina - Raleigh,1,2026-02-17T21:41:43Z,,https://jobs.lever.co/veeva/445e37ab-aabf-4c86-8b23-0e5d6c19ab39,2026-08-05T03:08:05Z,2026-08-05T03:08:05Z
lever,44be4bc4-cb38-4c80-80be-80f35f58f83b,Veeva,Business Consultant - Patient Analytics,Analytics - NA,Massachusetts - Boston,1,2026-02-17T21:42:38Z,,https://jobs.lever.co/veeva/44be4bc4-cb38-4c80-80be-80f35f58f83b,2026-08-05T03:08:05Z,2026-08-05T03:08:05Z
lever,98f72317-0136-4864-83b1-07f0392f57f2,Veeva,Business Consultant - Patient Analytics,Analytics - NA,Illinois - Chicago,1,2026-02-17T21:43:08Z,,https://jobs.lever.co/veeva/98f72317-0136-4864-83b1-07f0392f57f2,2026-08-05T03:08:05Z,2026-08-05T03:08:05Z
lever,cf85eb5b-4a2a-4082-b717-825a6ef0c549,Veeva,Clinical Compliance Operations Specialist,Quality & Security & Compliance - EU,Ireland - Dublin,1,2026-08-03T20:16:54Z,,https://jobs.lever.co/veeva/cf85eb5b-4a2a-4082-b717-825a6ef0c549,2026-08-05T03:08:05Z,2026-08-05T03:08:05Z
lever,fb9e0c42-6453-479e-b654-4b51ac8e23cb,Veeva,Clinical Compliance Operations Specialist,Quality & Security & Compliance - EU,United Kingdom - London,1,2026-08-03T20:18:16Z,,https://jobs.lever.co/veeva/fb9e0c42-6453-479e-b654-4b51ac8e23cb,2026-08-05T03:08:05Z,2026-08-05T03:08:05Z
lever,c627bf39-7e4a-4e29-8af4-55e97cac4087,Veeva,Clinical Operation Consultant - ANZ,Asia Services,Australia - Melbourne,0,2025-11-13T17:22:56Z,,https://jobs.lever.co/veeva/c627bf39-7e4a-4e29-8af4-55e97cac4087,2026-08-05T03:08:05Z,2026-08-05T03:08:05Z
lever,242155ac-c878-46b0-9b68-880a732cc6f8,Veeva,Clinical Research Support Specialist,Product Support - NA,Ohio - Columbus,1,2025-03-31T17:02:38Z,,https://jobs.lever.co/veeva/242155ac-c878-46b0-9b68-880a732cc6f8,2026-08-05T03:08:05Z,2026-08-05T03:08:05Z
lever,61bd2445-76bd-4936-aa29-d410017fc992,Veeva,Cloud CRM Consultant (Remote),Commercial Services - EU,Hungary - Budapest,1,2025-01-13T19:43:12Z,,https://jobs.lever.co/veeva/61bd2445-76bd-4936-aa29-d410017fc992,2026-08-05T03:08:05Z,2026-08-05T03:08:05Z
lever,62754193-9de8-4f2b-8c10-0a325ed40744,Veeva,Cloud Software Consultant (Remote),Commercial Services - EU,Hungary - Budapest,1,2025-01-13T19:54:33Z,,https://jobs.lever.co/veeva/62754193-9de8-4f2b-8c10-0a325ed40744,2026-08-05T03:08:05Z,2026-08-05T03:08:05Z
lever,0f7d1f1a-193d-4b68-8a03-3eca75067289,Veeva,Commercial Services CRM Manager,Commercial Services - NA,Pennsylvania - Philadelphia,1,2025-08-22T15:10:45Z,,https://jobs.lever.co/veeva/0f7d1f1a-193d-4b68-8a03-3eca75067289,2026-08-05T03:08:05Z,2026-08-05T03:08:05Z
lever,19c75828-57e2-46aa-bbdc-6e7d9f9b75e1,Veeva,Commercial Services CRM Manager,Commercial Services - NA,Massachusetts - Boston,1,2025-08-22T15:00:24Z,,https://jobs.lever.co/veeva/19c75828-57e2-46aa-bbdc-6e7d9f9b75e1,2026-08-05T03:08:05Z,2026-08-05T03:08:05Z
lever,77754c35-e9b1-4bd7-b43a-3ab54a5eade2,Veeva,Commercial Services CRM Manager,Commercial Services - NA,Massachusetts - Boston,1,2025-08-22T15:10:03Z,,https://jobs.lever.co/veeva/77754c35-e9b1-4bd7-b43a-3ab54a5eade2,2026-08-05T03:08:05Z,2026-08-05T03:08:05Z
lever,a3031ee7-d633-4a4f-880d-c680df7612d6,Veeva,Computer System Validation Lead / Program Manager,Quality & Security & Compliance - NA,Ohio - Columbus,1,2026-04-27T19:17:40Z,,https://jobs.lever.co/veeva/a3031ee7-d633-4a4f-880d-c680df7612d6,2026-08-05T03:08:05Z,2026-08-05T03:08:05Z
lever,b10334af-bb03-461f-901d-220a7efd8af2,Veeva,Computer System Validation Lead / Program Manager,Quality & Security & Compliance - NA,Massachusetts - Boston,1,2026-04-27T19:12:15Z,,https://jobs.lever.co/veeva/b10334af-bb03-461f-901d-220a7efd8af2,2026-08-05T03:08:05Z,2026-08-05T03:08:05Z
lever,fa4210e0-0882-4175-a18d-3ccf0e85486b,Veeva,Computer System Validation Lead / Program Manager,Quality & Security & Compliance - NA,California - San Francisco,1,2026-04-27T19:18:07Z,,https://jobs.lever.co/veeva/fa4210e0-0882-4175-a18d-3ccf0e85486b,2026-08-05T03:08:05Z,2026-08-05T03:08:05Z
lever,a3058d06-ade4-439b-a779-11651c40988c,Veeva,Configuration Consultant - RTSM,Professional Services,Croatia - Zagreb,1,2023-04-19T17:29:00Z,,https://jobs.lever.co/veeva/a3058d06-ade4-439b-a779-11651c40988c,2026-08-05T03:08:05Z,2026-08-05T03:08:05Z
lever,0190ba6a-68b2-4f02-93a1-aec97db4d6f1,Veeva,Consultant,Asia Services,India - Mumbai,1,2022-10-14T14:50:23Z,,https://jobs.lever.co/veeva/0190ba6a-68b2-4f02-93a1-aec97db4d6f1,2026-08-05T03:08:05Z,2026-08-05T03:08:05Z
lever,2c285d92-4862-440f-9487-8f9e2741e3c5,Veeva,Consultant - Clinical Operation Systems Implementation,Asia Services,China - Shanghai,0,2024-09-20T13:28:29Z,,https://jobs.lever.co/veeva/2c285d92-4862-440f-9487-8f9e2741e3c5,2026-08-05T03:08:05Z,2026-08-05T03:08:05Z
lever,0f52e799-425b-4e44-a459-36970f125a2e,Veeva,Consultant - Clinical Operations (Remote - Europe),DevCloud Services - EU,United Kingdom - London,1,2024-11-07T14:24:13Z,,https://jobs.lever.co/veeva/0f52e799-425b-4e44-a459-36970f125a2e,2026-08-05T03:08:05Z,2026-08-05T03:08:05Z
lever,6681d1a0-d900-4a37-bc04-64de76af6370,Veeva,Consultant - Clinical Operations (Remote - Europe),DevCloud Services - EU,Spain - Barcelona,1,2025-09-29T14:15:38Z,,https://jobs.lever.co/veeva/6681d1a0-d900-4a37-bc04-64de76af6370,2026-08-05T03:08:05Z,2026-08-05T03:08:05Z
lever,41d43bcf-8c9e-4062-867f-52a306e58e28,Veeva,Consultant - Commercial Content,Commercial Services - NA,New York - New York City,1,2025-08-28T15:08:22Z,,https://jobs.lever.co/veeva/41d43bcf-8c9e-4062-867f-52a306e58e28,2026-08-05T03:08:05Z,2026-08-05T03:08:05Z
lever,dfd6f854-7ced-411b-87ec-58ea1f3b8a61,Veeva,Consultant - Commercial Content,Commercial Services - NA,Wisconsin - Madison,1,2025-08-28T15:09:19Z,,https://jobs.lever.co/veeva/dfd6f854-7ced-411b-87ec-58ea1f3b8a61,2026-08-05T03:08:05Z,2026-08-05T03:08:05Z
lever,eaadffd2-d3e4-4787-9665-8d5719efc902,Veeva,Consultant - Commercial Content,Commercial Services - NA,California - San Francisco,1,2025-08-28T15:05:48Z,,https://jobs.lever.co/veeva/eaadffd2-d3e4-4787-9665-8d5719efc902,2026-08-05T03:08:05Z,2026-08-05T03:08:05Z
lever,5478ae11-0ec2-4c0f-9a01-3ed195dc4e1b,Veeva,Consultant - Commercial Strategy,Commercial - APAC,Japan - Tokyo,1,2021-08-17T13:47:37Z,,https://jobs.lever.co/veeva/5478ae11-0ec2-4c0f-9a01-3ed195dc4e1b,2026-08-05T03:08:05Z,2026-08-05T03:08:05Z
lever,7c69592f-a6ab-410e-b037-b9b0f4d04a66,Veeva,Consultant - Commercial Strategy,Commercial - APAC,Japan - Osaka,1,2021-08-17T13:48:15Z,,https://jobs.lever.co/veeva/7c69592f-a6ab-410e-b037-b9b0f4d04a66,2026-08-05T03:08:05Z,2026-08-05T03:08:05Z
lever,52b6fb10-0a47-43b0-a6d8-5e1e97b07c2e,Veeva,Consultant - Congress Event,Digital Events,Massachusetts - Boston,1,2026-07-30T18:22:16Z,,https://jobs.lever.co/veeva/52b6fb10-0a47-43b0-a6d8-5e1e97b07c2e,2026-08-05T03:08:05Z,2026-08-05T03:08:05Z
lever,ef7cf4a6-2a18-4d79-8e59-645369ebf2b5,Veeva,Consultant - Congress Event,Digital Events,Pennsylvania - Philadelphia,1,2026-07-30T18:23:16Z,,https://jobs.lever.co/veeva/ef7cf4a6-2a18-4d79-8e59-645369ebf2b5,2026-08-05T03:08:05Z,2026-08-05T03:08:05Z
lever,1a2def4d-2cbe-4b18-a4fd-a111ca1d8226,Veeva,Consultant - Integration,Professional Services,North Carolina - Raleigh,1,2026-01-07T18:22:13Z,,https://jobs.lever.co/veeva/1a2def4d-2cbe-4b18-a4fd-a111ca1d8226,2026-08-05T03:08:05Z,2026-08-05T03:08:05Z
lever,58e9d18f-0bd3-4170-8a2c-48e6a7272ee1,Veeva,Consultant - Integration,Professional Services,Massachusetts - Boston,1,2026-01-07T18:09:28Z,,https://jobs.lever.co/veeva/58e9d18f-0bd3-4170-8a2c-48e6a7272ee1,2026-08-05T03:08:05Z,2026-08-05T03:08:05Z
lever,8b80e85f-5c25-48a4-b5ba-f6d35bf63a6e,Veeva,Consultant - Integration,Professional Services,Wisconsin - Madison,1,2026-01-07T18:21:40Z,,https://jobs.lever.co/veeva/8b80e85f-5c25-48a4-b5ba-f6d35bf63a6e,2026-08-05T03:08:05Z,2026-08-05T03:08:05Z
lever,152408ea-8ab1-428a-9fe9-589c461d382d,Veeva,Consultant - LIMS,Quality Cloud Services - NA,North Carolina - Raleigh,1,2025-10-03T15:59:29Z,,https://jobs.lever.co/veeva/152408ea-8ab1-428a-9fe9-589c461d382d,2026-08-05T03:08:05Z,2026-08-05T03:08:05Z
lever,4520bd58-4ede-48e7-9efa-a4bea6739a98,Veeva,Consultant - LIMS,Quality Cloud Services - NA,Pennsylvania - Philadelphia,1,2025-10-03T15:58:00Z,,https://jobs.lever.co/veeva/4520bd58-4ede-48e7-9efa-a4bea6739a98,2026-08-05T03:08:05Z,2026-08-05T03:08:05Z
lever,4e2d8b45-8ff2-43b6-bbda-f24d8d07cd61,Veeva,Consultant - LIMS,Quality Cloud Services - NA,Massachusetts - Boston,1,2025-04-29T18:05:23Z,,https://jobs.lever.co/veeva/4e2d8b45-8ff2-43b6-bbda-f24d8d07cd61,2026-08-05T03:08:05Z,2026-08-05T03:08:05Z
lever,b426325a-b22d-440e-92b7-0d5de96aafba,Veeva,Consultant - Managed Services,DevCloud Services - EU,Poland - Warsaw,1,2024-07-12T15:46:12Z,,https://jobs.lever.co/veeva/b426325a-b22d-440e-92b7-0d5de96aafba,2026-08-05T03:08:05Z,2026-08-05T03:08:05Z
lever,c8b43caf-cb8b-4275-a760-d41dc740314a,Veeva,Consultant - Managed Services,DevCloud Services - EU,Hungary - Budapest,1,2024-07-12T15:47:08Z,,https://jobs.lever.co/veeva/c8b43caf-cb8b-4275-a760-d41dc740314a,2026-08-05T03:08:05Z,2026-08-05T03:08:05Z
lever,a86e4bc1-bc57-4427-984a-a7993fc5b165,Veeva,Consultant - Nitro Services,Commercial Services - NA,Massachusetts - Boston,1,2025-04-29T17:10:04Z,,https://jobs.lever.co/veeva/a86e4bc1-bc57-4427-984a-a7993fc5b165,2026-08-05T03:08:05Z,2026-08-05T03:08:05Z
lever,36fe3d11-34fa-4d19-85bc-f0120adad1db,Veeva,Consultant - Pharmacovigilance/Safety Systems Implementation (Remote),DevCloud Services - NA,Massachusetts - Boston,1,2022-04-15T19:07:10Z,,https://jobs.lever.co/veeva/36fe3d11-34fa-4d19-85bc-f0120adad1db,2026-08-05T03:08:05Z,2026-08-05T03:08:05Z
lever,3f7f1842-5890-4923-b67d-b2f41d43fbe5,Veeva,Consultant - Quality Systems Implementation,Asia Services,China - Shanghai,0,2025-09-11T14:06:43Z,,https://jobs.lever.co/veeva/3f7f1842-5890-4923-b67d-b2f41d43fbe5,2026-08-05T03:08:05Z,2026-08-05T03:08:05Z
lever,8a843fea-f3a6-4209-902e-aa49fab86e7d,Veeva,Consultant - Quality Systems Implementation,Asia Services,China - Suzhou,0,2026-07-24T15:43:33Z,,https://jobs.lever.co/veeva/8a843fea-f3a6-4209-902e-aa49fab86e7d,2026-08-05T03:08:05Z,2026-08-05T03:08:05Z
lever,28b2aeae-19e8-45c6-be65-ebe65064dd92,Veeva,Consultant - Software Implementation (Remote),Commercial Services - NA,Wisconsin - Madison,1,2025-04-10T20:33:09Z,,https://jobs.lever.co/veeva/28b2aeae-19e8-45c6-be65-ebe65064dd92,2026-08-05T03:08:05Z,2026-08-05T03:08:05Z
lever,6a26fe7b-d865-4437-a53c-08803ad476d6,Veeva,Consultant - Software Implementation (Remote),Commercial Services - NA,North Carolina - Raleigh,1,2025-04-10T20:32:36Z,,https://jobs.lever.co/veeva/6a26fe7b-d865-4437-a53c-08803ad476d6,2026-08-05T03:08:05Z,2026-08-05T03:08:05Z
lever,b52c1c8b-e582-42cc-a411-ed7260419307,Veeva,Consultant - Software Implementation (Remote),Commercial Services - NA,Georgia - Atlanta,1,2025-04-10T15:11:48Z,,https://jobs.lever.co/veeva/b52c1c8b-e582-42cc-a411-ed7260419307,2026-08-05T03:08:05Z,2026-08-05T03:08:05Z
lever,7b1e5bc7-5c79-46e5-8936-e61a2a1101a4,Veeva,Consultant - Technical Services,Asia Services,China - Dalian,0,2026-05-22T14:40:39Z,,https://jobs.lever.co/veeva/7b1e5bc7-5c79-46e5-8936-e61a2a1101a4,2026-08-05T03:08:05Z,2026-08-05T03:08:05Z
lever,631ec627-5699-4f0f-b9b6-133b3cc49dcf,Veeva,Consultant - Vault Safety,Asia Services,India - Hyderabad,1,2024-08-28T15:04:19Z,,https://jobs.lever.co/veeva/631ec627-5699-4f0f-b9b6-133b3cc49dcf,2026-08-05T03:08:05Z,2026-08-05T03:08:05Z
lever,9b4b4f1b-87bc-42e9-9eec-feb9e259b073,Veeva,Consultant - Veeva Align,Commercial Services - EU,Spain - Barcelona,1,2025-11-14T17:26:31Z,,https://jobs.lever.co/veeva/9b4b4f1b-87bc-42e9-9eec-feb9e259b073,2026-08-05T03:08:05Z,2026-08-05T03:08:05Z
lever,d59ee070-c3cb-4ed9-b498-103ef105583c,Veeva,Consultant - Veeva Align,Commercial Services - EU,United Kingdom - London,1,2025-11-14T17:23:44Z,,https://jobs.lever.co/veeva/d59ee070-c3cb-4ed9-b498-103ef105583c,2026-08-05T03:08:05Z,2026-08-05T03:08:05Z
lever,e28d1855-f9de-4015-a72d-3be2bf627a95,Veeva,Consultant - Veeva Align,Commercial Services - EU,Germany - Berlin,1,2025-11-14T17:25:39Z,,https://jobs.lever.co/veeva/e28d1855-f9de-4015-a72d-3be2bf627a95,2026-08-05T03:08:05Z,2026-08-05T03:08:05Z
lever,125017b3-2faa-456c-9617-7fa1d1468048,Veeva,Consultant - Veeva Clinical Operations - Managed Services (Remote),DevCloud Services - EU,Poland - Warsaw,1,2022-07-14T10:22:37Z,,https://jobs.lever.co/veeva/125017b3-2faa-456c-9617-7fa1d1468048,2026-08-05T03:08:05Z,2026-08-05T03:08:05Z
lever,b126cb12-f7f8-4ee6-a700-a34d2bc70e3a,Veeva,Consultant - Veeva Clinical Operations - Managed Services (Remote),DevCloud Services - EU,Hungary - Budapest,1,2022-07-14T10:22:06Z,,https://jobs.lever.co/veeva/b126cb12-f7f8-4ee6-a700-a34d2bc70e3a,2026-08-05T03:08:05Z,2026-08-05T03:08:05Z
lever,116debdf-d271-439c-9061-38bf208b4d6c,Veeva,Consultant - Veeva PromoMats,Commercial Services - EU,Spain - Barcelona,1,2025-03-17T18:09:28Z,,https://jobs.lever.co/veeva/116debdf-d271-439c-9061-38bf208b4d6c,2026-08-05T03:08:05Z,2026-08-05T03:08:05Z
lever,6b1a04c5-8b7f-49f0-881f-0a7bcd24d4ba,Veeva,Consultant - Veeva PromoMats,Commercial Services - EU,France - Paris,1,2025-02-24T16:20:35Z,,https://jobs.lever.co/veeva/6b1a04c5-8b7f-49f0-881f-0a7bcd24d4ba,2026-08-05T03:08:05Z,2026-08-05T03:08:05Z
lever,8180b843-09c6-415c-b12a-b96e9861c6c7,Veeva,Consultant - Veeva PromoMats,Commercial Services - EU,United Kingdom - London,1,2025-02-24T15:55:14Z,,https://jobs.lever.co/veeva/8180b843-09c6-415c-b12a-b96e9861c6c7,2026-08-05T03:08:05Z,2026-08-05T03:08:05Z
lever,9dab58b3-6248-4207-bff9-b183438bbbfc,Veeva,Consultant - Veeva PromoMats,Commercial Services - EU,Germany - Berlin,1,2025-02-24T16:19:03Z,,https://jobs.lever.co/veeva/9dab58b3-6248-4207-bff9-b183438bbbfc,2026-08-05T03:08:05Z,2026-08-05T03:08:05Z
lever,0edf65f6-962d-4084-8889-de9aea98472f,Veeva,Consultant - Veeva RIM - Managed Services (Remote),DevCloud Services - EU,Hungary - Budapest,1,2022-07-14T08:46:02Z,,https://jobs.lever.co/veeva/0edf65f6-962d-4084-8889-de9aea98472f,2026-08-05T03:08:05Z,2026-08-05T03:08:05Z
lever,b78af6df-435b-4344-a7d5-d3ff1361e8a6,Veeva,Consultant - Veeva RIM - Managed Services (Remote),DevCloud Services - EU,Poland - Warsaw,1,2022-07-14T08:47:25Z,,https://jobs.lever.co/veeva/b78af6df-435b-4344-a7d5-d3ff1361e8a6,2026-08-05T03:08:05Z,2026-08-05T03:08:05Z
lever,7d73096c-52c2-4709-8c2a-c3cd58752a0c,Veeva,Consultant - Veeva RIM Professional Services,Asia Services,India - Hyderabad,1,2026-04-14T17:42:51Z,,https://jobs.lever.co/veeva/7d73096c-52c2-4709-8c2a-c3cd58752a0c,2026-08-05T03:08:05Z,2026-08-05T03:08:05Z
lever,9eeffa35-2b05-4e85-a6ab-3e82958443b7,Veeva,Consultant - Veeva RIM Professional Services,Asia Services,India - Mumbai,1,2026-04-14T17:43:40Z,,https://jobs.lever.co/veeva/9eeffa35-2b05-4e85-a6ab-3e82958443b7,2026-08-05T03:08:05Z,2026-08-05T03:08:05Z
lever,f13d1f63-b448-4018-b664-f91068a6032c,Veeva,Consultant - Veeva RIM Professional Services,Asia Services,India - Bengaluru,1,2026-04-15T15:48:50Z,,https://jobs.lever.co/veeva/f13d1f63-b448-4018-b664-f91068a6032c,2026-08-05T03:08:05Z,2026-08-05T03:08:05Z
lever,5d05f879-152c-4baa-ba99-89daab86b847,Veeva,Consultant - Veeva Safety - Managed Services (Remote),DevCloud Services - EU,Poland - Warsaw,1,2022-11-04T13:47:05Z,,https://jobs.lever.co/veeva/5d05f879-152c-4baa-ba99-89daab86b847,2026-08-05T03:08:05Z,2026-08-05T03:08:05Z
lever,80637ba4-a524-44fa-9c9c-d2c295d5ed09,Veeva,Consultant - Veeva Safety - Managed Services (Remote),Asia Services,India - Hyderabad,1,2025-09-17T18:32:16Z,,https://jobs.lever.co/veeva/80637ba4-a524-44fa-9c9c-d2c295d5ed09,2026-08-05T03:08:05Z,2026-08-05T03:08:05Z
lever,e7a73735-0901-4a8e-b3d1-84862e416eb9,Veeva,Consultant - Veeva Safety - Managed Services (Remote),DevCloud Services - EU,Hungary - Budapest,1,2022-11-04T13:52:01Z,,https://jobs.lever.co/veeva/e7a73735-0901-4a8e-b3d1-84862e416eb9,2026-08-05T03:08:05Z,2026-08-05T03:08:05Z
lever,0526de64-e490-4120-8950-6d322ad4039d,Veeva,Content Application Consultant (Remote),Commercial Services - EU,Hungary - Budapest,1,2025-01-13T20:57:16Z,,https://jobs.lever.co/veeva/0526de64-e490-4120-8950-6d322ad4039d,2026-08-05T03:08:05Z,2026-08-05T03:08:05Z
lever,2e8674cc-6c9c-4564-aa21-4d205b9b349a,Veeva,Content Marketing - Manager / Senior Manager,Marketing Shared Services,Massachusetts - Boston,1,2026-04-23T13:46:26Z,,https://jobs.lever.co/veeva/2e8674cc-6c9c-4564-aa21-4d205b9b349a,2026-08-05T03:08:05Z,2026-08-05T03:08:05Z
lever,8f15dceb-3827-4f41-99d5-53d77b4f550c,Veeva,Content Marketing - Manager / Senior Manager,Marketing Shared Services,New York - New York City,1,2026-04-23T13:42:00Z,,https://jobs.lever.co/veeva/8f15dceb-3827-4f41-99d5-53d77b4f550c,2026-08-05T03:08:05Z,2026-08-05T03:08:05Z
lever,b4ab82a5-0554-4a44-b8f2-b96a1776199e,Veeva,Content Marketing - Manager / Senior Manager,Marketing Shared Services,Massachusetts - Boston,1,2026-04-23T13:45:49Z,,https://jobs.lever.co/veeva/b4ab82a5-0554-4a44-b8f2-b96a1776199e,2026-08-05T03:08:05Z,2026-08-05T03:08:05Z
lever,44a1979b-d77f-4cc7-afbb-f1362c588475,Veeva,Content Writer,Marketing Shared Services,United Kingdom - London,1,2026-07-08T22:01:52Z,,https://jobs.lever.co/veeva/44a1979b-d77f-4cc7-afbb-f1362c588475,2026-08-05T03:08:05Z,2026-08-05T03:08:05Z
lever,a4bfdad9-02b7-4d96-81ba-a3972e139000,Veeva,Content Writer,Marketing Shared Services,Spain - Barcelona,1,2026-07-08T22:03:34Z,,https://jobs.lever.co/veeva/a4bfdad9-02b7-4d96-81ba-a3972e139000,2026-08-05T03:08:05Z,2026-08-05T03:08:05Z
lever,0020c992-90e5-4fe2-a92f-ee1fca24d8ef,Veeva,Coordinator - Program/Event  (East Coast),Digital Events,New Jersey - Lyndhurst,0,2025-10-03T14:23:20Z,,https://jobs.lever.co/veeva/0020c992-90e5-4fe2-a92f-ee1fca24d8ef,2026-08-05T03:08:05Z,2026-08-05T03:08:05Z
lever,76f8e476-0474-4219-a147-d4aafa3923c5,Veeva,Coordinator - Program/Event  (West Coast),Digital Events,Idaho - Boise,1,2025-10-03T14:15:51Z,,https://jobs.lever.co/veeva/76f8e476-0474-4219-a147-d4aafa3923c5,2026-08-05T03:08:05Z,2026-08-05T03:08:05Z
lever,62191d27-c0cd-43f5-afff-73ec0ae49fe9,Veeva,Corporate Tax Manager,Finance & Accounting - NA,Ohio - Columbus,1,2026-06-08T16:52:44Z,,https://jobs.lever.co/veeva/62191d27-c0cd-43f5-afff-73ec0ae49fe9,2026-08-05T03:08:05Z,2026-08-05T03:08:05Z
lever,da811181-224b-488e-8e70-2e7286c4940f,Veeva,Corporate Tax Manager,Finance & Accounting - NA,United States,1,2026-06-08T16:54:27Z,,https://jobs.lever.co/veeva/da811181-224b-488e-8e70-2e7286c4940f,2026-08-05T03:08:05Z,2026-08-05T03:08:05Z
lever,30fca1cd-e8a8-4697-94ed-52af230e6565,Veeva,Customer Marketing Manager,Marketing Shared Services,Massachusetts - Boston,1,2026-06-26T19:18:00Z,,https://jobs.lever.co/veeva/30fca1cd-e8a8-4697-94ed-52af230e6565,2026-08-05T03:08:05Z,2026-08-05T03:08:05Z
lever,557c53eb-fab9-4ac1-9f12-650f5eceab5f,Veeva,Customer Marketing Manager,Marketing Shared Services,Pennsylvania - Philadelphia,1,2026-06-26T19:19:27Z,,https://jobs.lever.co/veeva/557c53eb-fab9-4ac1-9f12-650f5eceab5f,2026-08-05T03:08:05Z,2026-08-05T03:08:05Z
lever,b74d0923-d814-4b77-8d72-b11da20d8a93,Veeva,Customer Marketing Manager,Marketing Shared Services,New York - New York City,1,2026-06-26T19:18:54Z,,https://jobs.lever.co/veeva/b74d0923-d814-4b77-8d72-b11da20d8a93,2026-08-05T03:08:05Z,2026-08-05T03:08:05Z
lever,32ae55c2-b5a3-4c99-96b5-d57af223628d,Veeva,Customer Success Associate - RTSM,Professional Services,Croatia - Zagreb,1,2023-04-19T18:05:08Z,,https://jobs.lever.co/veeva/32ae55c2-b5a3-4c99-96b5-d57af223628d,2026-08-05T03:08:05Z,2026-08-05T03:08:05Z
lever,80e60cdb-b94e-4712-9e23-7ee8503ffdf3,Veeva,Customer Success Manager - CRM Suite,Product Management & Alliances - APAC,Japan - Tokyo,0,2026-03-12T14:11:22Z,,https://jobs.lever.co/veeva/80e60cdb-b94e-4712-9e23-7ee8503ffdf3,2026-08-05T03:08:05Z,2026-08-05T03:08:05Z
lever,e7bc87a0-2b65-4cfa-ae3f-6c85581271a9,Veeva,Customer Success Manager - CRM Suite,Product Management & Alliances - APAC,Japan - Osaka,0,2026-03-12T14:14:31Z,,https://jobs.lever.co/veeva/e7bc87a0-2b65-4cfa-ae3f-6c85581271a9,2026-08-05T03:08:05Z,2026-08-05T03:08:05Z
lever,83c64282-ccdd-455f-a0e7-87fe3b633bc2,Veeva,Customer Success Manager - Quality,Product Management & Alliances - EU,United Kingdom - London,1,2026-05-13T22:06:51Z,,https://jobs.lever.co/veeva/83c64282-ccdd-455f-a0e7-87fe3b633bc2,2026-08-05T03:08:05Z,2026-08-05T03:08:05Z
lever,85bb3c0f-0a39-4dbd-bdcd-3ebe4242dfbb,Veeva,Customer Success Manager - Quality,Product Management & Alliances - EU,Germany - Berlin,1,2026-05-13T22:08:00Z,,https://jobs.lever.co/veeva/85bb3c0f-0a39-4dbd-bdcd-3ebe4242dfbb,2026-08-05T03:08:05Z,2026-08-05T03:08:05Z
lever,90f49c93-6f2a-45d9-93f4-0fd494f97c57,Veeva,Customer Success Manager - Quality,Product Management & Alliances - EU,Ireland - Dublin,1,2026-06-17T17:10:43Z,,https://jobs.lever.co/veeva/90f49c93-6f2a-45d9-93f4-0fd494f97c57,2026-08-05T03:08:05Z,2026-08-05T03:08:05Z
lever,6517ca0c-cac9-4ed7-b7ea-77f984787f52,Veeva,Customer Success Manager - Quality - Korea,Product Management & Alliances - APAC,South Korea - Seoul,0,2026-02-27T16:23:41Z,,https://jobs.lever.co/veeva/6517ca0c-cac9-4ed7-b7ea-77f984787f52,2026-08-05T03:08:05Z,2026-08-05T03:08:05Z
lever,d11e2dae-731e-4cd1-b817-a3de76ab4eb9,Veeva,Data Analyst,Data Operations - EU,Portugal - Lisbon,1,2025-03-28T17:20:41Z,,https://jobs.lever.co/veeva/d11e2dae-731e-4cd1-b817-a3de76ab4eb9,2026-08-05T03:08:05Z,2026-08-05T03:08:05Z
lever,dea506d7-fa40-4d8a-b80d-a64df2964c74,Veeva,Data Analyst,Data Operations - EU,Spain - Barcelona,1,2025-03-28T17:27:00Z,,https://jobs.lever.co/veeva/dea506d7-fa40-4d8a-b80d-a64df2964c74,2026-08-05T03:08:05Z,2026-08-05T03:08:05Z
lever,8e9a38ba-31b0-457e-9513-bce24420afbb,Veeva,Data Lead Link Key People,Product Management & Alliances - EU,United Kingdom - London,1,2026-03-07T16:15:54Z,,https://jobs.lever.co/veeva/8e9a38ba-31b0-457e-9513-bce24420afbb,2026-08-05T03:08:05Z,2026-08-05T03:08:05Z
lever,b20e401b-8622-40e4-8da5-6094f7164a33,Veeva,Data Lead Link Key People,Product Management & Alliances - EU,Germany - Berlin,1,2026-03-07T16:14:40Z,,https://jobs.lever.co/veeva/b20e401b-8622-40e4-8da5-6094f7164a33,2026-08-05T03:08:05Z,2026-08-05T03:08:05Z
lever,d2fad4ba-3fbd-4b80-a9d7-a7522c43b43c,Veeva,Data Lead Link Key People,Product Management & Alliances - EU,Sweden - Stockholm,1,2026-03-07T16:15:14Z,,https://jobs.lever.co/veeva/d2fad4ba-3fbd-4b80-a9d7-a7522c43b43c,2026-08-05T03:08:05Z,2026-08-05T03:08:05Z
lever,1d8c393a-a358-40fb-971a-9d90905be9bb,Veeva,Data Migration Consultant,Global Technical Services,Tennessee - Nashville,1,2022-07-07T17:52:38Z,,https://jobs.lever.co/veeva/1d8c393a-a358-40fb-971a-9d90905be9bb,2026-08-05T03:08:05Z,2026-08-05T03:08:05Z
lever,6ce96f00-ba0e-48c5-89e7-bc4a69098ae7,Veeva,Data Migration Consultant,Global Technical Services,Massachusetts - Boston,1,2023-01-06T16:39:18Z,,https://jobs.lever.co/veeva/6ce96f00-ba0e-48c5-89e7-bc4a69098ae7,2026-08-05T03:08:05Z,2026-08-05T03:08:05Z
lever,f33ac61d-b149-4137-b439-709be0aeb277,Veeva,Data Migration Consultant,Global Technical Services,Missouri - Kansas City,1,2026-03-03T21:17:22Z,,https://jobs.lever.co/veeva/f33ac61d-b149-4137-b439-709be0aeb277,2026-08-05T03:08:05Z,2026-08-05T03:08:05Z
lever,313b0f2c-df5d-4799-bc12-5ba94b214b11,Veeva,Data Operations Analyst,Data Operations - APAC,India - Mumbai,0,2026-06-04T14:54:20Z,,https://jobs.lever.co/veeva/313b0f2c-df5d-4799-bc12-5ba94b214b11,2026-08-05T03:08:05Z,2026-08-05T03:08:05Z
lever,64f9c3ae-4159-4049-8dd1-75dc4f8324ef,Veeva,Data Operations Hiring Lead - Link and OpenData,Data Operations - EU,Portugal - Lisbon,1,2026-03-02T15:42:42Z,,https://jobs.lever.co/veeva/64f9c3ae-4159-4049-8dd1-75dc4f8324ef,2026-08-05T03:08:05Z,2026-08-05T03:08:05Z
lever,4466824f-707e-4f08-b943-5c3c1ce4c2ce,Veeva,Data Operations Lead - OpenData (Remote),Data Operations - EU,Portugal - Lisbon,1,2025-12-17T19:40:58Z,,https://jobs.lever.co/veeva/4466824f-707e-4f08-b943-5c3c1ce4c2ce,2026-08-05T03:08:05Z,2026-08-05T03:08:05Z
lever,f3e6e094-cd1e-4bbb-b923-08215e747df4,Veeva,Data Operations Lead - OpenData (Remote),Data Operations - EU,Spain - Barcelona,1,2025-12-17T19:41:48Z,,https://jobs.lever.co/veeva/f3e6e094-cd1e-4bbb-b923-08215e747df4,2026-08-05T03:08:05Z,2026-08-05T03:08:05Z
lever,08fd90c3-4e5f-4af5-92a3-5111261f9ec3,Veeva,Data Product Manager - OpenData Europe,Product Management & Alliances - EU,Spain - Barcelona,1,2026-04-16T14:45:55Z,,https://jobs.lever.co/veeva/08fd90c3-4e5f-4af5-92a3-5111261f9ec3,2026-08-05T03:08:05Z,2026-08-05T03:08:05Z
lever,47f23890-3f80-4cde-9877-08745db82116,Veeva,Data Product Manager - OpenData Europe,Product Management & Alliances - EU,Germany - Berlin,1,2026-04-16T14:43:23Z,,https://jobs.lever.co/veeva/47f23890-3f80-4cde-9877-08745db82116,2026-08-05T03:08:05Z,2026-08-05T03:08:05Z
lever,5e3b9f6a-3367-4cc7-9c16-9979c1c52402,Veeva,Data Product Manager - OpenData Europe,Product Management & Alliances - EU,United Kingdom - London,1,2026-04-16T14:24:20Z,,https://jobs.lever.co/veeva/5e3b9f6a-3367-4cc7-9c16-9979c1c52402,2026-08-05T03:08:05Z,2026-08-05T03:08:05Z
lever,4b13c6e1-3185-4b4e-8e90-9a5c4ef9919e,Veeva,Data Solution Consultant - Data Cloud,Data Operations - APAC,China - Shanghai,0,2026-03-24T14:20:55Z,,https://jobs.lever.co/veeva/4b13c6e1-3185-4b4e-8e90-9a5c4ef9919e,2026-08-05T03:08:05Z,2026-08-05T03:08:05Z
lever,e91c47e7-12b7-42e6-a289-ff8a7a05008c,Veeva,Data Steward,Data Operations - APAC,China - Dalian,0,2024-04-23T20:45:05Z,,https://jobs.lever.co/veeva/e91c47e7-12b7-42e6-a289-ff8a7a05008c,2026-08-05T03:08:05Z,2026-08-05T03:08:05Z
lever,1005af73-beb1-4ce6-b155-cfe516b3bfbb,Veeva,Director - Audience Data Partnerships,Crossix - NA,New York - New York City,1,2023-11-30T15:30:55Z,,https://jobs.lever.co/veeva/1005af73-beb1-4ce6-b155-cfe516b3bfbb,2026-08-05T03:08:05Z,2026-08-05T03:08:05Z
lever,0f0cff13-33f2-43f5-b3aa-909bf2326f96,Veeva,Director - Client Analytics Services,Crossix - NA,Pennsylvania - Philadelphia,0,2022-04-13T16:58:15Z,,https://jobs.lever.co/veeva/0f0cff13-33f2-43f5-b3aa-909bf2326f96,2026-08-05T03:08:05Z,2026-08-05T03:08:05Z
lever,365ff44c-8e0a-42b4-a117-27b409a77753,Veeva,Director - Client Analytics Services,Crossix - NA,Massachusetts - Boston,0,2022-04-13T16:57:38Z,,https://jobs.lever.co/veeva/365ff44c-8e0a-42b4-a117-27b409a77753,2026-08-05T03:08:05Z,2026-08-05T03:08:05Z
lever,530a3c84-2097-4947-8a00-806947f8c31c,Veeva,Director - Client Analytics Services,Crossix - NA,New York - New York City,0,2022-04-13T16:56:54Z,,https://jobs.lever.co/veeva/530a3c84-2097-4947-8a00-806947f8c31c,2026-08-05T03:08:05Z,2026-08-05T03:08:05Z
lever,6310b142-6490-43b9-a563-16912e9613e8,Veeva,Director - CTMS Strategy,R&D - NA,Massachusetts - Boston,1,2026-03-20T20:31:17Z,,https://jobs.lever.co/veeva/6310b142-6490-43b9-a563-16912e9613e8,2026-08-05T03:08:05Z,2026-08-05T03:08:05Z
lever,a01bdd4b-a92a-4f9e-9307-ee3ed397d68b,Veeva,Director - CTMS Strategy,R&D - NA,Massachusetts - Boston,1,2026-03-23T20:31:19Z,,https://jobs.lever.co/veeva/a01bdd4b-a92a-4f9e-9307-ee3ed397d68b,2026-08-05T03:08:05Z,2026-08-05T03:08:05Z
lever,aee63d23-a4df-4524-b35a-79951f0f3422,Veeva,Director - CTMS Strategy,R&D - NA,Pennsylvania - Philadelphia,1,2026-03-23T20:30:45Z,,https://jobs.lever.co/veeva/aee63d23-a4df-4524-b35a-79951f0f3422,2026-08-05T03:08:05Z,2026-08-05T03:08:05Z
lever,dd467854-e666-4592-886a-809f7c23d621,Veeva,Director - LIMS Strategy - China,Strategy - APAC,China - Shanghai,0,2026-05-18T22:31:08Z,,https://jobs.lever.co/veeva/dd467854-e666-4592-886a-809f7c23d621,2026-08-05T03:08:05Z,2026-08-05T03:08:05Z
lever,60dee690-248c-4635-8995-eb6061ff97b1,Veeva,Director - Medtech Strategy - China,Strategy - APAC,China - Beijing,0,2026-05-07T14:07:25Z,,https://jobs.lever.co/veeva/60dee690-248c-4635-8995-eb6061ff97b1,2026-08-05T03:08:05Z,2026-08-05T03:08:05Z
lever,a1f29411-82a0-43b3-abeb-4ad40ad89566,Veeva,Director - Medtech Strategy - China,Strategy - APAC,China - Shanghai,0,2026-05-07T14:05:06Z,,https://jobs.lever.co/veeva/a1f29411-82a0-43b3-abeb-4ad40ad89566,2026-08-05T03:08:05Z,2026-08-05T03:08:05Z
lever,4c0d2cda-9d98-4d0b-a443-8957d8259daa,Veeva,Director - QualityDocs Strategy,Quality - EU,Spain - Barcelona,1,2026-02-17T23:14:15Z,,https://jobs.lever.co/veeva/4c0d2cda-9d98-4d0b-a443-8957d8259daa,2026-08-05T03:08:05Z,2026-08-05T03:08:05Z
lever,8554db20-e835-4581-886a-18d9a14ada40,Veeva,Director - QualityDocs Strategy,Quality - NA,New York - New York City,1,2026-02-17T23:00:02Z,,https://jobs.lever.co/veeva/8554db20-e835-4581-886a-18d9a14ada40,2026-08-05T03:08:05Z,2026-08-05T03:08:05Z
lever,346720a4-9a5b-4eeb-861c-dd8af7a6c67c,Veeva,Director - Vault Medical Strategy,Commercial - NA,Massachusetts - Boston,1,2025-05-30T19:49:09Z,,https://jobs.lever.co/veeva/346720a4-9a5b-4eeb-861c-dd8af7a6c67c,2026-08-05T03:08:05Z,2026-08-05T03:08:05Z
lever,ea8703b6-7502-4a68-b674-a92da1cb12eb,Veeva,Director - Veeva Regulatory,R&D - NA,Massachusetts - Boston,1,2026-03-31T19:52:48Z,,https://jobs.lever.co/veeva/ea8703b6-7502-4a68-b674-a92da1cb12eb,2026-08-05T03:08:05Z,2026-08-05T03:08:05Z
lever,617e1869-71f9-4672-ba18-2d1252ab8bd7,Veeva,Director - Veeva Validation Management Strategy,Quality - NA,North Carolina - Raleigh,1,2026-02-24T15:45:09Z,,https://jobs.lever.co/veeva/617e1869-71f9-4672-ba18-2d1252ab8bd7,2026-08-05T03:08:05Z,2026-08-05T03:08:05Z
lever,a3ec3256-494d-4c7b-b624-dfce91470451,Veeva,Director - Veeva Validation Management Strategy,Quality - NA,California - San Francisco,1,2026-02-24T15:44:22Z,,https://jobs.lever.co/veeva/a3ec3256-494d-4c7b-b624-dfce91470451,2026-08-05T03:08:05Z,2026-08-05T03:08:05Z
lever,e52f1f0e-b783-454e-96d2-e50ac62ddcca,Veeva,Director - Veeva Validation Management Strategy,Quality - NA,Massachusetts - Boston,1,2026-02-24T15:41:25Z,,https://jobs.lever.co/veeva/e52f1f0e-b783-454e-96d2-e50ac62ddcca,2026-08-05T03:08:05Z,2026-08-05T03:08:05Z
lever,4380793e-b4aa-4770-a65b-8ae918a934f9,Veeva,Director of Sales - QualityOne North America,Quality - NA,Illinois - Chicago,1,2026-07-09T19:54:20Z,,https://jobs.lever.co/veeva/4380793e-b4aa-4770-a65b-8ae918a934f9,2026-08-05T03:08:05Z,2026-08-05T03:08:05Z
lever,7e585bb4-bb19-464f-9cc6-75e2f67ee483,Veeva,Director of Sales - QualityOne North America,Quality - NA,Massachusetts - Boston,1,2026-07-09T19:58:57Z,,https://jobs.lever.co/veeva/7e585bb4-bb19-464f-9cc6-75e2f67ee483,2026-08-05T03:08:05Z,2026-08-05T03:08:05Z
lever,3b6c81c4-a6c7-4ac3-a23d-e045b070cf15,Veeva,Director Product Management - Veeva RIM,Product Management & Alliances - NA,Massachusetts - Boston,1,2026-06-15T16:49:45Z,,https://jobs.lever.co/veeva/3b6c81c4-a6c7-4ac3-a23d-e045b070cf15,2026-08-05T03:08:05Z,2026-08-05T03:08:05Z
lever,bbabf398-2e0a-43f6-9f45-5ccfa408a6cd,Veeva,Director Product Management - Veeva RIM,Product Management & Alliances - NA,Pennsylvania - Radnor,1,2026-06-15T16:47:22Z,,https://jobs.lever.co/veeva/bbabf398-2e0a-43f6-9f45-5ccfa408a6cd,2026-08-05T03:08:05Z,2026-08-05T03:08:05Z
lever,c2c09bff-bd8e-4e73-a498-b756226ec5b0,Veeva,Director Product Management - Veeva RIM,Product Management & Alliances - NA,Canada - Toronto,1,2026-06-15T16:52:49Z,,https://jobs.lever.co/veeva/c2c09bff-bd8e-4e73-a498-b756226ec5b0,2026-08-05T03:08:05Z,2026-08-05T03:08:05Z
lever,092de314-52a0-4aaf-834f-01f2fd167bde,Veeva,Director Product Marketing - Clinical Operations,Product Marketing,Massachusetts - Boston,1,2026-06-19T17:46:35Z,,https://jobs.lever.co/veeva/092de314-52a0-4aaf-834f-01f2fd167bde,2026-08-05T03:08:05Z,2026-08-05T03:08:05Z
lever,3d990379-a2c4-4c9d-bfad-310cef2597a2,Veeva,Director/Senior Director - Content Strategy EU,Commercial - EU,United Kingdom - London,1,2026-06-08T22:13:42Z,,https://jobs.lever.co/veeva/3d990379-a2c4-4c9d-bfad-310cef2597a2,2026-08-05T03:08:05Z,2026-08-05T03:08:05Z
lever,46d6043f-376b-4b28-add6-2896f200d120,Veeva,Director/Senior Director - Content Strategy EU,Commercial - EU,Germany - Berlin,1,2026-06-08T22:14:30Z,,https://jobs.lever.co/veeva/46d6043f-376b-4b28-add6-2896f200d120,2026-08-05T03:08:05Z,2026-08-05T03:08:05Z
lever,53348be6-bf11-46f5-a301-85f450ceee6c,Veeva,Director/Senior Director - Content Strategy EU,Commercial - EU,Spain - Barcelona,1,2026-06-08T22:16:37Z,,https://jobs.lever.co/veeva/53348be6-bf11-46f5-a301-85f450ceee6c,2026-08-05T03:08:05Z,2026-08-05T03:08:05Z
lever,1b991cb3-9df2-4489-a017-97a0a8c97565,Veeva,Director/Senior Director - Strategy - Compass Payer,Compass - NA,New York - New York City,1,2026-06-22T20:51:09Z,,https://jobs.lever.co/veeva/1b991cb3-9df2-4489-a017-97a0a8c97565,2026-08-05T03:08:05Z,2026-08-05T03:08:05Z
lever,53f885d9-84d0-444c-8770-a4127ee96fad,Veeva,Director/Senior Director - Strategy - Compass Payer,Compass - NA,Massachusetts - Boston,1,2026-06-22T20:51:45Z,,https://jobs.lever.co/veeva/53f885d9-84d0-444c-8770-a4127ee96fad,2026-08-05T03:08:05Z,2026-08-05T03:08:05Z
lever,8ebc676a-4b20-4774-bed2-f504e21cb0ac,Veeva,Director/Senior Director - Strategy - Compass Payer,Compass - NA,Massachusetts - Boston,1,2026-06-22T20:19:31Z,,https://jobs.lever.co/veeva/8ebc676a-4b20-4774-bed2-f504e21cb0ac,2026-08-05T03:08:05Z,2026-08-05T03:08:05Z
lever,678e9b78-b4db-4e70-b6b7-5a516fc0ecde,Veeva,Employee Success Business Partner,Employee Success - NA,California - Pleasanton,1,2026-05-27T20:11:26Z,,https://jobs.lever.co/veeva/678e9b78-b4db-4e70-b6b7-5a516fc0ecde,2026-08-05T03:08:05Z,2026-08-05T03:08:05Z
lever,dd357193-822b-4a85-83e5-9c23bfcfdbfe,Veeva,Engagement Manager - Events Business Consulting,Events - NA,Massachusetts - Boston,1,2026-01-20T22:57:03Z,,https://jobs.lever.co/veeva/dd357193-822b-4a85-83e5-9c23bfcfdbfe,2026-08-05T03:08:05Z,2026-08-05T03:08:05Z
lever,dd5207f8-0f84-4c78-8050-695b60cdd8d9,Veeva,Engagement Manager - Global Analytics,Analytics - NA,Massachusetts - Boston,1,2024-10-30T18:52:19Z,,https://jobs.lever.co/veeva/dd5207f8-0f84-4c78-8050-695b60cdd8d9,2026-08-05T03:08:05Z,2026-08-05T03:08:05Z
lever,a2ca7141-c2ba-47c9-b66c-73f426ce8526,Veeva,Engagement Manager - Global Content,Content - NA,Massachusetts - Boston,1,2025-10-20T20:24:19Z,,https://jobs.lever.co/veeva/a2ca7141-c2ba-47c9-b66c-73f426ce8526,2026-08-05T03:08:05Z,2026-08-05T03:08:05Z
lever,6dfad2a1-6221-4b5b-8113-cb041b0f41d6,Veeva,Engagement Manager - Life Sciences Quality,Quality - NA,Massachusetts - Boston,1,2024-07-24T17:01:51Z,,https://jobs.lever.co/veeva/6dfad2a1-6221-4b5b-8113-cb041b0f41d6,2026-08-05T03:08:05Z,2026-08-05T03:08:05Z
lever,04e8ed79-e604-4f43-bd8b-dd785a546a99,Veeva,Engagement Manager - Life Sciences R&D,R&D - NA,Massachusetts - Boston,1,2024-06-20T18:43:55Z,,https://jobs.lever.co/veeva/04e8ed79-e604-4f43-bd8b-dd785a546a99,2026-08-05T03:08:05Z,2026-08-05T03:08:05Z
lever,26454c44-1266-4c5e-b685-91e7947376eb,Veeva,Engineering Manager - Test Automation,QA & Release Engineering - APAC,India - Hyderabad,0,2021-04-27T23:59:07Z,,https://jobs.lever.co/veeva/26454c44-1266-4c5e-b685-91e7947376eb,2026-08-05T03:08:05Z,2026-08-05T03:08:05Z
lever,46d490e6-d901-4aa5-ac29-5027dd6c8eb3,Veeva,Enterprise Account Partner - Commercial,Commercial - NA,New York - Manhattan,1,2024-04-04T16:21:39Z,,https://jobs.lever.co/veeva/46d490e6-d901-4aa5-ac29-5027dd6c8eb3,2026-08-05T03:08:05Z,2026-08-05T03:08:05Z
lever,add75adc-6702-4f69-90a0-e9c153b48e0b,Veeva,Enterprise Account Partner - Commercial,Commercial - NA,Pennsylvania - Philadelphia,1,2024-04-04T16:23:28Z,,https://jobs.lever.co/veeva/add75adc-6702-4f69-90a0-e9c153b48e0b,2026-08-05T03:08:05Z,2026-08-05T03:08:05Z
lever,9fd8066c-0f9e-4bfa-943b-cf2c7b3ada06,Veeva,Enterprise Account Partner - Veeva Development Cloud,R&D - NA,Massachusetts - Boston,1,2025-10-20T18:23:05Z,,https://jobs.lever.co/veeva/9fd8066c-0f9e-4bfa-943b-cf2c7b3ada06,2026-08-05T03:08:05Z,2026-08-05T03:08:05Z
lever,acfb8bea-bc61-4c8b-ae83-18e1816fdf62,Veeva,Enterprise Account Partner - Veeva Development Cloud,R&D - NA,Pennsylvania - Philadelphia,1,2025-10-20T20:41:15Z,,https://jobs.lever.co/veeva/acfb8bea-bc61-4c8b-ae83-18e1816fdf62,2026-08-05T03:08:05Z,2026-08-05T03:08:05Z
lever,ee45deb4-b8f6-4a00-b97b-9536b45c3ce3,Veeva,Enterprise Account Partner - Veeva Development Cloud,R&D - NA,New York - New York City,1,2025-10-20T20:38:53Z,,https://jobs.lever.co/veeva/ee45deb4-b8f6-4a00-b97b-9536b45c3ce3,2026-08-05T03:08:05Z,2026-08-05T03:08:05Z
lever,6cdbd061-122e-4ae7-b76e-ea61b70a194e,Veeva,Enterprise Account Partner - Veeva Quality Cloud,Quality - NA,Massachusetts - Boston,1,2025-12-11T22:12:14Z,,https://jobs.lever.co/veeva/6cdbd061-122e-4ae7-b76e-ea61b70a194e,2026-08-05T03:08:05Z,2026-08-05T03:08:05Z
lever,87bce35c-ad29-46c5-a66e-6a592b8ab115,Veeva,Enterprise Account Partner - Veeva Quality Cloud,Quality - NA,Massachusetts - Boston,1,2026-01-07T15:55:17Z,,https://jobs.lever.co/veeva/87bce35c-ad29-46c5-a66e-6a592b8ab115,2026-08-05T03:08:05Z,2026-08-05T03:08:05Z
lever,9b032d72-0f63-4881-99d4-29ec81c979bb,Veeva,Enterprise Account Partner - Veeva Quality Cloud,Quality - NA,Pennsylvania - Philadelphia,1,2026-01-07T15:54:02Z,,https://jobs.lever.co/veeva/9b032d72-0f63-4881-99d4-29ec81c979bb,2026-08-05T03:08:05Z,2026-08-05T03:08:05Z
lever,c82c55df-50cd-4548-a58f-83e11dc53934,Veeva,Enterprise Account Partner DACH,Commercial - EU,Switzerland - Zürich,1,2024-03-20T15:33:47Z,,https://jobs.lever.co/veeva/c82c55df-50cd-4548-a58f-83e11dc53934,2026-08-05T03:08:05Z,2026-08-05T03:08:05Z
lever,0ab76b37-a615-4e88-b983-39897b806b37,Veeva,Enterprise Strategy Leader - Clinical Data,R&D - NA,Pennsylvania - Philadelphia,1,2025-08-14T19:31:57Z,,https://jobs.lever.co/veeva/0ab76b37-a615-4e88-b983-39897b806b37,2026-08-05T03:08:05Z,2026-08-05T03:08:05Z
lever,1a098010-e13d-4bf7-8d51-5e63fe4e6869,Veeva,Enterprise Strategy Leader - Clinical Data,R&D - NA,Massachusetts - Boston,1,2025-08-14T19:32:33Z,,https://jobs.lever.co/veeva/1a098010-e13d-4bf7-8d51-5e63fe4e6869,2026-08-05T03:08:05Z,2026-08-05T03:08:05Z
lever,7fea7f1d-55da-4d5e-b8fb-35f2e60c5086,Veeva,Enterprise Strategy Leader - Clinical Data,R&D - NA,North Carolina - Raleigh,1,2025-08-14T19:29:52Z,,https://jobs.lever.co/veeva/7fea7f1d-55da-4d5e-b8fb-35f2e60c5086,2026-08-05T03:08:05Z,2026-08-05T03:08:05Z
lever,6664a473-72b8-449b-a7eb-456674429a1e,Veeva,Field Marketing - Associate Manager / Manager,Field Marketing,Massachusetts - Boston,1,2021-06-04T19:54:40Z,,https://jobs.lever.co/veeva/6664a473-72b8-449b-a7eb-456674429a1e,2026-08-05T03:08:05Z,2026-08-05T03:08:05Z
lever,86e1b928-00f4-4991-ad4c-b33e88d59d24,Veeva,Field Marketing - Associate Manager / Manager,Field Marketing,New York - New York City,1,2021-06-04T19:55:08Z,,https://jobs.lever.co/veeva/86e1b928-00f4-4991-ad4c-b33e88d59d24,2026-08-05T03:08:05Z,2026-08-05T03:08:05Z
lever,aed63780-d3ec-4191-bda6-34ed2bbf7793,Veeva,Field Marketing - Associate Manager / Manager,Field Marketing,Spain - Barcelona,1,2024-07-22T14:40:06Z,,https://jobs.lever.co/veeva/aed63780-d3ec-4191-bda6-34ed2bbf7793,2026-08-05T03:08:05Z,2026-08-05T03:08:05Z
lever,c857646a-6abe-47b1-93c3-94393587c1a9,Veeva,Field Marketing - Associate Manager / Manager,Field Marketing,United Kingdom - London,1,2024-07-22T14:39:04Z,,https://jobs.lever.co/veeva/c857646a-6abe-47b1-93c3-94393587c1a9,2026-08-05T03:08:05Z,2026-08-05T03:08:05Z
lever,ef8d1d4c-f09e-435d-b63e-896a11e4f7a9,Veeva,Field Marketing - Associate Manager / Manager,Field Marketing,Germany - Berlin,1,2024-07-22T14:39:43Z,,https://jobs.lever.co/veeva/ef8d1d4c-f09e-435d-b63e-896a11e4f7a9,2026-08-05T03:08:05Z,2026-08-05T03:08:05Z
lever,1aa9474a-2f91-4145-b610-1196b1c75da5,Veeva,Field Marketing - Manager,Field Marketing,Massachusetts - Boston,1,2021-10-08T16:03:49Z,,https://jobs.lever.co/veeva/1aa9474a-2f91-4145-b610-1196b1c75da5,2026-08-05T03:08:05Z,2026-08-05T03:08:05Z
lever,2e90e68f-6846-47ed-9527-12867c852c94,Veeva,Field Marketing - Manager / Senior Manager,Field Marketing,Germany - Berlin,1,2025-04-01T16:28:28Z,,https://jobs.lever.co/veeva/2e90e68f-6846-47ed-9527-12867c852c94,2026-08-05T03:08:05Z,2026-08-05T03:08:05Z
lever,865b2932-4e74-4e65-b71a-b2c7898a00d0,Veeva,Field Marketing - Manager / Senior Manager,Field Marketing,United Kingdom - London,1,2025-04-01T16:26:14Z,,https://jobs.lever.co/veeva/865b2932-4e74-4e65-b71a-b2c7898a00d0,2026-08-05T03:08:05Z,2026-08-05T03:08:05Z
lever,6394c142-05cf-4be4-91ed-ea635f7fa547,Veeva,Field Marketing - Senior Manager / Associate Director,Field Marketing,New Jersey - Newark,1,2023-02-24T18:09:33Z,,https://jobs.lever.co/veeva/6394c142-05cf-4be4-91ed-ea635f7fa547,2026-08-05T03:08:05Z,2026-08-05T03:08:05Z
lever,64f478ff-2bfe-4fe7-96a3-9de957b49487,Veeva,Field Marketing - Senior Manager / Associate Director,Field Marketing,Massachusetts - Boston,1,2026-02-03T16:12:40Z,,https://jobs.lever.co/veeva/64f478ff-2bfe-4fe7-96a3-9de957b49487,2026-08-05T03:08:05Z,2026-08-05T03:08:05Z
lever,abfdab96-b40d-4569-90f8-28d7377754fd,Veeva,Field Marketing - Senior Manager / Associate Director,Field Marketing,Ohio - Columbus,1,2026-02-03T16:11:42Z,,https://jobs.lever.co/veeva/abfdab96-b40d-4569-90f8-28d7377754fd,2026-08-05T03:08:05Z,2026-08-05T03:08:05Z
lever,32cfcecc-dd15-426e-9380-ca64b820e3d7,Veeva,Field Marketing Associate,Field Marketing,Missouri - Kansas City,1,2021-03-09T23:05:42Z,,https://jobs.lever.co/veeva/32cfcecc-dd15-426e-9380-ca64b820e3d7,2026-08-05T03:08:05Z,2026-08-05T03:08:05Z
lever,75114d56-e8e2-4635-91dc-1dfcee747c07,Veeva,Field Marketing Associate,Field Marketing,Massachusetts - Boston,1,2021-03-09T23:04:17Z,,https://jobs.lever.co/veeva/75114d56-e8e2-4635-91dc-1dfcee747c07,2026-08-05T03:08:05Z,2026-08-05T03:08:05Z
lever,14c6370a-6e67-4123-a822-b57372d34a7a,Veeva,Field Marketing Associate / Associate Manager,Field Marketing,United Kingdom - Manchester,1,2026-07-20T19:25:50Z,,https://jobs.lever.co/veeva/14c6370a-6e67-4123-a822-b57372d34a7a,2026-08-05T03:08:05Z,2026-08-05T03:08:05Z
lever,1de470dd-5e03-49e3-9025-2e77a22a3045,Veeva,Field Marketing Associate / Associate Manager,Field Marketing,Germany - Frankfurt,1,2026-01-16T18:48:43Z,,https://jobs.lever.co/veeva/1de470dd-5e03-49e3-9025-2e77a22a3045,2026-08-05T03:08:05Z,2026-08-05T03:08:05Z
lever,2a017180-3d47-4742-939a-ce959b88b46b,Veeva,Field Marketing Associate / Associate Manager,Field Marketing,Spain - Barcelona,1,2026-01-16T18:48:05Z,,https://jobs.lever.co/veeva/2a017180-3d47-4742-939a-ce959b88b46b,2026-08-05T03:08:05Z,2026-08-05T03:08:05Z
lever,85789b15-662d-48e7-b795-ed3cb31872bd,Veeva,Field Marketing Director,Field Marketing,Massachusetts - Boston,1,2021-03-09T23:10:22Z,,https://jobs.lever.co/veeva/85789b15-662d-48e7-b795-ed3cb31872bd,2026-08-05T03:08:05Z,2026-08-05T03:08:05Z
lever,3cb83c93-9798-4cc8-8d8e-e8664b7ead93,Veeva,Field Marketing Manager/Senior Manager,Field Marketing,Spain - Barcelona,1,2025-07-08T18:07:56Z,,https://jobs.lever.co/veeva/3cb83c93-9798-4cc8-8d8e-e8664b7ead93,2026-08-05T03:08:05Z,2026-08-05T03:08:05Z
lever,b7621a21-b062-4d87-868b-3b3de7952280,Veeva,Financial Analyst,Finance & Accounting - NA,New Jersey - Lyndhurst,0,2026-06-19T17:20:55Z,,https://jobs.lever.co/veeva/b7621a21-b062-4d87-868b-3b3de7952280,2026-08-05T03:08:05Z,2026-08-05T03:08:05Z
lever,23f7a166-8051-470b-80ad-c7e3879a33ea,Veeva,General Application,806-G&A ES Corp,Massachusetts - Boston,1,2020-04-09T20:04:56Z,,https://jobs.lever.co/veeva/23f7a166-8051-470b-80ad-c7e3879a33ea,2026-08-05T03:08:05Z,2026-08-05T03:08:05Z
lever,362b31bb-59bb-45ad-8c3f-9f21720e8efb,Veeva,General Manager - CMC,R&D - NA,Massachusetts - Boston,1,2026-07-10T16:56:04Z,,https://jobs.lever.co/veeva/362b31bb-59bb-45ad-8c3f-9f21720e8efb,2026-08-05T03:08:05Z,2026-08-05T03:08:05Z
lever,c7923967-6a98-47fb-b683-d641de3b5c1b,Veeva,GL Accountant - Asia,Finance & Accounting - APAC,China - Shanghai,0,2026-06-24T13:39:14Z,,https://jobs.lever.co/veeva/c7923967-6a98-47fb-b683-d641de3b5c1b,2026-08-05T03:08:05Z,2026-08-05T03:08:05Z
lever,5aa0612c-f6af-4293-98ec-e8b5f9e0475c,Veeva,GL Accountant - EMEA,Finance & Accounting - EU,Hungary - Budapest,1,2026-06-10T15:40:34Z,,https://jobs.lever.co/veeva/5aa0612c-f6af-4293-98ec-e8b5f9e0475c,2026-08-05T03:08:05Z,2026-08-05T03:08:05Z
lever,c6d0125e-53f2-47e2-8f96-9f1f767de306,Veeva,Global Network MDM Strategy Lead,Commercial - NA,Massachusetts - Boston,1,2026-03-10T17:31:11Z,,https://jobs.lever.co/veeva/c6d0125e-53f2-47e2-8f96-9f1f767de306,2026-08-05T03:08:05Z,2026-08-05T03:08:05Z
lever,2a9f83ec-3b4a-44f5-80da-df2a79eb7aae,Veeva,Global Program Manager - Commercial Life Sciences,Commercial Services - NA,Pennsylvania - Philadelphia,1,2025-05-30T16:10:47Z,,https://jobs.lever.co/veeva/2a9f83ec-3b4a-44f5-80da-df2a79eb7aae,2026-08-05T03:08:05Z,2026-08-05T03:08:05Z
lever,48c347a3-7267-429e-adac-1edfe1d60dbb,Veeva,Global Program Manager - Commercial Life Sciences,Commercial Services - EU,United Kingdom - London,1,2026-07-28T19:47:20Z,,https://jobs.lever.co/veeva/48c347a3-7267-429e-adac-1edfe1d60dbb,2026-08-05T03:08:05Z,2026-08-05T03:08:05Z
lever,763d4b2a-b172-4dd2-9b96-07bc185202d6,Veeva,Global Program Manager - Commercial Life Sciences,Commercial Services - EU,Spain - Barcelona,1,2026-07-28T19:48:35Z,,https://jobs.lever.co/veeva/763d4b2a-b172-4dd2-9b96-07bc185202d6,2026-08-05T03:08:05Z,2026-08-05T03:08:05Z
lever,83d00e28-115e-4b24-95c5-e8a29e0d2ceb,Veeva,Global Program Manager - Commercial Life Sciences,Commercial Services - NA,Massachusetts - Boston,1,2025-06-18T21:17:17Z,,https://jobs.lever.co/veeva/83d00e28-115e-4b24-95c5-e8a29e0d2ceb,2026-08-05T03:08:05Z,2026-08-05T03:08:05Z
lever,f75c17b4-150a-47eb-a9e2-9118d77a44a3,Veeva,Global Program Manager - Commercial Life Sciences,Commercial Services - EU,France - Paris,1,2026-07-28T19:46:27Z,,https://jobs.lever.co/veeva/f75c17b4-150a-47eb-a9e2-9118d77a44a3,2026-08-05T03:08:05Z,2026-08-05T03:08:05Z
lever,fb5a1fb6-5f31-4b19-8edd-247ccb8d4861,Veeva,Global Program Manager - Commercial Life Sciences,Commercial Services - NA,California - Los Angeles,1,2026-06-18T18:58:17Z,,https://jobs.lever.co/veeva/fb5a1fb6-5f31-4b19-8edd-247ccb8d4861,2026-08-05T03:08:05Z,2026-08-05T03:08:05Z
lever,28a9e2e9-1fc6-402d-ab68-95b8cb7257c1,Veeva,Global Program Manager - Development Cloud,DevCloud Services - EU,United Kingdom - London,1,2025-07-31T17:17:11Z,,https://jobs.lever.co/veeva/28a9e2e9-1fc6-402d-ab68-95b8cb7257c1,2026-08-05T03:08:05Z,2026-08-05T03:08:05Z
lever,a44e88be-90d3-4567-83ca-791204b0bf90,Veeva,Global Program Manager - Development Cloud,DevCloud Services - EU,Denmark - Copenhagen,1,2025-07-31T17:15:56Z,,https://jobs.lever.co/veeva/a44e88be-90d3-4567-83ca-791204b0bf90,2026-08-05T03:08:05Z,2026-08-05T03:08:05Z
lever,baa2587a-6bf3-4b5e-bd14-de2ff0c21565,Veeva,Global Program Manager - Development Cloud,DevCloud Services - EU,Germany - Frankfurt,1,2025-07-31T17:16:35Z,,https://jobs.lever.co/veeva/baa2587a-6bf3-4b5e-bd14-de2ff0c21565,2026-08-05T03:08:05Z,2026-08-05T03:08:05Z
lever,27f2355a-02e0-47a3-93a0-db1baf9eeaf9,Veeva,Global Program Manager - Software Implementation,DevCloud Services - NA,Wisconsin - Madison,1,2023-09-26T14:43:05Z,,https://jobs.lever.co/veeva/27f2355a-02e0-47a3-93a0-db1baf9eeaf9,2026-08-05T03:08:05Z,2026-08-05T03:08:05Z
lever,0733f449-72df-4be4-b1dc-f75418834eb7,Veeva,Head of Commercial - Korea,Commercial - APAC,South Korea - Seoul,0,2026-06-25T14:16:17Z,,https://jobs.lever.co/veeva/0733f449-72df-4be4-b1dc-f75418834eb7,2026-08-05T03:08:05Z,2026-08-05T03:08:05Z
lever,0889b4a3-801f-4937-8431-e064bd7e5faa,Veeva,Hiring Operations Lead - Link and OpenData (Remote),Data Operations - EU,Spain - Barcelona,1,2026-03-02T15:44:00Z,,https://jobs.lever.co/veeva/0889b4a3-801f-4937-8431-e064bd7e5faa,2026-08-05T03:08:05Z,2026-08-05T03:08:05Z
lever,38135239-80b7-43b0-8a2b-80afa1cfd758,Veeva,Implementation Consultant - Commercial (Remote or Onsite),Commercial Services - EU,United Kingdom - London,1,2025-08-14T15:02:07Z,,https://jobs.lever.co/veeva/38135239-80b7-43b0-8a2b-80afa1cfd758,2026-08-05T03:08:05Z,2026-08-05T03:08:05Z
lever,b3e2ec35-5faa-41d0-8c50-09f422ff0c61,Veeva,Implementation Consultant - Commercial (Remote or Onsite),Commercial Services - EU,Germany - Berlin,1,2025-11-14T17:41:18Z,,https://jobs.lever.co/veeva/b3e2ec35-5faa-41d0-8c50-09f422ff0c61,2026-08-05T03:08:05Z,2026-08-05T03:08:05Z
lever,ee1c80ec-0a1a-4e32-bf45-c044eab69c57,Veeva,Implementation Consultant - Commercial (Remote or Onsite),Commercial Services - EU,Spain - Barcelona,1,2025-08-14T15:03:24Z,,https://jobs.lever.co/veeva/ee1c80ec-0a1a-4e32-bf45-c044eab69c57,2026-08-05T03:08:05Z,2026-08-05T03:08:05Z
lever,bd55ddbb-577f-4961-aeeb-c3736af0b110,Veeva,Implementation Consultant Intern,Generation Veeva - APAC,China - Shanghai,0,2024-09-05T17:12:38Z,,https://jobs.lever.co/veeva/bd55ddbb-577f-4961-aeeb-c3736af0b110,2026-08-05T03:08:05Z,2026-08-05T03:08:05Z
lever,0b674ed8-2c49-4b86-86cb-09a8e4a70afd,Veeva,Implementation Consultant RIM,DevCloud Services - EU,Ireland - Dublin,1,2026-05-26T14:13:01Z,,https://jobs.lever.co/veeva/0b674ed8-2c49-4b86-86cb-09a8e4a70afd,2026-08-05T03:08:05Z,2026-08-05T03:08:05Z
lever,49d5e638-5852-4a39-b063-10e16a2ec2bc,Veeva,Implementation Consultant RIM,DevCloud Services - EU,Spain - Barcelona,1,2025-02-21T18:09:08Z,,https://jobs.lever.co/veeva/49d5e638-5852-4a39-b063-10e16a2ec2bc,2026-08-05T03:08:05Z,2026-08-05T03:08:05Z
lever,e3cc84e8-bbfa-4ecc-a055-296ffb75c3c3,Veeva,Implementation Consultant RIM,DevCloud Services - EU,United Kingdom - London,1,2025-02-20T20:41:16Z,,https://jobs.lever.co/veeva/e3cc84e8-bbfa-4ecc-a055-296ffb75c3c3,2026-08-05T03:08:05Z,2026-08-05T03:08:05Z
lever,87ae81ed-831f-4bc3-b12b-bf9a77f954c0,Veeva,Intern Technical Consultant,Generation Veeva - APAC,China - Shanghai,0,2023-10-13T14:02:51Z,,https://jobs.lever.co/veeva/87ae81ed-831f-4bc3-b12b-bf9a77f954c0,2026-08-05T03:08:05Z,2026-08-05T03:08:05Z
lever,e1690ac4-e6ab-4f86-bf45-4144bdd08eaf,Veeva,IT Engineer,IT - EU,Spain - Barcelona,0,2026-07-17T21:09:57Z,,https://jobs.lever.co/veeva/e1690ac4-e6ab-4f86-bf45-4144bdd08eaf,2026-08-05T03:08:05Z,2026-08-05T03:08:05Z
lever,1e905d41-564a-4d55-90f0-464d39ada62a,Veeva,IT Integration Engineer,IT - APAC,India - Hyderabad,1,2026-07-14T20:53:06Z,,https://jobs.lever.co/veeva/1e905d41-564a-4d55-90f0-464d39ada62a,2026-08-05T03:08:05Z,2026-08-05T03:08:05Z
lever,254dc93b-b04a-4a0f-8d31-3cb3df16d48b,Veeva,Junior Consumer Support Navigator (Part-Time),Ostro - NA,United States,1,2026-04-17T17:46:42Z,,https://jobs.lever.co/veeva/254dc93b-b04a-4a0f-8d31-3cb3df16d48b,2026-08-05T03:08:05Z,2026-08-05T03:08:05Z
lever,eeca3070-3506-40c4-8e18-8fe99780fd14,Veeva,Lead - Link Key People (Remote),Data Operations - EU,Portugal - Lisbon,1,2024-09-27T14:50:31Z,,https://jobs.lever.co/veeva/eeca3070-3506-40c4-8e18-8fe99780fd14,2026-08-05T03:08:05Z,2026-08-05T03:08:05Z
lever,89d18f6f-ab7e-42a7-a724-671a77ec01b0,Veeva,Lead - OpenData (Remote),Data Operations - EU,Portugal - Lisbon,1,2025-02-26T20:38:16Z,,https://jobs.lever.co/veeva/89d18f6f-ab7e-42a7-a724-671a77ec01b0,2026-08-05T03:08:05Z,2026-08-05T03:08:05Z
lever,ab6a4feb-798b-4027-b703-62e9ab4adbb2,Veeva,Lead Consultant (Remote),DevCloud Services - NA,Massachusetts - Boston,1,2022-03-11T19:54:54Z,,https://jobs.lever.co/veeva/ab6a4feb-798b-4027-b703-62e9ab4adbb2,2026-08-05T03:08:05Z,2026-08-05T03:08:05Z
lever,00d0c48b-6e6d-48d5-ae5b-979a59017aca,Veeva,Lead Consultant / Project Manager - Quality Cloud,Quality Cloud Services - EU,Poland - Cracow,1,2025-08-22T14:34:34Z,,https://jobs.lever.co/veeva/00d0c48b-6e6d-48d5-ae5b-979a59017aca,2026-08-05T03:08:05Z,2026-08-05T03:08:05Z
lever,6c36c31c-7bd7-4c23-905e-59cbb2f35528,Veeva,Lead Consultant / Project Manager - Quality Cloud,Quality Cloud Services - EU,Hungary - Budapest,1,2026-04-10T15:05:39Z,,https://jobs.lever.co/veeva/6c36c31c-7bd7-4c23-905e-59cbb2f35528,2026-08-05T03:08:05Z,2026-08-05T03:08:05Z
lever,6e8ed0d8-6502-4910-b443-e5ad99397d9b,Veeva,Lead Consultant / Project Manager - Quality Cloud,Quality Cloud Services - EU,United Kingdom - London,1,2025-08-22T14:33:56Z,,https://jobs.lever.co/veeva/6e8ed0d8-6502-4910-b443-e5ad99397d9b,2026-08-05T03:08:05Z,2026-08-05T03:08:05Z
lever,2872a54c-dbf3-4ff5-bd39-1481a534e7c9,Veeva,Lead Consultant/Program Lead (Remote),DevCloud Services - EU,Poland - Cracow,1,2026-02-12T16:59:03Z,,https://jobs.lever.co/veeva/2872a54c-dbf3-4ff5-bd39-1481a534e7c9,2026-08-05T03:08:05Z,2026-08-05T03:08:05Z
lever,b52a5f7a-78cc-4777-8766-8a15dc911ce8,Veeva,Lead Consultant/Program Lead (Remote),DevCloud Services - EU,Hungary - Budapest,1,2026-01-08T21:47:52Z,,https://jobs.lever.co/veeva/b52a5f7a-78cc-4777-8766-8a15dc911ce8,2026-08-05T03:08:05Z,2026-08-05T03:08:05Z
lever,0ea93208-2ac6-40cd-8f73-464cf356f270,Veeva,Lead Engineer - Test Automation,QA & Release Engineering - APAC,India - Hyderabad,0,2021-04-27T23:55:39Z,,https://jobs.lever.co/veeva/0ea93208-2ac6-40cd-8f73-464cf356f270,2026-08-05T03:08:05Z,2026-08-05T03:08:05Z
lever,c0596a92-41fd-4c69-b46e-473445e81f22,Veeva,Lead Product Designer,Design & User Experience - NA,Massachusetts - Boston,1,2026-06-23T17:10:30Z,,https://jobs.lever.co/veeva/c0596a92-41fd-4c69-b46e-473445e81f22,2026-08-05T03:08:05Z,2026-08-05T03:08:05Z
lever,07455d92-f52e-4929-b8aa-7daf461c5d9d,Veeva,Lead Product Designer - Veeva Labs,Design & User Experience - NA,California - Pleasanton,1,2023-03-14T21:13:28Z,,https://jobs.lever.co/veeva/07455d92-f52e-4929-b8aa-7daf461c5d9d,2026-08-05T03:08:05Z,2026-08-05T03:08:05Z
lever,2370a2fb-4053-4273-a3ea-9803d1fdb8e0,Veeva,Lead Product Designer - Veeva Labs,Design & User Experience - NA,Utah - Salt Lake City,1,2023-03-14T22:24:18Z,,https://jobs.lever.co/veeva/2370a2fb-4053-4273-a3ea-9803d1fdb8e0,2026-08-05T03:08:05Z,2026-08-05T03:08:05Z
lever,8e3f7b6b-1cf8-43cf-b63b-c7cf576a523a,Veeva,Legal Assistant/Paralegal,Legal - APAC,China - Shanghai,0,2026-03-26T14:21:13Z,,https://jobs.lever.co/veeva/8e3f7b6b-1cf8-43cf-b63b-c7cf576a523a,2026-08-05T03:08:05Z,2026-08-05T03:08:05Z
lever,692b0d6f-7b9d-4ced-a47b-5d91aafbca66,Veeva,Line Cook,Facilities - NA,California - Pleasanton,0,2026-04-03T16:03:23Z,,https://jobs.lever.co/veeva/692b0d6f-7b9d-4ced-a47b-5d91aafbca66,2026-08-05T03:08:05Z,2026-08-05T03:08:05Z
lever,ffd1ae32-5582-4c15-9753-41701b11ace3,Veeva,Managed Services Consultant,Asia Services,China - Dalian,0,2021-01-25T23:31:31Z,,https://jobs.lever.co/veeva/ffd1ae32-5582-4c15-9753-41701b11ace3,2026-08-05T03:08:05Z,2026-08-05T03:08:05Z
lever,3e1462d4-c92a-4460-a61f-177bf7e462b5,Veeva,Managed Services Consultant - Align,Commercial Services - NA,Massachusetts - Boston,1,2025-05-22T21:01:21Z,,https://jobs.lever.co/veeva/3e1462d4-c92a-4460-a61f-177bf7e462b5,2026-08-05T03:08:05Z,2026-08-05T03:08:05Z
lever,964f463e-506c-4e99-95b2-39b1c94490b6,Veeva,Managed Services Consultant - Commercial,Asia Services,Japan - Hiroshima,0,2025-03-03T14:44:58Z,,https://jobs.lever.co/veeva/964f463e-506c-4e99-95b2-39b1c94490b6,2026-08-05T03:08:05Z,2026-08-05T03:08:05Z
lever,a7aa3168-deb9-43d2-b144-fad8b548f177,Veeva,Managed Services Consultant - Commercial,Asia Services,Japan - Tokyo,0,2025-03-03T14:43:44Z,,https://jobs.lever.co/veeva/a7aa3168-deb9-43d2-b144-fad8b548f177,2026-08-05T03:08:05Z,2026-08-05T03:08:05Z
lever,88504a4d-c402-4ff8-bd7d-8a72dbfd6883,Veeva,Managed Services Consultant - Commercial Vault (Remote),Commercial Services - NA,Massachusetts - Boston,1,2023-03-01T22:21:02Z,,https://jobs.lever.co/veeva/88504a4d-c402-4ff8-bd7d-8a72dbfd6883,2026-08-05T03:08:05Z,2026-08-05T03:08:05Z
lever,da9c2713-4b08-4ff1-8fe7-2e9fa6dd90d9,Veeva,Managed Services Consultant - Life Sciences (Remote),DevCloud Services - NA,Pennsylvania - Philadelphia,1,2021-07-27T20:15:26Z,,https://jobs.lever.co/veeva/da9c2713-4b08-4ff1-8fe7-2e9fa6dd90d9,2026-08-05T03:08:05Z,2026-08-05T03:08:05Z
lever,37f8e227-e34f-4905-9414-d85cc1edb04d,Veeva,Managed Services Consultant - R&D,Asia Services,Japan - Osaka,0,2025-01-16T16:40:01Z,,https://jobs.lever.co/veeva/37f8e227-e34f-4905-9414-d85cc1edb04d,2026-08-05T03:08:05Z,2026-08-05T03:08:05Z
lever,679903b4-4ac4-4402-b6ec-3af4a14a34d5,Veeva,Managed Services Consultant - R&D,Asia Services,Japan - Tokyo,0,2025-01-16T16:39:06Z,,https://jobs.lever.co/veeva/679903b4-4ac4-4402-b6ec-3af4a14a34d5,2026-08-05T03:08:05Z,2026-08-05T03:08:05Z
lever,d29145df-ed93-462a-97cd-70912612815c,Veeva,Managed Services Consultant - R&D,Asia Services,China - Dalian,0,2024-12-10T16:22:12Z,,https://jobs.lever.co/veeva/d29145df-ed93-462a-97cd-70912612815c,2026-08-05T03:08:05Z,2026-08-05T03:08:05Z
lever,3c9b2dec-1cc2-4fb8-bd15-938c9e8e9b36,Veeva,Managed Services Consultant - R&D (Korean Speaking),Asia Services,China - Dalian,0,2021-01-25T23:24:53Z,,https://jobs.lever.co/veeva/3c9b2dec-1cc2-4fb8-bd15-938c9e8e9b36,2026-08-05T03:08:05Z,2026-08-05T03:08:05Z
lever,d985c6c5-bf2d-43c1-b6bd-4a75f50e2bf0,Veeva,Managed Services Consultant - RTSM,Professional Services,Croatia - Zagreb,1,2023-04-19T17:36:13Z,,https://jobs.lever.co/veeva/d985c6c5-bf2d-43c1-b6bd-4a75f50e2bf0,2026-08-05T03:08:05Z,2026-08-05T03:08:05Z
lever,fd783962-3a37-4a3a-9249-a748960f9369,Veeva,Manager - Audience Data Partnerships,Crossix - NA,New York - New York City,0,2025-02-20T23:45:53Z,,https://jobs.lever.co/veeva/fd783962-3a37-4a3a-9249-a748960f9369,2026-08-05T03:08:05Z,2026-08-05T03:08:05Z
lever,0da5f073-1b69-49f0-9848-71434ff2abcd,Veeva,Manager - Client Analytics Services,Crossix - NA,Massachusetts - Boston,0,2022-04-13T17:18:21Z,,https://jobs.lever.co/veeva/0da5f073-1b69-49f0-9848-71434ff2abcd,2026-08-05T03:08:05Z,2026-08-05T03:08:05Z
lever,68fb9f15-ca0c-4f29-801e-7aca515d1b16,Veeva,Manager - Client Analytics Services,Crossix - NA,Pennsylvania - Philadelphia,0,2022-04-13T17:09:19Z,,https://jobs.lever.co/veeva/68fb9f15-ca0c-4f29-801e-7aca515d1b16,2026-08-05T03:08:05Z,2026-08-05T03:08:05Z
lever,e99740a6-f5ee-4ddf-976b-ec15864aaf1c,Veeva,Manager - Client Analytics Services,Crossix - NA,New York - New York City,0,2022-04-13T17:00:38Z,,https://jobs.lever.co/veeva/e99740a6-f5ee-4ddf-976b-ec15864aaf1c,2026-08-05T03:08:05Z,2026-08-05T03:08:05Z
lever,41982065-1f48-4c51-aa49-c9c4679c87e7,Veeva,Manager - Health Data Partnerships,Crossix - NA,New York - New York City,1,2025-04-15T15:33:38Z,,https://jobs.lever.co/veeva/41982065-1f48-4c51-aa49-c9c4679c87e7,2026-08-05T03:08:05Z,2026-08-05T03:08:05Z
lever,f5a587bb-c238-4ec0-ac0a-8f137f559960,Veeva,Manager - Media Data Partnerships,Crossix - NA,New York - New York City,1,2026-05-18T23:01:01Z,,https://jobs.lever.co/veeva/f5a587bb-c238-4ec0-ac0a-8f137f559960,2026-08-05T03:08:05Z,2026-08-05T03:08:05Z
lever,0c6f33d2-f498-416f-bca8-161d20249195,Veeva,Manager - Product Support - Tokyo,Product Support - APAC,Japan - Tokyo,1,2025-11-11T15:28:49Z,,https://jobs.lever.co/veeva/0c6f33d2-f498-416f-bca8-161d20249195,2026-08-05T03:08:05Z,2026-08-05T03:08:05Z
lever,2117b2d6-9a53-4680-ab71-9a6cb596888d,Veeva,Manager - Veeva Batch Release Strategy - Europe,Quality - EU,Switzerland - Zürich,1,2026-08-03T20:56:21Z,,https://jobs.lever.co/veeva/2117b2d6-9a53-4680-ab71-9a6cb596888d,2026-08-05T03:08:05Z,2026-08-05T03:08:05Z
lever,b3d2f779-e10c-4473-9810-606f5197376c,Veeva,Manager - Veeva Batch Release Strategy - Europe,Quality - EU,Spain - Barcelona,1,2026-08-03T20:57:12Z,,https://jobs.lever.co/veeva/b3d2f779-e10c-4473-9810-606f5197376c,2026-08-05T03:08:05Z,2026-08-05T03:08:05Z
lever,ce1a5cd5-91da-4ed3-af74-aa1a78818acb,Veeva,Manager - Veeva Batch Release Strategy - Europe,Quality - EU,Germany - Berlin,1,2026-08-03T20:54:45Z,,https://jobs.lever.co/veeva/ce1a5cd5-91da-4ed3-af74-aa1a78818acb,2026-08-05T03:08:05Z,2026-08-05T03:08:05Z
lever,3cececed-ca21-4fc7-bca9-94137b26e634,Veeva,Manager Data Extraction - OpenData EMEA (Remote),OpenData - EU,Portugal - Lisbon,1,2025-07-01T23:46:32Z,,https://jobs.lever.co/veeva/3cececed-ca21-4fc7-bca9-94137b26e634,2026-08-05T03:08:05Z,2026-08-05T03:08:05Z
lever,d04b002d-187f-40d6-834d-437325cfc8ff,Veeva,Manager Data Extraction - OpenData EMEA (Remote),OpenData - EU,Spain - Barcelona,1,2025-07-01T23:49:00Z,,https://jobs.lever.co/veeva/d04b002d-187f-40d6-834d-437325cfc8ff,2026-08-05T03:08:05Z,2026-08-05T03:08:05Z
lever,de31357b-1060-4d23-bd62-bd3e086f3f3d,Veeva,Manager Data Extraction - OpenData EMEA (Remote),OpenData - EU,Germany - Berlin,1,2025-07-01T23:48:02Z,,https://jobs.lever.co/veeva/de31357b-1060-4d23-bd62-bd3e086f3f3d,2026-08-05T03:08:05Z,2026-08-05T03:08:05Z
lever,447f1638-3fd3-4e1b-ba2b-07c8a14e1add,Veeva,Manager Data Operations,Data Operations - EU,Spain - Barcelona,1,2025-04-02T17:40:10Z,,https://jobs.lever.co/veeva/447f1638-3fd3-4e1b-ba2b-07c8a14e1add,2026-08-05T03:08:05Z,2026-08-05T03:08:05Z
lever,a19dfc8b-d40c-42b0-a2c2-f3844954df4d,Veeva,Manager Data Operations,Data Operations - EU,Portugal - Lisbon,1,2025-04-02T17:40:43Z,,https://jobs.lever.co/veeva/a19dfc8b-d40c-42b0-a2c2-f3844954df4d,2026-08-05T03:08:05Z,2026-08-05T03:08:05Z
lever,2d2cce21-bba9-42e7-b1b8-e5cf83ebe4c2,Veeva,Marketing Analytics - Client Services Associate - July 2027 Start Date - ADP,806-G&A ES Corp,New York - New York City,0,2023-08-15T13:15:54Z,,https://jobs.lever.co/veeva/2d2cce21-bba9-42e7-b1b8-e5cf83ebe4c2,2026-08-05T03:08:05Z,2026-08-05T03:08:05Z
lever,28c47d34-3ad6-4485-85a9-686b4239b9ea,Veeva,Marketing Analytics - Data Analyst - July 2027 Start Date - ADP,806-G&A ES Corp,New York - New York City,0,2022-07-14T16:40:35Z,,https://jobs.lever.co/veeva/28c47d34-3ad6-4485-85a9-686b4239b9ea,2026-08-05T03:08:05Z,2026-08-05T03:08:05Z
lever,863fb41c-32de-4860-965f-19f98dfc0743,Veeva,Master Class - Business Consultant - Life Sciences Content (United States),Master Class,Massachusetts - Boston,1,2025-12-01T17:43:00Z,,https://jobs.lever.co/veeva/863fb41c-32de-4860-965f-19f98dfc0743,2026-08-05T03:08:05Z,2026-08-05T03:08:05Z
lever,e5887ed5-0751-4a6c-9bdf-892ae65fc9f0,Veeva,Master Class - Business Consultant - Life Sciences Quality (Denmark),Master Class,Denmark - Copenhagen,1,2025-12-01T19:13:48Z,,https://jobs.lever.co/veeva/e5887ed5-0751-4a6c-9bdf-892ae65fc9f0,2026-08-05T03:08:05Z,2026-08-05T03:08:05Z
lever,38511e3c-de8d-4250-8b97-8b6112393195,Veeva,Master Class - Business Consultant - Life Sciences Quality (France),Master Class,France - Paris,1,2025-12-05T19:11:12Z,,https://jobs.lever.co/veeva/38511e3c-de8d-4250-8b97-8b6112393195,2026-08-05T03:08:05Z,2026-08-05T03:08:05Z
lever,50551141-40ef-4920-8622-0a10a401f030,Veeva,Master Class - Business Consultant - Life Sciences Quality (Germany),Master Class,Germany - Berlin,1,2025-12-01T19:27:46Z,,https://jobs.lever.co/veeva/50551141-40ef-4920-8622-0a10a401f030,2026-08-05T03:08:05Z,2026-08-05T03:08:05Z
lever,6ff0d4d8-0c30-4c47-b3fa-8667f87f314f,Veeva,Master Class - Business Consultant - Life Sciences Quality (Spain),Master Class,Spain - Barcelona,1,2025-12-01T18:37:34Z,,https://jobs.lever.co/veeva/6ff0d4d8-0c30-4c47-b3fa-8667f87f314f,2026-08-05T03:08:05Z,2026-08-05T03:08:05Z
lever,52e8910a-218d-4e2e-a233-fba2e27265ae,Veeva,Master Class - Business Consultant - Life Sciences Quality (United Kingdom),Master Class,United Kingdom - London,1,2025-12-01T19:45:28Z,,https://jobs.lever.co/veeva/52e8910a-218d-4e2e-a233-fba2e27265ae,2026-08-05T03:08:05Z,2026-08-05T03:08:05Z
lever,6c07765a-fef4-4108-a9ba-20065a6f6fbf,Veeva,Master Class - Business Consultant - Life Sciences Quality (United States),Master Class,Massachusetts - Boston,1,2025-12-01T17:44:15Z,,https://jobs.lever.co/veeva/6c07765a-fef4-4108-a9ba-20065a6f6fbf,2026-08-05T03:08:05Z,2026-08-05T03:08:05Z
lever,82e5a9c7-da5b-4629-91df-351c31cb7200,Veeva,Master Class - Business Consultant - Life Sciences R&D (Denmark),Master Class,Denmark - Copenhagen,1,2025-12-01T19:14:54Z,,https://jobs.lever.co/veeva/82e5a9c7-da5b-4629-91df-351c31cb7200,2026-08-05T03:08:05Z,2026-08-05T03:08:05Z
lever,a3b4be27-fc14-4dc9-b4ba-02a303f1e950,Veeva,Master Class - Business Consultant - Life Sciences R&D (France),Master Class,France - Paris,1,2025-12-05T19:11:59Z,,https://jobs.lever.co/veeva/a3b4be27-fc14-4dc9-b4ba-02a303f1e950,2026-08-05T03:08:05Z,2026-08-05T03:08:05Z
lever,cd5a5d11-7d23-4548-b08b-4565816a70ed,Veeva,Master Class - Business Consultant - Life Sciences R&D (Germany),Master Class,Germany - Berlin,1,2025-12-01T19:29:22Z,,https://jobs.lever.co/veeva/cd5a5d11-7d23-4548-b08b-4565816a70ed,2026-08-05T03:08:05Z,2026-08-05T03:08:05Z
lever,21f0aa09-c09a-40ff-9b6d-a68b31265b82,Veeva,Master Class - Business Consultant - Life Sciences R&D (Spain),Master Class,Spain - Barcelona,1,2025-12-01T18:38:30Z,,https://jobs.lever.co/veeva/21f0aa09-c09a-40ff-9b6d-a68b31265b82,2026-08-05T03:08:05Z,2026-08-05T03:08:05Z
lever,604588fa-8d4f-46e6-90e3-382a1ddf0651,Veeva,Master Class - Business Consultant - Life Sciences R&D (United Kingdom),Master Class,United Kingdom - London,1,2025-12-01T19:47:33Z,,https://jobs.lever.co/veeva/604588fa-8d4f-46e6-90e3-382a1ddf0651,2026-08-05T03:08:05Z,2026-08-05T03:08:05Z
lever,cc9dfde6-db75-4c4c-947f-b080e983370d,Veeva,Maternity Cover - Field Marketing Manager / Senior Manager,Field Marketing,Spain - Barcelona,1,2026-06-17T17:28:21Z,,https://jobs.lever.co/veeva/cc9dfde6-db75-4c4c-947f-b080e983370d,2026-08-05T03:08:05Z,2026-08-05T03:08:05Z
lever,d750049e-898f-4ce9-a8e4-9a9a0a6f361d,Veeva,Maternity Cover - Field Marketing Manager / Senior Manager,Field Marketing,Germany - Berlin,1,2026-06-17T17:29:59Z,,https://jobs.lever.co/veeva/d750049e-898f-4ce9-a8e4-9a9a0a6f361d,2026-08-05T03:08:05Z,2026-08-05T03:08:05Z
lever,eb71be52-cf59-4943-a18a-df7794d4791b,Veeva,Maternity Cover - Field Marketing Manager / Senior Manager,Field Marketing,United Kingdom - London,1,2026-06-17T17:31:23Z,,https://jobs.lever.co/veeva/eb71be52-cf59-4943-a18a-df7794d4791b,2026-08-05T03:08:05Z,2026-08-05T03:08:05Z
lever,1e3b6635-1da6-4115-8ed2-9a0ec7d647bf,Veeva,MDM Technical Architect (Remote),Commercial Services - EU,United Kingdom - London,1,2025-07-10T18:41:41Z,,https://jobs.lever.co/veeva/1e3b6635-1da6-4115-8ed2-9a0ec7d647bf,2026-08-05T03:08:05Z,2026-08-05T03:08:05Z
lever,8da13477-da73-40cf-a9fd-9b0d081f2dd9,Veeva,MDM Technical Architect (Remote),Commercial Services - EU,Spain - Barcelona,1,2025-07-10T18:43:37Z,,https://jobs.lever.co/veeva/8da13477-da73-40cf-a9fd-9b0d081f2dd9,2026-08-05T03:08:05Z,2026-08-05T03:08:05Z
lever,9a27b8d0-871f-4dba-be77-35e238044963,Veeva,MDM Technical Architect (Remote),Commercial Services - EU,Germany - Berlin,1,2025-07-10T18:42:31Z,,https://jobs.lever.co/veeva/9a27b8d0-871f-4dba-be77-35e238044963,2026-08-05T03:08:05Z,2026-08-05T03:08:05Z
lever,19849eb5-493b-4251-be53-c2e405622897,Veeva,Migration Consultant,Global Technical Services,Spain - Barcelona,1,2023-01-12T21:08:27Z,,https://jobs.lever.co/veeva/19849eb5-493b-4251-be53-c2e405622897,2026-08-05T03:08:05Z,2026-08-05T03:08:05Z
lever,4bb20003-3f43-4cbf-ab7f-effbfb43aa8e,Veeva,Migration Consultant,Asia Services,India - Bengaluru,1,2023-02-24T19:37:15Z,,https://jobs.lever.co/veeva/4bb20003-3f43-4cbf-ab7f-effbfb43aa8e,2026-08-05T03:08:05Z,2026-08-05T03:08:05Z
lever,ad322008-dcb7-4b17-96cd-41abeb4aea5c,Veeva,Migration Consultant,Global Technical Services,United Kingdom - London,1,2026-02-24T23:13:21Z,,https://jobs.lever.co/veeva/ad322008-dcb7-4b17-96cd-41abeb4aea5c,2026-08-05T03:08:05Z,2026-08-05T03:08:05Z
lever,b9a833cb-a3e9-4524-a0da-fe93e9b5da96,Veeva,Migration Consultant,Global Technical Services,Denmark - Copenhagen,1,2023-01-12T21:06:08Z,,https://jobs.lever.co/veeva/b9a833cb-a3e9-4524-a0da-fe93e9b5da96,2026-08-05T03:08:05Z,2026-08-05T03:08:05Z
lever,80b85438-e2fd-488a-8741-f6b262938487,Veeva,Office Coordinator,Employee Success - APAC,India - Hyderabad,0,2026-07-07T14:42:40Z,,https://jobs.lever.co/veeva/80b85438-e2fd-488a-8741-f6b262938487,2026-08-05T03:08:05Z,2026-08-05T03:08:05Z
lever,06ac254c-1f02-4f28-a134-cc6a59ed5e04,Veeva,Post-Implementation Consultant - CRM Suite (Remote),Commercial Services - NA,Pennsylvania - Philadelphia,1,2025-08-22T15:59:12Z,,https://jobs.lever.co/veeva/06ac254c-1f02-4f28-a134-cc6a59ed5e04,2026-08-05T03:08:05Z,2026-08-05T03:08:05Z
lever,b29c0ffb-16b2-428f-af72-350f89024dfe,Veeva,Post-Implementation Consultant - CRM Suite (Remote),Commercial Services - NA,North Carolina - Raleigh,1,2025-08-22T15:57:08Z,,https://jobs.lever.co/veeva/b29c0ffb-16b2-428f-af72-350f89024dfe,2026-08-05T03:08:05Z,2026-08-05T03:08:05Z
lever,c5f611ed-6371-454d-8ccf-bae3ebdea47b,Veeva,Post-Implementation Consultant - CRM Suite (Remote),Commercial Services - NA,New Jersey - Newark,1,2019-05-18T00:00:00Z,,https://jobs.lever.co/veeva/c5f611ed-6371-454d-8ccf-bae3ebdea47b,2026-08-05T03:08:05Z,2026-08-05T03:08:05Z
lever,1d00b7fd-5c82-42ca-b68a-63a9901d59c5,Veeva,Post-Implementation Consultant - Master Data Management Platform,Commercial Services - NA,Wisconsin - Madison,1,2026-03-25T19:15:42Z,,https://jobs.lever.co/veeva/1d00b7fd-5c82-42ca-b68a-63a9901d59c5,2026-08-05T03:08:05Z,2026-08-05T03:08:05Z
lever,e5acc546-7687-43c4-baba-0cedee4fbffd,Veeva,Post-Implementation Consultant - Master Data Management Platform,Commercial Services - NA,Massachusetts - Boston,1,2026-03-25T19:17:45Z,,https://jobs.lever.co/veeva/e5acc546-7687-43c4-baba-0cedee4fbffd,2026-08-05T03:08:05Z,2026-08-05T03:08:05Z
lever,3466e38a-b1a5-4d5d-8618-e95febcf078b,Veeva,Practice Manager - Implementation Services (Remote),Quality Cloud Services - NA,Pennsylvania - Philadelphia,1,2025-07-23T15:27:42Z,,https://jobs.lever.co/veeva/3466e38a-b1a5-4d5d-8618-e95febcf078b,2026-08-05T03:08:05Z,2026-08-05T03:08:05Z
lever,5aaf5f68-9719-4d61-88dc-73e135988f32,Veeva,Practice Manager - Implementation Services (Remote),Quality Cloud Services - NA,Wisconsin - Madison,1,2025-07-23T15:28:26Z,,https://jobs.lever.co/veeva/5aaf5f68-9719-4d61-88dc-73e135988f32,2026-08-05T03:08:05Z,2026-08-05T03:08:05Z
lever,c1e5aa20-60ff-4d71-bad7-89f095926147,Veeva,Practice Manager - Implementation Services (Remote),Quality Cloud Services - NA,Massachusetts - Boston,1,2025-07-23T15:26:57Z,,https://jobs.lever.co/veeva/c1e5aa20-60ff-4d71-bad7-89f095926147,2026-08-05T03:08:05Z,2026-08-05T03:08:05Z
lever,039516d3-491e-4ef3-b15a-75f18bca8e7f,Veeva,Principal - Ostro Client Success,Ostro - NA,Pennsylvania - Philadelphia,1,2026-07-08T21:43:32Z,,https://jobs.lever.co/veeva/039516d3-491e-4ef3-b15a-75f18bca8e7f,2026-08-05T03:08:05Z,2026-08-05T03:08:05Z
lever,2173d43f-5756-475d-86ff-a837d91c2133,Veeva,Principal - Ostro Client Success,Ostro - NA,New York - New York City,1,2026-07-08T21:42:47Z,,https://jobs.lever.co/veeva/2173d43f-5756-475d-86ff-a837d91c2133,2026-08-05T03:08:05Z,2026-08-05T03:08:05Z
lever,87c8a056-1cb0-4b33-bd1e-2144acf1821c,Veeva,Principal - Ostro Client Success,Ostro - NA,California - Pleasanton,1,2026-07-08T21:44:37Z,,https://jobs.lever.co/veeva/87c8a056-1cb0-4b33-bd1e-2144acf1821c,2026-08-05T03:08:05Z,2026-08-05T03:08:05Z
lever,b9bb3e49-e802-442d-b020-cd0ca015a41f,Veeva,Principal & Team Manager - R&D Business Consulting - Japan,R&D - APAC,Japan - Tokyo,1,2025-10-24T14:43:44Z,,https://jobs.lever.co/veeva/b9bb3e49-e802-442d-b020-cd0ca015a41f,2026-08-05T03:08:05Z,2026-08-05T03:08:05Z
lever,0d00ece0-cf8b-4af6-b713-0e84cb0cdf9c,Veeva,Principal Business Consultant - Commercial,Commercial - NA,Massachusetts - Boston,1,2024-04-03T18:51:57Z,,https://jobs.lever.co/veeva/0d00ece0-cf8b-4af6-b713-0e84cb0cdf9c,2026-08-05T03:08:05Z,2026-08-05T03:08:05Z
lever,83504ba5-073b-4974-9c4b-e79084f4fccf,Veeva,Principal Business Consultant - Commercial Content Business Consulting,Commercial - APAC,Japan - Tokyo,1,2024-05-21T13:37:01Z,,https://jobs.lever.co/veeva/83504ba5-073b-4974-9c4b-e79084f4fccf,2026-08-05T03:08:05Z,2026-08-05T03:08:05Z
lever,e456ec2d-ff39-47e0-990c-33ffd981ae43,Veeva,"Principal Business Consultant - Consumer Products, Food & Beverage, Chemicals",Quality - NA,Massachusetts - Boston,1,2026-04-02T16:31:44Z,,https://jobs.lever.co/veeva/e456ec2d-ff39-47e0-990c-33ffd981ae43,2026-08-05T03:08:05Z,2026-08-05T03:08:05Z
lever,353c7f48-f4f8-4bb6-9178-41a35c1cb7c1,Veeva,Principal Business Consultant - Events Business Consulting,Events - NA,Massachusetts - Boston,1,2026-06-17T16:40:23Z,,https://jobs.lever.co/veeva/353c7f48-f4f8-4bb6-9178-41a35c1cb7c1,2026-08-05T03:08:05Z,2026-08-05T03:08:05Z
lever,48a633ef-ca72-4580-8609-84f3ca3087f1,Veeva,Principal Business Consultant - Global Analytics,Analytics - NA,Massachusetts - Boston,1,2024-08-19T14:54:41Z,,https://jobs.lever.co/veeva/48a633ef-ca72-4580-8609-84f3ca3087f1,2026-08-05T03:08:05Z,2026-08-05T03:08:05Z
lever,4a225d7c-9869-4f53-b7b8-73bf6b9cd4fa,Veeva,Principal Business Consultant - Global Content,Content - NA,Massachusetts - Boston,1,2025-10-20T20:15:12Z,,https://jobs.lever.co/veeva/4a225d7c-9869-4f53-b7b8-73bf6b9cd4fa,2026-08-05T03:08:05Z,2026-08-05T03:08:05Z
lever,a364c8f5-05e7-4405-af40-528c1c6cb1bc,Veeva,Principal Business Consultant - Life Sciences Quality,Quality - NA,Massachusetts - Boston,1,2024-08-13T17:09:10Z,,https://jobs.lever.co/veeva/a364c8f5-05e7-4405-af40-528c1c6cb1bc,2026-08-05T03:08:05Z,2026-08-05T03:08:05Z
lever,d42a14b0-3ca4-4086-83f3-57450758aa5d,Veeva,Principal Business Consultant - Life Sciences R&D,R&D - NA,Massachusetts - Boston,1,2022-11-14T23:12:35Z,,https://jobs.lever.co/veeva/d42a14b0-3ca4-4086-83f3-57450758aa5d,2026-08-05T03:08:05Z,2026-08-05T03:08:05Z
lever,ddba6547-2cb4-4485-8083-4a570f7189c6,Veeva,Principal Business Consultant - Quality Control,Quality - NA,Massachusetts - Boston,1,2026-05-28T21:32:49Z,,https://jobs.lever.co/veeva/ddba6547-2cb4-4485-8083-4a570f7189c6,2026-08-05T03:08:05Z,2026-08-05T03:08:05Z
lever,f8816352-e7c5-45c5-914a-a3bb65e32a6d,Veeva,Principal Business Consultant - SMB Lead,Commercial - NA,Massachusetts - Boston,1,2026-06-01T15:34:56Z,,https://jobs.lever.co/veeva/f8816352-e7c5-45c5-914a-a3bb65e32a6d,2026-08-05T03:08:05Z,2026-08-05T03:08:05Z
lever,0f093f25-7842-41b4-b4ca-c237cfb148af,Veeva,Principal Consultant - Commercial Strategy Business Consulting,Commercial - APAC,Japan - Osaka,1,2021-08-17T13:42:51Z,,https://jobs.lever.co/veeva/0f093f25-7842-41b4-b4ca-c237cfb148af,2026-08-05T03:08:05Z,2026-08-05T03:08:05Z
lever,521182e6-80bb-47e8-9083-c687ad064f64,Veeva,Principal Consultant - Commercial Strategy Business Consulting,Commercial - APAC,Japan - Tokyo,0,2021-08-17T13:42:07Z,,https://jobs.lever.co/veeva/521182e6-80bb-47e8-9083-c687ad064f64,2026-08-05T03:08:05Z,2026-08-05T03:08:05Z
lever,a086f98f-f7a8-4dc4-8cfa-74b86434dcec,Veeva,Principal Engineer - Test Automation (CDMS),QA & Release Engineering - APAC,India - Hyderabad,0,2022-11-11T20:39:54Z,,https://jobs.lever.co/veeva/a086f98f-f7a8-4dc4-8cfa-74b86434dcec,2026-08-05T03:08:05Z,2026-08-05T03:08:05Z
lever,aa3bedca-a64f-4eba-8800-94437b95c230,Veeva,Principal Medical Writing Domain Expert - Falcon,Falcon - NA,Massachusetts - Boston,1,2026-07-02T00:53:26Z,,https://jobs.lever.co/veeva/aa3bedca-a64f-4eba-8800-94437b95c230,2026-08-05T03:08:05Z,2026-08-05T03:08:05Z
lever,362cc1ba-b2ee-43be-b6e3-4b067ba42aba,Veeva,Principal Software Developer - Platform,Engineering - APAC,China - Beijing,0,2023-08-22T14:20:51Z,,https://jobs.lever.co/veeva/362cc1ba-b2ee-43be-b6e3-4b067ba42aba,2026-08-05T03:08:05Z,2026-08-05T03:08:05Z
lever,addd3224-747d-4e5c-8738-5defc47825bd,Veeva,Principal Software Engineer - AI Application,Engineering - APAC,China - Beijing,0,2025-11-24T18:56:01Z,,https://jobs.lever.co/veeva/addd3224-747d-4e5c-8738-5defc47825bd,2026-08-05T03:08:05Z,2026-08-05T03:08:05Z
lever,03521e09-1b0e-4446-8d5a-33d8c472fae5,Veeva,Process Architect,R&D - EU,Germany - Berlin,1,2026-03-25T23:17:21Z,,https://jobs.lever.co/veeva/03521e09-1b0e-4446-8d5a-33d8c472fae5,2026-08-05T03:08:05Z,2026-08-05T03:08:05Z
lever,8186bbf8-ed39-400e-ad38-9b832a331961,Veeva,Process Architect,R&D - NA,Massachusetts - Boston,1,2026-03-25T17:30:22Z,,https://jobs.lever.co/veeva/8186bbf8-ed39-400e-ad38-9b832a331961,2026-08-05T03:08:05Z,2026-08-05T03:08:05Z
lever,bfb4e0a2-5f50-484b-aaf4-52230e13e253,Veeva,Process Architect,R&D - EU,Spain - Barcelona,1,2026-03-25T23:19:15Z,,https://jobs.lever.co/veeva/bfb4e0a2-5f50-484b-aaf4-52230e13e253,2026-08-05T03:08:05Z,2026-08-05T03:08:05Z
lever,dfb6a861-6492-40ec-956f-7373cfac8d96,Veeva,Process Architect,R&D - EU,United Kingdom - London,1,2026-03-25T23:18:17Z,,https://jobs.lever.co/veeva/dfb6a861-6492-40ec-956f-7373cfac8d96,2026-08-05T03:08:05Z,2026-08-05T03:08:05Z
lever,0d70d80f-3edc-409c-9d21-7c3ffafd1f9e,Veeva,Process Expert Data Operations,Data Operations - EU,Spain - Barcelona,1,2025-12-23T17:22:30Z,,https://jobs.lever.co/veeva/0d70d80f-3edc-409c-9d21-7c3ffafd1f9e,2026-08-05T03:08:05Z,2026-08-05T03:08:05Z
lever,f3582788-9f38-4178-aa7a-eca6b53ce5db,Veeva,Process Expert Data Operations,Data Operations - EU,Portugal - Lisbon,1,2025-12-23T17:21:46Z,,https://jobs.lever.co/veeva/f3582788-9f38-4178-aa7a-eca6b53ce5db,2026-08-05T03:08:05Z,2026-08-05T03:08:05Z
lever,91737715-709a-4395-b34e-c948d2911e76,Veeva,Product Director - Crossix Audiences,Crossix - NA,New York - New York City,1,2024-04-09T21:31:10Z,,https://jobs.lever.co/veeva/91737715-709a-4395-b34e-c948d2911e76,2026-08-05T03:08:05Z,2026-08-05T03:08:05Z
lever,4fe00b91-725e-4396-b636-68272888dde5,Veeva,Product Expert - Commercial Content,Product Management & Alliances - APAC,Japan - Tokyo,0,2025-03-18T13:28:51Z,,https://jobs.lever.co/veeva/4fe00b91-725e-4396-b636-68272888dde5,2026-08-05T03:08:05Z,2026-08-05T03:08:05Z
lever,459167ab-26c0-4a53-ba0c-11be756d0c41,Veeva,Product Expert - Health Data,Compass - NA,Massachusetts - Boston,1,2023-09-14T14:26:08Z,,https://jobs.lever.co/veeva/459167ab-26c0-4a53-ba0c-11be756d0c41,2026-08-05T03:08:05Z,2026-08-05T03:08:05Z
lever,472a0278-33e8-487e-8b82-16cdde1809ed,Veeva,Product Expert - Health Data,Compass - NA,Massachusetts - Boston,1,2023-09-14T14:16:23Z,,https://jobs.lever.co/veeva/472a0278-33e8-487e-8b82-16cdde1809ed,2026-08-05T03:08:05Z,2026-08-05T03:08:05Z
lever,9b0d3edc-709d-41ba-a6bf-8525507d2fd1,Veeva,Product Expert - Health Data,Compass - NA,Pennsylvania - Philadelphia,1,2026-06-08T16:49:21Z,,https://jobs.lever.co/veeva/9b0d3edc-709d-41ba-a6bf-8525507d2fd1,2026-08-05T03:08:05Z,2026-08-05T03:08:05Z
lever,22e7944d-5fd1-4953-94f3-20f18da83423,Veeva,Product Expert - Link Key People,Product Management & Alliances - NA,Massachusetts - Boston,1,2026-06-30T17:07:26Z,,https://jobs.lever.co/veeva/22e7944d-5fd1-4953-94f3-20f18da83423,2026-08-05T03:08:05Z,2026-08-05T03:08:05Z
lever,57a31f78-2fde-4fb5-b34a-4bd313158158,Veeva,Product Expert - Link Key People,Product Management & Alliances - EU,United Kingdom - London,1,2026-06-30T17:04:40Z,,https://jobs.lever.co/veeva/57a31f78-2fde-4fb5-b34a-4bd313158158,2026-08-05T03:08:05Z,2026-08-05T03:08:05Z
lever,b4422f94-b4d5-4ba8-bb08-da1b2c9a77f5,Veeva,Product Expert - Marketing Analytics,Crossix - NA,New York - New York City,1,2025-02-25T20:34:26Z,,https://jobs.lever.co/veeva/b4422f94-b4d5-4ba8-bb08-da1b2c9a77f5,2026-08-05T03:08:05Z,2026-08-05T03:08:05Z
lever,890c72f4-fdab-4062-a08c-7ac2a9864e5b,Veeva,Product Expert - Veeva CRM,Product Management & Alliances - NA,Massachusetts - Boston,1,2024-03-01T15:30:22Z,,https://jobs.lever.co/veeva/890c72f4-fdab-4062-a08c-7ac2a9864e5b,2026-08-05T03:08:05Z,2026-08-05T03:08:05Z
lever,16eb74d8-8611-49ec-89c0-f5e1409a6999,Veeva,Product Leader - Data,Product Management & Alliances - EU,Spain - Barcelona,1,2026-07-30T16:28:36Z,,https://jobs.lever.co/veeva/16eb74d8-8611-49ec-89c0-f5e1409a6999,2026-08-05T03:08:05Z,2026-08-05T03:08:05Z
lever,3dbab10a-6d6b-436b-806c-22954319c60b,Veeva,Product Leader - Data,Product Management & Alliances - EU,United Kingdom - London,1,2026-07-30T16:29:38Z,,https://jobs.lever.co/veeva/3dbab10a-6d6b-436b-806c-22954319c60b,2026-08-05T03:08:05Z,2026-08-05T03:08:05Z
lever,5df04649-41a8-4bb3-a30f-a3c36a6d76a1,Veeva,Product Leader - Data,Product Management & Alliances - EU,Germany - Berlin,1,2026-07-30T16:27:11Z,,https://jobs.lever.co/veeva/5df04649-41a8-4bb3-a30f-a3c36a6d76a1,2026-08-05T03:08:05Z,2026-08-05T03:08:05Z
lever,5a3973c0-b19a-4b9a-9cbb-52f43ea82252,Veeva,Product Management - Health Data Manager,Product Management & Alliances - EU,Israel - Kiryat Ono,0,2026-03-12T21:48:21Z,,https://jobs.lever.co/veeva/5a3973c0-b19a-4b9a-9cbb-52f43ea82252,2026-08-05T03:08:05Z,2026-08-05T03:08:05Z
lever,1cf31b3e-da6a-47e1-9f5c-3f0e2fe2710b,Veeva,Product Manager,Product Management & Alliances - EU,Israel - Kiryat Ono,0,2026-05-14T13:45:36Z,,https://jobs.lever.co/veeva/1cf31b3e-da6a-47e1-9f5c-3f0e2fe2710b,2026-08-05T03:08:05Z,2026-08-05T03:08:05Z
lever,20b1f4b0-8f71-4632-b256-15d6e4a73ea6,Veeva,Product Manager,Product Management & Alliances - NA,New Jersey - Lyndhurst,1,2025-09-18T20:56:30Z,,https://jobs.lever.co/veeva/20b1f4b0-8f71-4632-b256-15d6e4a73ea6,2026-08-05T03:08:05Z,2026-08-05T03:08:05Z
lever,fcfda0b6-b047-486c-b4eb-efb287acd21c,Veeva,Product Manager - cLean OpenData,Product Management & Alliances - EU,Germany - Frankfurt,1,2025-03-27T15:04:26Z,,https://jobs.lever.co/veeva/fcfda0b6-b047-486c-b4eb-efb287acd21c,2026-08-05T03:08:05Z,2026-08-05T03:08:05Z
lever,54011d58-cec6-4bcf-9758-ac567db971ec,Veeva,Product Manager - Network,Product Management & Alliances - NA,Canada - Toronto,1,2026-02-17T18:06:46Z,,https://jobs.lever.co/veeva/54011d58-cec6-4bcf-9758-ac567db971ec,2026-08-05T03:08:05Z,2026-08-05T03:08:05Z
lever,4404002e-dd81-439d-9e57-36ce2b6558f9,Veeva,Product Manager - Vault CRM Suite,Product Management & Alliances - NA,California - Pleasanton,1,2025-07-15T14:37:29Z,,https://jobs.lever.co/veeva/4404002e-dd81-439d-9e57-36ce2b6558f9,2026-08-05T03:08:05Z,2026-08-05T03:08:05Z
lever,86fa477b-da90-4be4-8d55-a17cbe51e0f2,Veeva,Product Manager - Vault CRM Suite,Product Management & Alliances - NA,Massachusetts - Boston,1,2025-08-20T15:14:59Z,,https://jobs.lever.co/veeva/86fa477b-da90-4be4-8d55-a17cbe51e0f2,2026-08-05T03:08:05Z,2026-08-05T03:08:05Z
lever,9bcf19c5-6ce4-42e7-ba6e-a76b11342950,Veeva,Product Manager - Vault CRM Suite,Product Management & Alliances - NA,Indiana - Indianapolis,1,2025-08-20T15:12:49Z,,https://jobs.lever.co/veeva/9bcf19c5-6ce4-42e7-ba6e-a76b11342950,2026-08-05T03:08:05Z,2026-08-05T03:08:05Z
lever,b4f7a4e2-b32c-425f-918e-1d0cf016ffbe,Veeva,Product Manager - Vault CRM Suite,Product Management & Alliances - NA,New York - New York City,1,2025-07-15T19:54:59Z,,https://jobs.lever.co/veeva/b4f7a4e2-b32c-425f-918e-1d0cf016ffbe,2026-08-05T03:08:05Z,2026-08-05T03:08:05Z
lever,eecef0a6-2c45-4392-8ae4-cce15e0d9b12,Veeva,Product Manager - Vault CRM Suite,Product Management & Alliances - NA,Massachusetts - Boston,1,2025-07-15T14:38:17Z,,https://jobs.lever.co/veeva/eecef0a6-2c45-4392-8ae4-cce15e0d9b12,2026-08-05T03:08:05Z,2026-08-05T03:08:05Z
lever,796830c5-d81b-43a0-82c9-48c4754d985b,Veeva,Product Manager - Veeva Labs,Product Management & Alliances - NA,California - Pleasanton,1,2023-09-25T13:47:12Z,,https://jobs.lever.co/veeva/796830c5-d81b-43a0-82c9-48c4754d985b,2026-08-05T03:08:05Z,2026-08-05T03:08:05Z
lever,e64cbe0e-d264-4efc-abfb-1b44d9a3a4a4,Veeva,Product Manager - Veeva Labs,Product Management & Alliances - NA,Utah - Salt Lake City,1,2023-09-25T13:46:11Z,,https://jobs.lever.co/veeva/e64cbe0e-d264-4efc-abfb-1b44d9a3a4a4,2026-08-05T03:08:05Z,2026-08-05T03:08:05Z
lever,2e3df18a-4e31-4fc9-a5a4-81ed8e4ec3f6,Veeva,Product Manager - Veeva Link Key People (MedTech),Product Management & Alliances - NA,Massachusetts - Boston,1,2026-01-29T17:15:38Z,,https://jobs.lever.co/veeva/2e3df18a-4e31-4fc9-a5a4-81ed8e4ec3f6,2026-08-05T03:08:05Z,2026-08-05T03:08:05Z
lever,7bf83ba7-bc39-452c-9b38-7dbf467eb1e7,Veeva,Product Manager - Veeva Link Key People (MedTech),Product Management & Alliances - EU,United Kingdom - London,1,2026-01-29T17:16:06Z,,https://jobs.lever.co/veeva/7bf83ba7-bc39-452c-9b38-7dbf467eb1e7,2026-08-05T03:08:05Z,2026-08-05T03:08:05Z
lever,fcf18b5d-0f19-4504-a4e6-aa57ef876362,Veeva,Product Manager - Veeva Link Key People (MedTech),Product Management & Alliances - EU,Germany - Berlin,1,2026-01-29T17:15:03Z,,https://jobs.lever.co/veeva/fcf18b5d-0f19-4504-a4e6-aa57ef876362,2026-08-05T03:08:05Z,2026-08-05T03:08:05Z
lever,20ac0b20-911a-46b7-a4b6-1399fe293625,Veeva,Product Manager/Director - Crossix,Crossix - NA,New York - Manhattan,1,2026-06-02T18:38:09Z,,https://jobs.lever.co/veeva/20ac0b20-911a-46b7-a4b6-1399fe293625,2026-08-05T03:08:05Z,2026-08-05T03:08:05Z
lever,026e07a9-06a6-45aa-b36e-96bb5e4d9fc7,Veeva,Product Marketing - Associate Director / Director,Product Marketing,Massachusetts - Boston,1,2025-03-12T14:43:31Z,,https://jobs.lever.co/veeva/026e07a9-06a6-45aa-b36e-96bb5e4d9fc7,2026-08-05T03:08:05Z,2026-08-05T03:08:05Z
lever,056356f8-820c-438f-b8a5-727866621382,Veeva,Product Marketing - Manager / Senior Manager,Product Marketing,North Carolina - Raleigh,1,2026-07-22T20:15:33Z,,https://jobs.lever.co/veeva/056356f8-820c-438f-b8a5-727866621382,2026-08-05T03:08:05Z,2026-08-05T03:08:05Z
lever,21abdfb7-f1e1-44cd-b63f-ae47b3f47617,Veeva,Product Marketing - Manager / Senior Manager,Product Marketing,Massachusetts - Boston,1,2022-05-20T18:46:58Z,,https://jobs.lever.co/veeva/21abdfb7-f1e1-44cd-b63f-ae47b3f47617,2026-08-05T03:08:05Z,2026-08-05T03:08:05Z
lever,6d584cfb-a3be-4b0e-a50e-34b639b40143,Veeva,Product Marketing - Manager / Senior Manager,Product Marketing,Texas - Austin,1,2025-03-12T14:50:12Z,,https://jobs.lever.co/veeva/6d584cfb-a3be-4b0e-a50e-34b639b40143,2026-08-05T03:08:05Z,2026-08-05T03:08:05Z
lever,97fd2444-a4fb-4d4d-a8da-0c08bcf16bed,Veeva,Product Marketing - Manager / Senior Manager,Product Marketing,Pennsylvania - Philadelphia,1,2025-11-24T21:55:25Z,,https://jobs.lever.co/veeva/97fd2444-a4fb-4d4d-a8da-0c08bcf16bed,2026-08-05T03:08:05Z,2026-08-05T03:08:05Z
lever,f784d66a-1809-4cff-beb8-642c84f9f4ba,Veeva,Product Marketing - Manager / Senior Manager,Product Marketing,Massachusetts - Boston,1,2021-07-07T17:55:54Z,,https://jobs.lever.co/veeva/f784d66a-1809-4cff-beb8-642c84f9f4ba,2026-08-05T03:08:05Z,2026-08-05T03:08:05Z
lever,74a36110-ca27-4806-81dc-ca3d3416b09a,Veeva,Product Marketing Manager / Associate Manager - Veeva Link,Product Marketing,New York - New York City,1,2026-06-08T17:43:04Z,,https://jobs.lever.co/veeva/74a36110-ca27-4806-81dc-ca3d3416b09a,2026-08-05T03:08:05Z,2026-08-05T03:08:05Z
lever,8ce6d550-5018-4ba0-beed-a73693b002e8,Veeva,Product Marketing Manager / Associate Manager - Veeva Link,Product Marketing,Massachusetts - Boston,1,2026-06-08T17:44:32Z,,https://jobs.lever.co/veeva/8ce6d550-5018-4ba0-beed-a73693b002e8,2026-08-05T03:08:05Z,2026-08-05T03:08:05Z
lever,0b3c9ec0-86f3-4a84-9f7b-df27921e5635,Veeva,Product Marketing Manager / Senior Manager - Clinical Operations,Product Marketing,Illinois - Chicago,1,2026-04-21T13:52:07Z,,https://jobs.lever.co/veeva/0b3c9ec0-86f3-4a84-9f7b-df27921e5635,2026-08-05T03:08:05Z,2026-08-05T03:08:05Z
lever,9533cdfe-5383-427b-affa-2ffe03598250,Veeva,Product Marketing Manager / Senior Manager - Clinical Operations,Product Marketing,New York - New York City,1,2026-04-20T19:38:37Z,,https://jobs.lever.co/veeva/9533cdfe-5383-427b-affa-2ffe03598250,2026-08-05T03:08:05Z,2026-08-05T03:08:05Z
lever,fa878846-7426-44d5-bd1a-129a8aaeb392,Veeva,Product Marketing Manager / Senior Manager - Clinical Operations,Product Marketing,United States,1,2026-04-21T13:52:50Z,,https://jobs.lever.co/veeva/fa878846-7426-44d5-bd1a-129a8aaeb392,2026-08-05T03:08:05Z,2026-08-05T03:08:05Z
lever,0d68e344-370a-4ef1-a8fe-031f13b4c1b3,Veeva,Product Marketing Manager / Senior Manager - Commercial Content,Product Marketing,Pennsylvania - Philadelphia,1,2026-06-29T17:43:23Z,,https://jobs.lever.co/veeva/0d68e344-370a-4ef1-a8fe-031f13b4c1b3,2026-08-05T03:08:05Z,2026-08-05T03:08:05Z
lever,608435e0-2240-409a-8f8d-155b6de68f86,Veeva,Product Marketing Manager / Senior Manager - Commercial Content,Product Marketing,Massachusetts - Boston,1,2026-06-30T18:01:15Z,,https://jobs.lever.co/veeva/608435e0-2240-409a-8f8d-155b6de68f86,2026-08-05T03:08:05Z,2026-08-05T03:08:05Z
lever,b3998e4c-e82b-4460-92ac-1425b5660051,Veeva,Product Marketing Manager / Senior Manager - Commercial Content,Product Marketing,New York - New York City,1,2026-06-30T18:01:39Z,,https://jobs.lever.co/veeva/b3998e4c-e82b-4460-92ac-1425b5660051,2026-08-05T03:08:05Z,2026-08-05T03:08:05Z
lever,eb5a8b4c-d264-4133-a62c-189cd851e38c,Veeva,Product Owner (Link Key Accounts),Product Management & Alliances - EU,United Kingdom - London,1,2026-06-23T21:42:57Z,,https://jobs.lever.co/veeva/eb5a8b4c-d264-4133-a62c-189cd851e38c,2026-08-05T03:08:05Z,2026-08-05T03:08:05Z
lever,47e940df-8240-4825-836f-5ef1bcf55556,Veeva,Product Support Engineer,Product Support - NA,Ohio - Columbus,1,2023-02-16T20:17:34Z,,https://jobs.lever.co/veeva/47e940df-8240-4825-836f-5ef1bcf55556,2026-08-05T03:08:05Z,2026-08-05T03:08:05Z
lever,5aefb4ae-b8a7-4533-82b3-67d47eeb9614,Veeva,Project Manager - Commercial,Commercial Services - NA,Pennsylvania - Philadelphia,1,2025-09-03T14:39:21Z,,https://jobs.lever.co/veeva/5aefb4ae-b8a7-4533-82b3-67d47eeb9614,2026-08-05T03:08:05Z,2026-08-05T03:08:05Z
lever,cb7e1cb2-605a-4801-ba04-ec3f2fd9be78,Veeva,Project Manager - Commercial,Commercial Services - NA,Massachusetts - Boston,1,2025-09-03T14:40:36Z,,https://jobs.lever.co/veeva/cb7e1cb2-605a-4801-ba04-ec3f2fd9be78,2026-08-05T03:08:05Z,2026-08-05T03:08:05Z
lever,f31c5154-0e3f-46ac-b806-d2d2bee94626,Veeva,Project Manager - Commercial,Commercial Services - NA,Wisconsin - Madison,1,2025-09-03T14:39:57Z,,https://jobs.lever.co/veeva/f31c5154-0e3f-46ac-b806-d2d2bee94626,2026-08-05T03:08:05Z,2026-08-05T03:08:05Z
lever,0d3fc4d8-8ea0-4ab1-b8d5-5bd851e38d66,Veeva,Project Manager - RTSM,Professional Services,Massachusetts - Boston,1,2022-03-09T16:08:19Z,,https://jobs.lever.co/veeva/0d3fc4d8-8ea0-4ab1-b8d5-5bd851e38d66,2026-08-05T03:08:05Z,2026-08-05T03:08:05Z
lever,8957b99c-92fb-4773-bee2-e7309ff028a5,Veeva,Project Manager - RTSM,Professional Services,Croatia - Zagreb,1,2023-04-19T17:52:49Z,,https://jobs.lever.co/veeva/8957b99c-92fb-4773-bee2-e7309ff028a5,2026-08-05T03:08:05Z,2026-08-05T03:08:05Z
lever,3a3fc672-e56e-46e3-8773-9859a38247ee,Veeva,Proposal Manager - Europe,Quality - EU,Spain - Barcelona,1,2026-07-31T17:43:39Z,,https://jobs.lever.co/veeva/3a3fc672-e56e-46e3-8773-9859a38247ee,2026-08-05T03:08:05Z,2026-08-05T03:08:05Z
lever,f052002c-f399-4872-ab5a-4858c1253824,Veeva,Proposal Manager - Europe,Quality - EU,United Kingdom - London,1,2026-07-31T17:42:04Z,,https://jobs.lever.co/veeva/f052002c-f399-4872-ab5a-4858c1253824,2026-08-05T03:08:05Z,2026-08-05T03:08:05Z
lever,26989a58-1d9d-43d1-b8da-9d1e681b4254,Veeva,QA (Quality Assurance) Manager,Product Management & Alliances - APAC,China - Dalian,0,2025-09-04T15:21:21Z,,https://jobs.lever.co/veeva/26989a58-1d9d-43d1-b8da-9d1e681b4254,2026-08-05T03:08:05Z,2026-08-05T03:08:05Z
lever,9101c159-13e1-44cd-b37c-3d724130f599,Veeva,QA Engineer - Ostro,Ostro - NA,Massachusetts - Boston,1,2026-07-24T16:32:36Z,,https://jobs.lever.co/veeva/9101c159-13e1-44cd-b37c-3d724130f599,2026-08-05T03:08:05Z,2026-08-05T03:08:05Z
lever,b405acf8-fcdf-4b4d-b31b-0ccd7839c723,Veeva,QA Engineer - Ostro,Ostro - NA,Canada - Toronto,1,2026-07-24T16:36:24Z,,https://jobs.lever.co/veeva/b405acf8-fcdf-4b4d-b31b-0ccd7839c723,2026-08-05T03:08:05Z,2026-08-05T03:08:05Z
lever,185d290c-84d7-4f81-bde4-4771d98aac91,Veeva,Quality Operations Program Manager - Document Control,Quality & Security & Compliance - NA,California - Pleasanton,1,2026-07-02T00:16:42Z,,https://jobs.lever.co/veeva/185d290c-84d7-4f81-bde4-4771d98aac91,2026-08-05T03:08:05Z,2026-08-05T03:08:05Z
lever,930fd5b7-722f-4532-8a63-e1893eedc103,Veeva,Quality Operations Program Manager - Document Control,Quality & Security & Compliance - NA,Massachusetts - Boston,1,2026-07-02T00:18:21Z,,https://jobs.lever.co/veeva/930fd5b7-722f-4532-8a63-e1893eedc103,2026-08-05T03:08:05Z,2026-08-05T03:08:05Z
lever,b238dfac-f6b6-48b5-bd32-da5dd573359e,Veeva,Quality Operations Program Manager - Document Control,Quality & Security & Compliance - NA,Massachusetts - Boston,1,2026-07-02T00:12:07Z,,https://jobs.lever.co/veeva/b238dfac-f6b6-48b5-bd32-da5dd573359e,2026-08-05T03:08:05Z,2026-08-05T03:08:05Z
lever,848b9946-3ce8-4b2e-bbda-2af273254903,Veeva,Release Engineer,QA & Release Engineering - APAC,India - Hyderabad,0,2026-02-23T16:33:28Z,,https://jobs.lever.co/veeva/848b9946-3ce8-4b2e-bbda-2af273254903,2026-08-05T03:08:05Z,2026-08-05T03:08:05Z
lever,000579aa-94df-4c56-b585-d348634d5536,Veeva,RIM Implementation Consultant,DevCloud Services - NA,Massachusetts - Boston,1,2025-02-28T17:56:59Z,,https://jobs.lever.co/veeva/000579aa-94df-4c56-b585-d348634d5536,2026-08-05T03:08:05Z,2026-08-05T03:08:05Z
lever,f74b4483-0b7f-4e41-a2e9-a2ff6aa055b2,Veeva,RTSM Program Director,Professional Services,Croatia - Zagreb,1,2025-11-25T22:00:03Z,,https://jobs.lever.co/veeva/f74b4483-0b7f-4e41-a2e9-a2ff6aa055b2,2026-08-05T03:08:05Z,2026-08-05T03:08:05Z
lever,9b5dcc3a-2cb6-4b31-9c0e-6817566379fa,Veeva,Sales and Account Partner,Quality - APAC,India - Bengaluru,1,2025-08-19T13:51:17Z,,https://jobs.lever.co/veeva/9b5dcc3a-2cb6-4b31-9c0e-6817566379fa,2026-08-05T03:08:05Z,2026-08-05T03:08:05Z
lever,b86ae518-9518-4cf4-ab21-f02c7b8a91a0,Veeva,Sales and Account Partner,Quality - APAC,India - Delhi,1,2025-08-19T13:50:24Z,,https://jobs.lever.co/veeva/b86ae518-9518-4cf4-ab21-f02c7b8a91a0,2026-08-05T03:08:05Z,2026-08-05T03:08:05Z
lever,26668347-d671-4058-8027-fc8a13bbf1ab,Veeva,Sales Development Representative,SDR - NA,New York - New York City,1,2025-04-09T18:08:10Z,,https://jobs.lever.co/veeva/26668347-d671-4058-8027-fc8a13bbf1ab,2026-08-05T03:08:05Z,2026-08-05T03:08:05Z
lever,b791ac5d-a192-4bb7-8349-e0d076315fbf,Veeva,Sales Development Representative,SDR - NA,Massachusetts - Boston,1,2025-04-09T18:07:19Z,,https://jobs.lever.co/veeva/b791ac5d-a192-4bb7-8349-e0d076315fbf,2026-08-05T03:08:05Z,2026-08-05T03:08:05Z
lever,dcc0923c-b580-4348-b01d-da2a9dafaed4,Veeva,Sales Development Representative - DACH,SDR - EU,Germany - Berlin,1,2025-07-31T19:23:01Z,,https://jobs.lever.co/veeva/dcc0923c-b580-4348-b01d-da2a9dafaed4,2026-08-05T03:08:05Z,2026-08-05T03:08:05Z
lever,12a93e89-ea2f-40fd-8591-31b8587cc730,Veeva,Sales Development Representative - Nordics,SDR - EU,Denmark - Copenhagen,1,2024-05-16T15:34:29Z,,https://jobs.lever.co/veeva/12a93e89-ea2f-40fd-8591-31b8587cc730,2026-08-05T03:08:05Z,2026-08-05T03:08:05Z
lever,8865bf47-dc3a-4003-9950-bdb6edd0444b,Veeva,Sales Development Representative - Southern Europe,SDR - EU,Spain - Barcelona,1,2025-07-31T19:27:20Z,,https://jobs.lever.co/veeva/8865bf47-dc3a-4003-9950-bdb6edd0444b,2026-08-05T03:08:05Z,2026-08-05T03:08:05Z
lever,2e43cb8f-7844-4c69-8b2f-1b9f33bec55b,Veeva,Sales Manager - Veeva Quality Cloud,Quality - NA,Massachusetts - Boston,1,2026-04-23T13:54:05Z,,https://jobs.lever.co/veeva/2e43cb8f-7844-4c69-8b2f-1b9f33bec55b,2026-08-05T03:08:05Z,2026-08-05T03:08:05Z
lever,42e45c13-cef1-4e9b-8298-43a9be4b13bf,Veeva,Sales Manager - Veeva Quality Cloud,Quality - NA,Pennsylvania - Philadelphia,1,2026-04-23T13:32:30Z,,https://jobs.lever.co/veeva/42e45c13-cef1-4e9b-8298-43a9be4b13bf,2026-08-05T03:08:05Z,2026-08-05T03:08:05Z
lever,5009624d-61fd-4b51-85f0-cdbb912f9d71,Veeva,Sales Manager - Veeva Quality Cloud,Quality - NA,California - San Francisco,1,2026-04-23T13:53:27Z,,https://jobs.lever.co/veeva/5009624d-61fd-4b51-85f0-cdbb912f9d71,2026-08-05T03:08:05Z,2026-08-05T03:08:05Z
lever,4d58197f-e3f8-422f-acbf-eb33cd3af9c7,Veeva,Senior Account Partner - R&D,R&D - APAC,China - Shanghai,0,2026-05-22T14:48:36Z,,https://jobs.lever.co/veeva/4d58197f-e3f8-422f-acbf-eb33cd3af9c7,2026-08-05T03:08:05Z,2026-08-05T03:08:05Z
lever,ae542a60-eee2-45c6-933e-bb673cf45fd3,Veeva,Senior Account Partner - R&D,R&D - APAC,China - Suzhou,0,2026-05-22T14:17:05Z,,https://jobs.lever.co/veeva/ae542a60-eee2-45c6-933e-bb673cf45fd3,2026-08-05T03:08:05Z,2026-08-05T03:08:05Z
lever,1f6a6da5-2f2f-4c58-871d-7e846505b789,Veeva,Senior Account Partner - Veeva QualityOne,Quality - APAC,Singapore - Singapore,0,2026-03-10T21:33:37Z,,https://jobs.lever.co/veeva/1f6a6da5-2f2f-4c58-871d-7e846505b789,2026-08-05T03:08:05Z,2026-08-05T03:08:05Z
lever,61df5f7f-b0a1-45f7-be53-f5e83ce3de9e,Veeva,Senior Account Partner - Veeva QualityOne,Quality - APAC,Japan - Osaka,0,2026-03-12T14:50:59Z,,https://jobs.lever.co/veeva/61df5f7f-b0a1-45f7-be53-f5e83ce3de9e,2026-08-05T03:08:05Z,2026-08-05T03:08:05Z
lever,930a55ab-48ca-46ba-b686-dc7fcb722cbc,Veeva,Senior Account Partner - Veeva QualityOne,Quality - APAC,Japan - Tokyo,0,2026-03-12T14:49:51Z,,https://jobs.lever.co/veeva/930a55ab-48ca-46ba-b686-dc7fcb722cbc,2026-08-05T03:08:05Z,2026-08-05T03:08:05Z
lever,1842f499-9860-4b76-b8d4-03e3f10d541c,Veeva,Senior Architect - Commercial Life Sciences (Remote),Commercial Services - NA,Pennsylvania - Philadelphia,1,2023-03-21T18:24:53Z,,https://jobs.lever.co/veeva/1842f499-9860-4b76-b8d4-03e3f10d541c,2026-08-05T03:08:05Z,2026-08-05T03:08:05Z
lever,a482c0b8-ed70-4f6f-9d45-cbbcd1fafbf6,Veeva,Senior Architect - Commercial Life Sciences (Remote),Commercial Services - NA,Massachusetts - Boston,1,2023-03-21T18:22:29Z,,https://jobs.lever.co/veeva/a482c0b8-ed70-4f6f-9d45-cbbcd1fafbf6,2026-08-05T03:08:05Z,2026-08-05T03:08:05Z
lever,e9f1c12b-3005-4835-b8aa-fc803ccc63d8,Veeva,Senior Architect - Commercial Life Sciences (Remote),Commercial Services - NA,New Jersey - Newark,1,2023-03-21T18:23:59Z,,https://jobs.lever.co/veeva/e9f1c12b-3005-4835-b8aa-fc803ccc63d8,2026-08-05T03:08:05Z,2026-08-05T03:08:05Z
lever,a5c713a2-8ec2-456d-ad64-27dcc70c874d,Veeva,Senior Associate - Client Analytics Services,Crossix - NA,New York - New York City,1,2026-04-27T18:36:47Z,,https://jobs.lever.co/veeva/a5c713a2-8ec2-456d-ad64-27dcc70c874d,2026-08-05T03:08:05Z,2026-08-05T03:08:05Z
lever,dcdb6e6b-5692-4c0a-934f-db2f74c533d3,Veeva,Senior Business Consultant - Events Business Consulting,Events - NA,Massachusetts - Boston,1,2026-01-20T22:46:54Z,,https://jobs.lever.co/veeva/dcdb6e6b-5692-4c0a-934f-db2f74c533d3,2026-08-05T03:08:05Z,2026-08-05T03:08:05Z
lever,4517be43-4c6a-4398-9406-18a6100a1a38,Veeva,Senior Business Consultant - Global Analytics,Analytics - NA,Massachusetts - Boston,1,2025-01-24T20:05:36Z,,https://jobs.lever.co/veeva/4517be43-4c6a-4398-9406-18a6100a1a38,2026-08-05T03:08:05Z,2026-08-05T03:08:05Z
lever,08d65a5f-a2f6-4ad3-abe1-1404c362e818,Veeva,Senior Business Consultant - Global Content,Content - NA,Massachusetts - Boston,1,2025-10-20T22:12:07Z,,https://jobs.lever.co/veeva/08d65a5f-a2f6-4ad3-abe1-1404c362e818,2026-08-05T03:08:05Z,2026-08-05T03:08:05Z
lever,f7035caa-d2df-4889-96b3-a3aef0f8c74c,Veeva,Senior Business Consultant - Life Sciences Quality,Quality - NA,Massachusetts - Boston,1,2024-04-12T14:56:21Z,,https://jobs.lever.co/veeva/f7035caa-d2df-4889-96b3-a3aef0f8c74c,2026-08-05T03:08:05Z,2026-08-05T03:08:05Z
lever,57a5f192-5d65-4460-859a-1b1b7ace930a,Veeva,Senior Business Consultant - Life Sciences R&D,R&D - NA,Massachusetts - Boston,1,2022-11-14T23:08:49Z,,https://jobs.lever.co/veeva/57a5f192-5d65-4460-859a-1b1b7ace930a,2026-08-05T03:08:05Z,2026-08-05T03:08:05Z
lever,c97c5edd-85bb-4076-b6c9-6e76c110c403,Veeva,Senior Clinical Domain Expert - Falcon,Falcon - NA,Massachusetts - Boston,1,2026-07-02T01:19:42Z,,https://jobs.lever.co/veeva/c97c5edd-85bb-4076-b6c9-6e76c110c403,2026-08-05T03:08:05Z,2026-08-05T03:08:05Z
lever,64cbf0fa-1ca2-4b45-88b3-94e93d868222,Veeva,Senior Cloud CRM Consultant (Remote),Commercial Services - EU,Hungary - Budapest,1,2025-01-13T20:51:47Z,,https://jobs.lever.co/veeva/64cbf0fa-1ca2-4b45-88b3-94e93d868222,2026-08-05T03:08:05Z,2026-08-05T03:08:05Z
lever,d2f4afe4-04bf-4292-bf9d-eed24d113e9f,Veeva,Senior Cloud Software Consultant (Remote),Commercial Services - EU,Hungary - Budapest,1,2025-01-13T20:36:51Z,,https://jobs.lever.co/veeva/d2f4afe4-04bf-4292-bf9d-eed24d113e9f,2026-08-05T03:08:05Z,2026-08-05T03:08:05Z
lever,637445b5-2746-4096-a7aa-c92af724dd4b,Veeva,Senior Consultant,Asia Services,China - Beijing,0,2026-07-03T14:45:40Z,,https://jobs.lever.co/veeva/637445b5-2746-4096-a7aa-c92af724dd4b,2026-08-05T03:08:05Z,2026-08-05T03:08:05Z
lever,b945ca46-e5b6-4970-87dd-2231a11c010b,Veeva,Senior Consultant,Asia Services,China - Shanghai,0,2026-07-03T14:45:18Z,,https://jobs.lever.co/veeva/b945ca46-e5b6-4970-87dd-2231a11c010b,2026-08-05T03:08:05Z,2026-08-05T03:08:05Z
lever,aa264fd7-56b0-4b98-aa99-05a51ce62c20,Veeva,Senior Consultant - CDMS Services (eCOA),Asia Services,Japan - Tokyo,0,2025-12-17T15:58:22Z,,https://jobs.lever.co/veeva/aa264fd7-56b0-4b98-aa99-05a51ce62c20,2026-08-05T03:08:05Z,2026-08-05T03:08:05Z
lever,6118773e-2e99-4ab3-b71b-8110d44d2bc5,Veeva,Senior Consultant - Commercial Architecture (Remote),Commercial Services - EU,United Kingdom - London,1,2025-06-23T17:23:25Z,,https://jobs.lever.co/veeva/6118773e-2e99-4ab3-b71b-8110d44d2bc5,2026-08-05T03:08:05Z,2026-08-05T03:08:05Z
lever,eade7c85-4fbb-47a2-a24c-8b2c0ba140c6,Veeva,Senior Consultant - Commercial Architecture (Remote),Commercial Services - EU,Spain - Barcelona,1,2025-06-23T17:25:08Z,,https://jobs.lever.co/veeva/eade7c85-4fbb-47a2-a24c-8b2c0ba140c6,2026-08-05T03:08:05Z,2026-08-05T03:08:05Z
lever,f8e50d05-d8fc-49e8-a686-22ad219bce9a,Veeva,Senior Consultant - Commercial Architecture (Remote),Commercial Services - EU,Germany - Berlin,1,2025-06-23T17:25:39Z,,https://jobs.lever.co/veeva/f8e50d05-d8fc-49e8-a686-22ad219bce9a,2026-08-05T03:08:05Z,2026-08-05T03:08:05Z
lever,288737fc-b86d-453d-af98-4a23997cbc54,Veeva,Senior Consultant - Commercial Content,Commercial Services - NA,California - San Francisco,1,2025-08-28T15:16:59Z,,https://jobs.lever.co/veeva/288737fc-b86d-453d-af98-4a23997cbc54,2026-08-05T03:08:05Z,2026-08-05T03:08:05Z
lever,3134f178-51d8-47e3-bd9d-9cc98db8d166,Veeva,Senior Consultant - Commercial Content,Commercial Services - NA,New York - New York City,1,2025-08-28T15:17:35Z,,https://jobs.lever.co/veeva/3134f178-51d8-47e3-bd9d-9cc98db8d166,2026-08-05T03:08:05Z,2026-08-05T03:08:05Z
lever,c39b0fa7-3378-40dd-ac7c-7e8eb01c475f,Veeva,Senior Consultant - Commercial Content,Commercial Services - NA,Wisconsin - Madison,1,2025-08-28T15:18:10Z,,https://jobs.lever.co/veeva/c39b0fa7-3378-40dd-ac7c-7e8eb01c475f,2026-08-05T03:08:05Z,2026-08-05T03:08:05Z
lever,68cc65d1-f8e4-434c-8c77-28cf1a44e74e,Veeva,Senior Consultant - Commercial Services,Asia Services,Japan - Tokyo,0,2025-01-16T16:43:13Z,,https://jobs.lever.co/veeva/68cc65d1-f8e4-434c-8c77-28cf1a44e74e,2026-08-05T03:08:05Z,2026-08-05T03:08:05Z
lever,8d9b5c9d-eb59-4521-94c6-ced17eee7fec,Veeva,Senior Consultant - Commercial Services,Asia Services,Japan - Osaka,0,2025-01-16T16:42:18Z,,https://jobs.lever.co/veeva/8d9b5c9d-eb59-4521-94c6-ced17eee7fec,2026-08-05T03:08:05Z,2026-08-05T03:08:05Z
lever,002eb252-88f6-4cd8-9431-1add8f34635b,Veeva,Senior Consultant - Commerical Life Sciences Targeting and Segmentation,Commercial Services - NA,Pennsylvania - Philadelphia,1,2026-03-16T20:47:43Z,,https://jobs.lever.co/veeva/002eb252-88f6-4cd8-9431-1add8f34635b,2026-08-05T03:08:05Z,2026-08-05T03:08:05Z
lever,20cdffee-1e26-43ef-ad33-7913a6fa2518,Veeva,Senior Consultant - Commerical Life Sciences Targeting and Segmentation,Commercial Services - NA,Wisconsin - Madison,1,2026-03-16T20:47:01Z,,https://jobs.lever.co/veeva/20cdffee-1e26-43ef-ad33-7913a6fa2518,2026-08-05T03:08:05Z,2026-08-05T03:08:05Z
lever,bb661822-d8c6-414f-91a7-be30f9e539dd,Veeva,Senior Consultant - Commerical Life Sciences Targeting and Segmentation,Commercial Services - NA,Massachusetts - Boston,1,2026-03-16T20:46:11Z,,https://jobs.lever.co/veeva/bb661822-d8c6-414f-91a7-be30f9e539dd,2026-08-05T03:08:05Z,2026-08-05T03:08:05Z
lever,a5d39d9c-f0d4-441d-9446-8f75da2cee41,Veeva,Senior Consultant - eCOA Services,Professional Services,Massachusetts - Boston,1,2026-07-20T19:43:16Z,,https://jobs.lever.co/veeva/a5d39d9c-f0d4-441d-9446-8f75da2cee41,2026-08-05T03:08:05Z,2026-08-05T03:08:05Z
lever,11e2745a-7234-4089-9018-699f7aef90bd,Veeva,Senior Consultant - LIMS,Quality Cloud Services - NA,North Carolina - Raleigh,1,2025-10-03T16:16:26Z,,https://jobs.lever.co/veeva/11e2745a-7234-4089-9018-699f7aef90bd,2026-08-05T03:08:05Z,2026-08-05T03:08:05Z
lever,2de78235-1ca4-42ff-9bab-b22779ca61f3,Veeva,Senior Consultant - LIMS,Quality Cloud Services - NA,Pennsylvania - Philadelphia,1,2025-10-03T16:13:53Z,,https://jobs.lever.co/veeva/2de78235-1ca4-42ff-9bab-b22779ca61f3,2026-08-05T03:08:05Z,2026-08-05T03:08:05Z
lever,3dc2fa6d-beb7-4c2f-83ac-78e013a2d547,Veeva,Senior Consultant - LIMS,Quality Cloud Services - NA,Massachusetts - Boston,1,2025-10-03T16:10:44Z,,https://jobs.lever.co/veeva/3dc2fa6d-beb7-4c2f-83ac-78e013a2d547,2026-08-05T03:08:05Z,2026-08-05T03:08:05Z
lever,3ce00b1b-4e20-418b-a20b-98fb0bb4f802,Veeva,Senior Consultant - MedTech Clinical Operations,DevCloud Services - NA,Pennsylvania - Philadelphia,1,2025-09-04T21:15:26Z,,https://jobs.lever.co/veeva/3ce00b1b-4e20-418b-a20b-98fb0bb4f802,2026-08-05T03:08:05Z,2026-08-05T03:08:05Z
lever,6a0d6c08-70d5-4b54-9f8d-7d30df694517,Veeva,Senior Consultant - MedTech Clinical Operations,DevCloud Services - NA,Minnesota - Minneapolis,1,2025-09-04T21:13:50Z,,https://jobs.lever.co/veeva/6a0d6c08-70d5-4b54-9f8d-7d30df694517,2026-08-05T03:08:05Z,2026-08-05T03:08:05Z
lever,92e3183e-f98e-4a2d-a71e-c258c6651b58,Veeva,Senior Consultant - MedTech Clinical Operations,DevCloud Services - NA,Massachusetts - Boston,1,2025-09-04T21:16:14Z,,https://jobs.lever.co/veeva/92e3183e-f98e-4a2d-a71e-c258c6651b58,2026-08-05T03:08:05Z,2026-08-05T03:08:05Z
lever,4ef2ed4c-4d52-4922-a362-4d9afa30023d,Veeva,Senior Consultant - MedTech QMS Complaints,Quality Cloud Services - NA,Minnesota - Minneapolis,1,2025-06-23T16:53:59Z,,https://jobs.lever.co/veeva/4ef2ed4c-4d52-4922-a362-4d9afa30023d,2026-08-05T03:08:05Z,2026-08-05T03:08:05Z
lever,5b662bce-ebd2-4948-84c3-449eb450a8df,Veeva,Senior Consultant - MedTech QMS Complaints,Quality Cloud Services - NA,Massachusetts - Boston,1,2025-06-23T16:54:39Z,,https://jobs.lever.co/veeva/5b662bce-ebd2-4948-84c3-449eb450a8df,2026-08-05T03:08:05Z,2026-08-05T03:08:05Z
lever,2f4c7e27-ab68-46d6-ae3f-fa8f79c7888c,Veeva,Senior Consultant - MedTech Regulatory Implementation,DevCloud Services - NA,Massachusetts - Boston,1,2026-04-29T21:58:03Z,,https://jobs.lever.co/veeva/2f4c7e27-ab68-46d6-ae3f-fa8f79c7888c,2026-08-05T03:08:05Z,2026-08-05T03:08:05Z
lever,ec5c9fe2-45a9-4d7a-b3cd-de22999790e2,Veeva,Senior Consultant - MedTech Regulatory Implementation,DevCloud Services - NA,Illinois - Chicago,1,2026-04-29T21:57:03Z,,https://jobs.lever.co/veeva/ec5c9fe2-45a9-4d7a-b3cd-de22999790e2,2026-08-05T03:08:05Z,2026-08-05T03:08:05Z
lever,ed8c1a0b-4198-430a-af35-67c9320c7561,Veeva,Senior Consultant - MedTech Regulatory Implementation,DevCloud Services - NA,Pennsylvania - Philadelphia,1,2026-04-29T21:55:58Z,,https://jobs.lever.co/veeva/ed8c1a0b-4198-430a-af35-67c9320c7561,2026-08-05T03:08:05Z,2026-08-05T03:08:05Z
lever,03482573-3792-41e2-9f46-f5169c3d442d,Veeva,Senior Consultant - Migration Architect,Global Technical Services,United Kingdom - London,1,2023-01-12T21:21:00Z,,https://jobs.lever.co/veeva/03482573-3792-41e2-9f46-f5169c3d442d,2026-08-05T03:08:05Z,2026-08-05T03:08:05Z
lever,9110168b-de7c-47f7-8f49-be0d32f923c2,Veeva,Senior Consultant - Migration Architect,Global Technical Services,Denmark - Copenhagen,1,2023-01-12T21:23:13Z,,https://jobs.lever.co/veeva/9110168b-de7c-47f7-8f49-be0d32f923c2,2026-08-05T03:08:05Z,2026-08-05T03:08:05Z
lever,a0eda44d-a71c-4fc5-b13a-89a8c7d07225,Veeva,Senior Consultant - Migration Architect,Global Technical Services,Ireland - Dublin,1,2023-01-12T21:24:09Z,,https://jobs.lever.co/veeva/a0eda44d-a71c-4fc5-b13a-89a8c7d07225,2026-08-05T03:08:05Z,2026-08-05T03:08:05Z
lever,5d629c51-8951-4ee9-8f4b-d3ca67150a26,Veeva,Senior Consultant - Pharmacovigilance/Safety Systems Implementation (Remote),DevCloud Services - NA,Pennsylvania - Philadelphia,1,2024-12-18T15:24:00Z,,https://jobs.lever.co/veeva/5d629c51-8951-4ee9-8f4b-d3ca67150a26,2026-08-05T03:08:05Z,2026-08-05T03:08:05Z
lever,27a02f7f-7782-4c85-9697-ff5c2fc4e479,Veeva,Senior Consultant - Post-Implementation,Quality Cloud Services - NA,Massachusetts - Boston,1,2021-11-12T15:12:40Z,,https://jobs.lever.co/veeva/27a02f7f-7782-4c85-9697-ff5c2fc4e479,2026-08-05T03:08:05Z,2026-08-05T03:08:05Z
lever,4f374eb0-b8a6-4564-b246-21fc1d7aa0e7,Veeva,Senior Consultant - Post-Implementation,Quality Cloud Services - NA,Wisconsin - Madison,1,2026-04-10T14:15:31Z,,https://jobs.lever.co/veeva/4f374eb0-b8a6-4564-b246-21fc1d7aa0e7,2026-08-05T03:08:05Z,2026-08-05T03:08:05Z
lever,a12d56b7-f9d3-4dce-b581-a686b1b9c65a,Veeva,Senior Consultant - Post-Implementation,Quality Cloud Services - NA,Pennsylvania - Philadelphia,1,2021-08-06T21:17:07Z,,https://jobs.lever.co/veeva/a12d56b7-f9d3-4dce-b581-a686b1b9c65a,2026-08-05T03:08:05Z,2026-08-05T03:08:05Z
lever,2d41c5a0-7a86-4bda-b515-d31c335c6f5a,Veeva,Senior Consultant - Regulatory Operations Software Implementation (Remote),DevCloud Services - NA,Massachusetts - Boston,1,2024-10-10T16:31:57Z,,https://jobs.lever.co/veeva/2d41c5a0-7a86-4bda-b515-d31c335c6f5a,2026-08-05T03:08:05Z,2026-08-05T03:08:05Z
lever,9df59ae9-8784-4d80-90f2-c4a399c2eb85,Veeva,Senior Consultant - Regulatory Operations Software Implementation (Remote),DevCloud Services - NA,Pennsylvania - Philadelphia,1,2024-10-10T16:32:26Z,,https://jobs.lever.co/veeva/9df59ae9-8784-4d80-90f2-c4a399c2eb85,2026-08-05T03:08:05Z,2026-08-05T03:08:05Z
lever,fcfd78ef-f32a-4b63-a831-99e7e3238681,Veeva,Senior Consultant - RTSM,Asia Services,Japan - Tokyo,0,2025-04-08T17:16:05Z,,https://jobs.lever.co/veeva/fcfd78ef-f32a-4b63-a831-99e7e3238681,2026-08-05T03:08:05Z,2026-08-05T03:08:05Z
lever,8a9f27bd-0e0b-47be-a93b-6e94d182d4bf,Veeva,Senior Consultant - Safety,Asia Services,Japan - Tokyo,0,2025-01-16T16:36:00Z,,https://jobs.lever.co/veeva/8a9f27bd-0e0b-47be-a93b-6e94d182d4bf,2026-08-05T03:08:05Z,2026-08-05T03:08:05Z
lever,453c6076-8fab-4fdc-b387-7b8540896d1d,Veeva,Senior Consultant - Software Implementation (Remote),Commercial Services - NA,Wisconsin - Madison,1,2025-04-10T20:25:41Z,,https://jobs.lever.co/veeva/453c6076-8fab-4fdc-b387-7b8540896d1d,2026-08-05T03:08:05Z,2026-08-05T03:08:05Z
lever,f2453c14-6720-487e-b9ff-7d9bc1a5ff56,Veeva,Senior Consultant - Software Implementation (Remote),Commercial Services - NA,Georgia - Atlanta,1,2025-04-10T20:24:31Z,,https://jobs.lever.co/veeva/f2453c14-6720-487e-b9ff-7d9bc1a5ff56,2026-08-05T03:08:05Z,2026-08-05T03:08:05Z
lever,f8c5bcbb-f769-4659-9358-bc559ab0cdb7,Veeva,Senior Consultant - Software Implementation (Remote),Commercial Services - NA,North Carolina - Raleigh,1,2025-04-10T15:08:37Z,,https://jobs.lever.co/veeva/f8c5bcbb-f769-4659-9358-bc559ab0cdb7,2026-08-05T03:08:05Z,2026-08-05T03:08:05Z
lever,47f6a225-5e53-4cad-8f5c-82d23a57da3c,Veeva,Senior Consultant - Vault PromoMats,Commercial Services - EU,Spain - Barcelona,1,2026-06-22T22:15:46Z,,https://jobs.lever.co/veeva/47f6a225-5e53-4cad-8f5c-82d23a57da3c,2026-08-05T03:08:05Z,2026-08-05T03:08:05Z
lever,698ed27d-3fea-4922-b1d7-21afd505a5e8,Veeva,Senior Consultant - Vault PromoMats,Commercial Services - EU,Germany - Berlin,1,2026-06-22T22:15:04Z,,https://jobs.lever.co/veeva/698ed27d-3fea-4922-b1d7-21afd505a5e8,2026-08-05T03:08:05Z,2026-08-05T03:08:05Z
lever,6ebed4fc-b58e-41d9-a45b-f5dd0a2b7659,Veeva,Senior Consultant - Vault PromoMats,Commercial Services - EU,United Kingdom - London,1,2026-06-22T22:14:21Z,,https://jobs.lever.co/veeva/6ebed4fc-b58e-41d9-a45b-f5dd0a2b7659,2026-08-05T03:08:05Z,2026-08-05T03:08:05Z
lever,7ab5ad97-ded9-44bd-a87b-c960e9a46f9d,Veeva,Senior Consultant - Veeva Clinical Operations - Managed Services (Remote),DevCloud Services - EU,Poland - Warsaw,1,2022-07-14T10:26:39Z,,https://jobs.lever.co/veeva/7ab5ad97-ded9-44bd-a87b-c960e9a46f9d,2026-08-05T03:08:05Z,2026-08-05T03:08:05Z
lever,e254eb0d-b347-4107-b360-94b70a3f6079,Veeva,Senior Consultant - Veeva Clinical Operations - Managed Services (Remote),DevCloud Services - EU,Hungary - Budapest,1,2022-07-14T10:26:09Z,,https://jobs.lever.co/veeva/e254eb0d-b347-4107-b360-94b70a3f6079,2026-08-05T03:08:05Z,2026-08-05T03:08:05Z
lever,1eee5e64-55a9-47ed-abbe-f44d0b815797,Veeva,Senior Consultant - Veeva Network MDM,Commercial Services - NA,Pennsylvania - Philadelphia,1,2026-06-24T21:57:17Z,,https://jobs.lever.co/veeva/1eee5e64-55a9-47ed-abbe-f44d0b815797,2026-08-05T03:08:05Z,2026-08-05T03:08:05Z
lever,34bd89e1-d14e-4723-8b3b-cd9e20982ae2,Veeva,Senior Consultant - Veeva Network MDM,Commercial Services - NA,Wisconsin - Madison,1,2026-06-24T21:58:08Z,,https://jobs.lever.co/veeva/34bd89e1-d14e-4723-8b3b-cd9e20982ae2,2026-08-05T03:08:05Z,2026-08-05T03:08:05Z
lever,b0a21a00-d5c3-4ede-b043-510ddf958e9b,Veeva,Senior Consultant - Veeva Network MDM,Commercial Services - NA,Massachusetts - Boston,1,2026-06-24T21:54:56Z,,https://jobs.lever.co/veeva/b0a21a00-d5c3-4ede-b043-510ddf958e9b,2026-08-05T03:08:05Z,2026-08-05T03:08:05Z
lever,37803247-f815-454f-a1ea-e7a1ff27f2b9,Veeva,Senior Consultant - Veeva QualityOne,Asia Services,Japan - Tokyo,0,2026-03-12T14:29:16Z,,https://jobs.lever.co/veeva/37803247-f815-454f-a1ea-e7a1ff27f2b9,2026-08-05T03:08:05Z,2026-08-05T03:08:05Z
lever,4940dc48-3a7a-4bb5-9353-570a2e8a3f16,Veeva,Senior Consultant - Veeva QualityOne,Asia Services,Japan - Osaka,0,2026-03-12T14:30:05Z,,https://jobs.lever.co/veeva/4940dc48-3a7a-4bb5-9353-570a2e8a3f16,2026-08-05T03:08:05Z,2026-08-05T03:08:05Z
lever,448d72f5-2277-49d3-9535-89d2cce0fe57,Veeva,Senior Consultant - Veeva RIM - Managed Services (Remote),DevCloud Services - EU,Poland - Warsaw,1,2022-07-14T08:51:15Z,,https://jobs.lever.co/veeva/448d72f5-2277-49d3-9535-89d2cce0fe57,2026-08-05T03:08:05Z,2026-08-05T03:08:05Z
lever,4b026421-e6e7-4b95-8e2f-784d22d31424,Veeva,Senior Consultant - Veeva RIM - Managed Services (Remote),DevCloud Services - EU,Hungary - Budapest,1,2022-07-14T08:50:39Z,,https://jobs.lever.co/veeva/4b026421-e6e7-4b95-8e2f-784d22d31424,2026-08-05T03:08:05Z,2026-08-05T03:08:05Z
lever,71ef9389-6c0e-4618-93d6-d8a9912dd486,Veeva,Senior Consultant - Veeva Safety,Asia Services,India - Hyderabad,1,2025-11-07T15:21:41Z,,https://jobs.lever.co/veeva/71ef9389-6c0e-4618-93d6-d8a9912dd486,2026-08-05T03:08:05Z,2026-08-05T03:08:05Z
lever,06923154-8a4e-41e3-b0a1-5f67642768fa,Veeva,Senior Consultant - Veeva Safety - Managed Services (Remote),DevCloud Services - EU,Poland - Warsaw,1,2022-11-04T13:59:56Z,,https://jobs.lever.co/veeva/06923154-8a4e-41e3-b0a1-5f67642768fa,2026-08-05T03:08:05Z,2026-08-05T03:08:05Z
lever,9bf65d47-2779-463d-847b-1f82f8cf654c,Veeva,Senior Consultant - Veeva Safety - Managed Services (Remote),DevCloud Services - EU,Hungary - Budapest,1,2022-11-04T14:03:09Z,,https://jobs.lever.co/veeva/9bf65d47-2779-463d-847b-1f82f8cf654c,2026-08-05T03:08:05Z,2026-08-05T03:08:05Z
lever,f9225dea-39cc-4bb7-bb4a-3869e3056277,Veeva,Senior Consultant - Veeva Safety Project Management,Asia Services,India - Hyderabad,1,2026-03-04T15:39:56Z,,https://jobs.lever.co/veeva/f9225dea-39cc-4bb7-bb4a-3869e3056277,2026-08-05T03:08:05Z,2026-08-05T03:08:05Z
lever,14dabeb3-b26c-4ea6-aef0-8fd4f312a69e,Veeva,Senior Consultant (Remote - Denmark),DevCloud Services - EU,Denmark - Copenhagen,1,2025-05-05T17:17:48Z,,https://jobs.lever.co/veeva/14dabeb3-b26c-4ea6-aef0-8fd4f312a69e,2026-08-05T03:08:05Z,2026-08-05T03:08:05Z
lever,3c9f37fe-6876-45ed-b161-169bdddea9d2,Veeva,Senior Consultant / Consultant - AI Strategy,Commercial - APAC,China - Shanghai,0,2025-11-27T15:08:33Z,,https://jobs.lever.co/veeva/3c9f37fe-6876-45ed-b161-169bdddea9d2,2026-08-05T03:08:05Z,2026-08-05T03:08:05Z
lever,6517daf7-cd77-4d3b-a2a1-9f865cf5136d,Veeva,Senior Consultant / Consultant - Commercial Analytics,Commercial - APAC,China - Shanghai,0,2025-11-27T15:11:55Z,,https://jobs.lever.co/veeva/6517daf7-cd77-4d3b-a2a1-9f865cf5136d,2026-08-05T03:08:05Z,2026-08-05T03:08:05Z
lever,95ffd9ee-bcf4-459d-a105-4a4cc0044029,Veeva,Senior Consultant / Consultant - Commercial Strategy,Commercial - APAC,China - Shanghai,0,2025-11-27T15:05:39Z,,https://jobs.lever.co/veeva/95ffd9ee-bcf4-459d-a105-4a4cc0044029,2026-08-05T03:08:05Z,2026-08-05T03:08:05Z
lever,12194e83-3c4a-4a9d-a398-ce906a8063ce,Veeva,Senior Content Application Consultant (Remote),DevCloud Services - EU,Hungary - Budapest,1,2025-01-13T21:20:40Z,,https://jobs.lever.co/veeva/12194e83-3c4a-4a9d-a398-ce906a8063ce,2026-08-05T03:08:05Z,2026-08-05T03:08:05Z
lever,398a6579-7bb0-4e63-b43a-2042d4947d56,Veeva,Senior Data Analyst,Data Operations - EU,Portugal - Lisbon,1,2025-03-28T16:57:04Z,,https://jobs.lever.co/veeva/398a6579-7bb0-4e63-b43a-2042d4947d56,2026-08-05T03:08:05Z,2026-08-05T03:08:05Z
lever,4dc699df-99a6-46de-8c16-3e5a899157ae,Veeva,Senior Data Analyst,Data Operations - EU,Spain - Barcelona,1,2025-03-28T17:06:53Z,,https://jobs.lever.co/veeva/4dc699df-99a6-46de-8c16-3e5a899157ae,2026-08-05T03:08:05Z,2026-08-05T03:08:05Z
lever,de11c36e-35e6-4f74-8527-a6395fcdc6e4,Veeva,Senior Data Analyst,Data Operations - EU,Germany - Berlin,1,2026-03-19T21:54:25Z,,https://jobs.lever.co/veeva/de11c36e-35e6-4f74-8527-a6395fcdc6e4,2026-08-05T03:08:05Z,2026-08-05T03:08:05Z
lever,e38ab928-18d3-4907-901e-e3dc889aab1c,Veeva,Senior Data Analyst,Product Management & Alliances - NA,Massachusetts - Boston,1,2026-07-15T21:31:23Z,,https://jobs.lever.co/veeva/e38ab928-18d3-4907-901e-e3dc889aab1c,2026-08-05T03:08:05Z,2026-08-05T03:08:05Z
lever,f484eaf7-7770-470c-af25-d90a445d0842,Veeva,Senior Data Engineer,Engineering - NA,Massachusetts - Boston,1,2026-07-31T18:38:12Z,,https://jobs.lever.co/veeva/f484eaf7-7770-470c-af25-d90a445d0842,2026-08-05T03:08:05Z,2026-08-05T03:08:05Z
lever,a5225613-bf30-4473-b0e6-d42eb79ee57e,Veeva,Senior Data Migration Consultant,Global Technical Services,North Carolina - Raleigh,1,2022-07-07T18:38:01Z,,https://jobs.lever.co/veeva/a5225613-bf30-4473-b0e6-d42eb79ee57e,2026-08-05T03:08:05Z,2026-08-05T03:08:05Z
lever,9b2b2aae-705d-47d0-a695-275a03ad8098,Veeva,Senior Director - Commercial Content Strategy NA,Commercial - NA,Massachusetts - Boston,1,2026-06-16T21:25:49Z,,https://jobs.lever.co/veeva/9b2b2aae-705d-47d0-a695-275a03ad8098,2026-08-05T03:08:05Z,2026-08-05T03:08:05Z
lever,3057b7b5-0ff7-403d-bb85-95b1fb168976,Veeva,Senior Director - Corporate Events (Europe),Marketing Shared Services,United Kingdom - Manchester,1,2026-07-20T20:35:01Z,,https://jobs.lever.co/veeva/3057b7b5-0ff7-403d-bb85-95b1fb168976,2026-08-05T03:08:05Z,2026-08-05T03:08:05Z
lever,862b7903-44c1-4e93-92f9-58dada894f31,Veeva,Senior Director - Crossix Analytics Services,Crossix - NA,New York - New York City,0,2026-07-16T14:53:24Z,,https://jobs.lever.co/veeva/862b7903-44c1-4e93-92f9-58dada894f31,2026-08-05T03:08:05Z,2026-08-05T03:08:05Z
lever,8ef63a67-8433-4113-b05e-5f02c0659914,Veeva,Senior Director - CTMS Strategy,R&D - NA,Pennsylvania - Philadelphia,1,2026-03-23T20:33:11Z,,https://jobs.lever.co/veeva/8ef63a67-8433-4113-b05e-5f02c0659914,2026-08-05T03:08:05Z,2026-08-05T03:08:05Z
lever,be138ff6-9fc3-49d0-ae63-ee85d7025769,Veeva,Senior Director - CTMS Strategy,R&D - NA,Massachusetts - Boston,1,2026-03-20T13:35:03Z,,https://jobs.lever.co/veeva/be138ff6-9fc3-49d0-ae63-ee85d7025769,2026-08-05T03:08:05Z,2026-08-05T03:08:05Z
lever,c88db8c8-6bbd-4c8e-a21d-ca9c357751f6,Veeva,Senior Director - CTMS Strategy,R&D - NA,Massachusetts - Boston,1,2026-03-23T20:33:51Z,,https://jobs.lever.co/veeva/c88db8c8-6bbd-4c8e-a21d-ca9c357751f6,2026-08-05T03:08:05Z,2026-08-05T03:08:05Z
lever,551e0038-3849-45c6-a893-4ac8164e3b4f,Veeva,Senior Director - Data Cloud Solution Consulting,Compass - NA,Pennsylvania - Philadelphia,1,2025-10-02T18:41:09Z,,https://jobs.lever.co/veeva/551e0038-3849-45c6-a893-4ac8164e3b4f,2026-08-05T03:08:05Z,2026-08-05T03:08:05Z
lever,a558c207-8fe9-46ea-970c-456921de823b,Veeva,Senior Director - Data Cloud Solution Consulting,Compass - NA,New York - New York City,1,2025-10-02T18:43:27Z,,https://jobs.lever.co/veeva/a558c207-8fe9-46ea-970c-456921de823b,2026-08-05T03:08:05Z,2026-08-05T03:08:05Z
lever,b488905a-6434-4296-9202-58a871b6e1a9,Veeva,Senior Employee Success Business Partner,Employee Success - NA,Massachusetts - Boston,1,2026-05-27T18:51:18Z,,https://jobs.lever.co/veeva/b488905a-6434-4296-9202-58a871b6e1a9,2026-08-05T03:08:05Z,2026-08-05T03:08:05Z
lever,9f186a91-90ba-4e38-b303-94bc392647e3,Veeva,Senior Engineer - Back End,Engineering - APAC,China - Beijing,0,2025-07-07T13:21:48Z,,https://jobs.lever.co/veeva/9f186a91-90ba-4e38-b303-94bc392647e3,2026-08-05T03:08:05Z,2026-08-05T03:08:05Z
lever,eacb9b39-37ec-4eea-bd1a-06d13b3a9729,Veeva,Senior Field Marketing Manager - Quality Cloud,Field Marketing,Massachusetts - Boston,1,2025-05-12T15:13:36Z,,https://jobs.lever.co/veeva/eacb9b39-37ec-4eea-bd1a-06d13b3a9729,2026-08-05T03:08:05Z,2026-08-05T03:08:05Z
lever,55adf555-4def-48cb-aaf5-e1c00e7e137c,Veeva,Senior Frontend Engineer - Ostro,Ostro - NA,Massachusetts - Boston,1,2026-07-24T17:01:34Z,,https://jobs.lever.co/veeva/55adf555-4def-48cb-aaf5-e1c00e7e137c,2026-08-05T03:08:05Z,2026-08-05T03:08:05Z
lever,fb7dc5e4-ae96-4ea6-b806-18736896323d,Veeva,Senior Frontend Engineer - Ostro,Ostro - NA,Canada - Toronto,1,2026-07-24T17:06:01Z,,https://jobs.lever.co/veeva/fb7dc5e4-ae96-4ea6-b806-18736896323d,2026-08-05T03:08:05Z,2026-08-05T03:08:05Z
lever,303627d5-880e-49a9-a335-7fa88826952d,Veeva,Senior Health Data Analyst - Compass,Compass - NA,Massachusetts - Boston,1,2026-07-22T20:12:13Z,,https://jobs.lever.co/veeva/303627d5-880e-49a9-a335-7fa88826952d,2026-08-05T03:08:05Z,2026-08-05T03:08:05Z
lever,7ed9968e-4c73-48c3-a5a6-21c2ff4ea236,Veeva,Senior Health Data Analyst - Compass,Compass - NA,Massachusetts - Boston,1,2026-07-22T20:27:20Z,,https://jobs.lever.co/veeva/7ed9968e-4c73-48c3-a5a6-21c2ff4ea236,2026-08-05T03:08:05Z,2026-08-05T03:08:05Z
lever,ffe5227a-d8f6-457b-b58f-516cf3fd4073,Veeva,Senior Health Data Analyst - Compass,Compass - NA,New York - New York City,1,2026-07-22T20:27:52Z,,https://jobs.lever.co/veeva/ffe5227a-d8f6-457b-b58f-516cf3fd4073,2026-08-05T03:08:05Z,2026-08-05T03:08:05Z
lever,4a186f4e-7bf8-40d4-9c56-dd4064551162,Veeva,Senior Health Data Analyst - Payer,Compass - NA,Massachusetts - Boston,1,2026-02-18T20:50:02Z,,https://jobs.lever.co/veeva/4a186f4e-7bf8-40d4-9c56-dd4064551162,2026-08-05T03:08:05Z,2026-08-05T03:08:05Z
lever,c70e625f-f86b-4341-9c32-77b7f4e7ac92,Veeva,Senior Health Data Analyst - Payer,Compass - NA,New York - New York City,1,2026-02-18T20:40:15Z,,https://jobs.lever.co/veeva/c70e625f-f86b-4341-9c32-77b7f4e7ac92,2026-08-05T03:08:05Z,2026-08-05T03:08:05Z
lever,eecae310-1622-4e2f-bc33-24c603c53034,Veeva,Senior Health Data Analyst - Payer,Compass - NA,Massachusetts - Boston,1,2026-02-18T20:50:49Z,,https://jobs.lever.co/veeva/eecae310-1622-4e2f-bc33-24c603c53034,2026-08-05T03:08:05Z,2026-08-05T03:08:05Z
lever,1ca2b0ee-842f-45c4-a71e-a62e3de04c9e,Veeva,Senior Health Data Informaticist - Compass,Compass - NA,Massachusetts - Boston,1,2025-06-04T21:21:09Z,,https://jobs.lever.co/veeva/1ca2b0ee-842f-45c4-a71e-a62e3de04c9e,2026-08-05T03:08:05Z,2026-08-05T03:08:05Z
lever,3dd97881-8ce1-47cb-9a79-af50fcb28aef,Veeva,Senior Health Data Informaticist - Compass,Compass - NA,Massachusetts - Boston,1,2025-06-04T21:29:45Z,,https://jobs.lever.co/veeva/3dd97881-8ce1-47cb-9a79-af50fcb28aef,2026-08-05T03:08:05Z,2026-08-05T03:08:05Z
lever,a96820de-35b3-41a9-8016-f71e461ee976,Veeva,Senior Health Data Informaticist - Compass,Compass - NA,New York - New York City,1,2025-06-04T21:30:32Z,,https://jobs.lever.co/veeva/a96820de-35b3-41a9-8016-f71e461ee976,2026-08-05T03:08:05Z,2026-08-05T03:08:05Z
lever,a68199f0-9061-420b-8479-255f199905d3,Veeva,Senior Health Data Operations Analyst - Compass,Crossix - NA,Massachusetts - Boston,1,2026-07-16T14:41:04Z,,https://jobs.lever.co/veeva/a68199f0-9061-420b-8479-255f199905d3,2026-08-05T03:08:05Z,2026-08-05T03:08:05Z
lever,bd588bcb-bffd-4f29-b869-0d8c53e8f706,Veeva,Senior Health Data Operations Analyst - Compass,Crossix - NA,New York - New York City,1,2026-07-16T14:34:46Z,,https://jobs.lever.co/veeva/bd588bcb-bffd-4f29-b869-0d8c53e8f706,2026-08-05T03:08:05Z,2026-08-05T03:08:05Z
lever,f5e7b7ee-5d61-46c4-a16d-57916c1e9119,Veeva,Senior Health Data Operations Analyst - Compass,Crossix - NA,Massachusetts - Boston,1,2026-07-16T14:40:40Z,,https://jobs.lever.co/veeva/f5e7b7ee-5d61-46c4-a16d-57916c1e9119,2026-08-05T03:08:05Z,2026-08-05T03:08:05Z
lever,379a7f26-5104-4cba-8373-78ece5974af3,Veeva,Senior Implementation Consultant - RIMS (Remote),DevCloud Services - EU,United Kingdom - London,1,2021-08-17T14:09:48Z,,https://jobs.lever.co/veeva/379a7f26-5104-4cba-8373-78ece5974af3,2026-08-05T03:08:05Z,2026-08-05T03:08:05Z
lever,5a451050-07b7-4c99-b463-4c4cb7d03137,Veeva,Senior Implementation Consultant - RIMS (Remote),DevCloud Services - EU,Spain - Barcelona,1,2025-02-21T17:53:29Z,,https://jobs.lever.co/veeva/5a451050-07b7-4c99-b463-4c4cb7d03137,2026-08-05T03:08:05Z,2026-08-05T03:08:05Z
lever,f72498e2-3756-4ce7-8239-1f2328afde07,Veeva,Senior Implementation Consultant - RIMS (Remote),DevCloud Services - EU,Ireland - Dublin,1,2026-05-26T14:13:34Z,,https://jobs.lever.co/veeva/f72498e2-3756-4ce7-8239-1f2328afde07,2026-08-05T03:08:05Z,2026-08-05T03:08:05Z
lever,19572eb8-3398-46aa-ab17-250e3849b53b,Veeva,Senior Implementation Consultant – Pharmacovigilance / Safety Systems (Remote),DevCloud Services - EU,United Kingdom - London,1,2022-03-01T09:01:26Z,,https://jobs.lever.co/veeva/19572eb8-3398-46aa-ab17-250e3849b53b,2026-08-05T03:08:05Z,2026-08-05T03:08:05Z
lever,b78e163f-1451-4236-a130-6e4d595f6a24,Veeva,Senior Implementation Consultant – Pharmacovigilance / Safety Systems (Remote),DevCloud Services - EU,Denmark - Copenhagen,1,2022-03-01T09:05:50Z,,https://jobs.lever.co/veeva/b78e163f-1451-4236-a130-6e4d595f6a24,2026-08-05T03:08:05Z,2026-08-05T03:08:05Z
lever,bbf6a33c-f015-4fcd-a75f-81e46a807db6,Veeva,Senior Implementation Consultant – Pharmacovigilance / Safety Systems (Remote),DevCloud Services - EU,Ireland - Dublin,1,2022-03-01T09:02:22Z,,https://jobs.lever.co/veeva/bbf6a33c-f015-4fcd-a75f-81e46a807db6,2026-08-05T03:08:05Z,2026-08-05T03:08:05Z
lever,577ac997-33c8-4b86-8fd7-13d2b02e15a7,Veeva,Senior Integration Manager,Data Operations - EU,Israel - Kiryat Ono,0,2024-05-29T13:31:45Z,,https://jobs.lever.co/veeva/577ac997-33c8-4b86-8fd7-13d2b02e15a7,2026-08-05T03:08:05Z,2026-08-05T03:08:05Z
lever,3db9efa2-ad50-4448-85c6-682ef0647165,Veeva,Senior Manager - Account Based Marketing - QualityOne,Field Marketing,Massachusetts - Boston,1,2026-05-06T13:53:40Z,,https://jobs.lever.co/veeva/3db9efa2-ad50-4448-85c6-682ef0647165,2026-08-05T03:08:05Z,2026-08-05T03:08:05Z
lever,cc4a8465-27f0-40fa-8e77-c77e08b7e52c,Veeva,Senior Manager - Account Based Marketing - QualityOne,Field Marketing,Massachusetts - Boston,1,2026-05-05T18:17:55Z,,https://jobs.lever.co/veeva/cc4a8465-27f0-40fa-8e77-c77e08b7e52c,2026-08-05T03:08:05Z,2026-08-05T03:08:05Z
lever,dc1a4d2b-e4d3-4ace-9a6f-dd83b68320b1,Veeva,Senior Manager - Account Based Marketing - QualityOne,Field Marketing,United Kingdom - London,1,2026-05-06T13:57:51Z,,https://jobs.lever.co/veeva/dc1a4d2b-e4d3-4ace-9a6f-dd83b68320b1,2026-08-05T03:08:05Z,2026-08-05T03:08:05Z
lever,03a5c57a-f0a1-4246-9f00-dfa654555eed,Veeva,Senior Manager - Corporate Development,Finance & Accounting - NA,California - San Francisco,1,2026-01-20T17:33:35Z,,https://jobs.lever.co/veeva/03a5c57a-f0a1-4246-9f00-dfa654555eed,2026-08-05T03:08:05Z,2026-08-05T03:08:05Z
lever,6139eeee-9ca0-497e-a8e9-8a757414e4d2,Veeva,Senior Manager - Corporate Development,Finance & Accounting - NA,New York - New York City,1,2026-01-20T17:32:24Z,,https://jobs.lever.co/veeva/6139eeee-9ca0-497e-a8e9-8a757414e4d2,2026-08-05T03:08:05Z,2026-08-05T03:08:05Z
lever,9f44ef66-45ac-41d0-bc46-ce715d850a9e,Veeva,Senior Manager - Corporate Development,Finance & Accounting - NA,United States,1,2026-01-20T17:35:07Z,,https://jobs.lever.co/veeva/9f44ef66-45ac-41d0-bc46-ce715d850a9e,2026-08-05T03:08:05Z,2026-08-05T03:08:05Z
lever,5ff3db43-cc72-40b1-a618-7d90aecfe12c,Veeva,Senior Manager - Ostro Client Services,Ostro - NA,Massachusetts - Boston,1,2026-05-29T21:09:21Z,,https://jobs.lever.co/veeva/5ff3db43-cc72-40b1-a618-7d90aecfe12c,2026-08-05T03:08:05Z,2026-08-05T03:08:05Z
lever,9ae6621d-2817-46e4-8d4c-113d4125293d,Veeva,Senior Manager - Ostro Client Services,Ostro - NA,Pennsylvania - Philadelphia,1,2026-05-29T21:10:47Z,,https://jobs.lever.co/veeva/9ae6621d-2817-46e4-8d4c-113d4125293d,2026-08-05T03:08:05Z,2026-08-05T03:08:05Z
lever,e0e108c1-9fa6-4044-bff8-5eb6548128ef,Veeva,Senior Manager - Ostro Client Services,Ostro - NA,New York - New York City,1,2026-05-29T21:10:06Z,,https://jobs.lever.co/veeva/e0e108c1-9fa6-4044-bff8-5eb6548128ef,2026-08-05T03:08:05Z,2026-08-05T03:08:05Z
lever,acf11e01-ce6e-4748-b543-f4a79a942ea7,Veeva,Senior Manager Data Operations - Link Key People,Data Operations - EU,Germany - Berlin,1,2026-04-28T14:46:17Z,,https://jobs.lever.co/veeva/acf11e01-ce6e-4748-b543-f4a79a942ea7,2026-08-05T03:08:05Z,2026-08-05T03:08:05Z
lever,1f0e853b-98f0-4c89-9bbc-b92bce6db188,Veeva,Senior Marketing Manager - Veeva QualityOne Korea,Marketing - APAC,South Korea - Seoul,0,2026-07-10T20:34:20Z,,https://jobs.lever.co/veeva/1f0e853b-98f0-4c89-9bbc-b92bce6db188,2026-08-05T03:08:05Z,2026-08-05T03:08:05Z
lever,227c4f6e-1a43-434f-a902-9835a0f82b10,Veeva,Senior Migration Consultant,Asia Services,India - Bengaluru,1,2023-05-12T16:13:04Z,,https://jobs.lever.co/veeva/227c4f6e-1a43-434f-a902-9835a0f82b10,2026-08-05T03:08:05Z,2026-08-05T03:08:05Z
lever,2ea0bf66-2d48-449d-be5c-5e361588bdff,Veeva,Senior Migration Consultant - R&D (Remote),Global Technical Services,Missouri - Kansas City,1,2023-01-06T16:36:01Z,,https://jobs.lever.co/veeva/2ea0bf66-2d48-449d-be5c-5e361588bdff,2026-08-05T03:08:05Z,2026-08-05T03:08:05Z
lever,c9cf5293-3695-438f-8277-74c9309c56ee,Veeva,Senior Migration Consultant - R&D (Remote),Global Technical Services,Canada - Toronto,1,2022-08-11T18:25:49Z,,https://jobs.lever.co/veeva/c9cf5293-3695-438f-8277-74c9309c56ee,2026-08-05T03:08:05Z,2026-08-05T03:08:05Z
lever,ca829ad3-964c-4186-86cd-b6444e00e1d4,Veeva,Senior Platform Engineer,Engineering - NA,Massachusetts - Boston,1,2026-07-31T18:48:03Z,,https://jobs.lever.co/veeva/ca829ad3-964c-4186-86cd-b6444e00e1d4,2026-08-05T03:08:05Z,2026-08-05T03:08:05Z
lever,2ba83d37-f87b-4ec3-95ed-ef925dd760dd,Veeva,Senior Product Manager,Product Management & Alliances - NA,Canada - Toronto,1,2022-07-22T18:06:46Z,,https://jobs.lever.co/veeva/2ba83d37-f87b-4ec3-95ed-ef925dd760dd,2026-08-05T03:08:05Z,2026-08-05T03:08:05Z
lever,753f114e-867c-4a30-bdf8-6d88d8b49f16,Veeva,Senior Product Manager,Product Management & Alliances - NA,Massachusetts - Boston,1,2026-04-17T15:09:35Z,,https://jobs.lever.co/veeva/753f114e-867c-4a30-bdf8-6d88d8b49f16,2026-08-05T03:08:05Z,2026-08-05T03:08:05Z
lever,8ae64dee-34a9-4e69-84ef-b91bcde3f35f,Veeva,Senior Product Manager,Product Management & Alliances - APAC,China - Shanghai,0,2026-07-21T15:44:35Z,,https://jobs.lever.co/veeva/8ae64dee-34a9-4e69-84ef-b91bcde3f35f,2026-08-05T03:08:05Z,2026-08-05T03:08:05Z
lever,a22a1872-2a10-4b42-80e5-db22e13e3740,Veeva,Senior Product Manager,Product Management & Alliances - NA,Massachusetts - Boston,1,2026-04-17T15:08:16Z,,https://jobs.lever.co/veeva/a22a1872-2a10-4b42-80e5-db22e13e3740,2026-08-05T03:08:05Z,2026-08-05T03:08:05Z
lever,cdd58797-214b-41cf-b1a1-e82c365eb707,Veeva,Senior Product Manager,Product Management & Alliances - APAC,China - Chengdu,0,2026-07-20T13:51:07Z,,https://jobs.lever.co/veeva/cdd58797-214b-41cf-b1a1-e82c365eb707,2026-08-05T03:08:05Z,2026-08-05T03:08:05Z
lever,28525055-f941-41ca-b8e3-9d3d30a20cdf,Veeva,Senior Product Manager - Campaign Manager,Product Management & Alliances - NA,Indiana - Indianapolis,1,2024-08-26T19:51:41Z,,https://jobs.lever.co/veeva/28525055-f941-41ca-b8e3-9d3d30a20cdf,2026-08-05T03:08:05Z,2026-08-05T03:08:05Z
lever,3d501549-a2be-4892-ab9c-5deb1e86764f,Veeva,Senior Product Manager - Campaign Manager,Product Management & Alliances - NA,New York - New York City,1,2024-08-26T20:23:48Z,,https://jobs.lever.co/veeva/3d501549-a2be-4892-ab9c-5deb1e86764f,2026-08-05T03:08:05Z,2026-08-05T03:08:05Z
lever,d1248451-8f1c-40d1-adb9-14ce1edbd545,Veeva,Senior Product Manager - Campaign Manager,Product Management & Alliances - NA,Canada - Toronto,1,2024-08-26T19:52:37Z,,https://jobs.lever.co/veeva/d1248451-8f1c-40d1-adb9-14ce1edbd545,2026-08-05T03:08:05Z,2026-08-05T03:08:05Z
lever,3731839b-199a-4621-b431-2886e3b15dd9,Veeva,Senior Product Manager - Compass Platform,Compass - NA,Canada - Toronto,1,2023-03-28T20:57:43Z,,https://jobs.lever.co/veeva/3731839b-199a-4621-b431-2886e3b15dd9,2026-08-05T03:08:05Z,2026-08-05T03:08:05Z
lever,99828650-8958-4002-952c-89b8ffc1a6e8,Veeva,Senior Product Manager - Compass Platform,Compass - NA,Massachusetts - Boston,1,2026-01-19T21:10:40Z,,https://jobs.lever.co/veeva/99828650-8958-4002-952c-89b8ffc1a6e8,2026-08-05T03:08:05Z,2026-08-05T03:08:05Z
lever,ee7f135a-ab37-46bb-874b-1c5ac66aabbb,Veeva,Senior Product Manager - Compass Platform,Compass - NA,New York - New York City,1,2026-01-19T21:08:19Z,,https://jobs.lever.co/veeva/ee7f135a-ab37-46bb-874b-1c5ac66aabbb,2026-08-05T03:08:05Z,2026-08-05T03:08:05Z
lever,34fb5e28-cfe0-4140-b209-fcb19782bb6b,Veeva,Senior Product Manager - EDC,Product Management & Alliances - NA,Massachusetts - Boston,1,2026-06-04T14:12:32Z,,https://jobs.lever.co/veeva/34fb5e28-cfe0-4140-b209-fcb19782bb6b,2026-08-05T03:08:05Z,2026-08-05T03:08:05Z
lever,61bc4964-fbc1-44b2-a330-c01a42da8076,Veeva,Senior Product Manager - EDC,Product Management & Alliances - NA,California - Pleasanton,1,2026-06-04T14:12:09Z,,https://jobs.lever.co/veeva/61bc4964-fbc1-44b2-a330-c01a42da8076,2026-08-05T03:08:05Z,2026-08-05T03:08:05Z
lever,348bad02-1393-4d88-93d5-0b6fdc14dc0c,Veeva,Senior Product Manager - Medical Inquiry,Product Management & Alliances - NA,Massachusetts - Boston,1,2026-07-24T15:42:39Z,,https://jobs.lever.co/veeva/348bad02-1393-4d88-93d5-0b6fdc14dc0c,2026-08-05T03:08:05Z,2026-08-05T03:08:05Z
lever,69b624d8-44f0-4020-966f-9bae8be39556,Veeva,Senior Product Manager - Medical Inquiry,Product Management & Alliances - NA,Massachusetts - Boston,1,2026-07-24T15:49:41Z,,https://jobs.lever.co/veeva/69b624d8-44f0-4020-966f-9bae8be39556,2026-08-05T03:08:05Z,2026-08-05T03:08:05Z
lever,cd6a0ae6-baed-4c4a-8cae-9003253458f9,Veeva,Senior Product Manager - Medical Inquiry,Product Management & Alliances - NA,Canada - Toronto,1,2026-07-24T15:50:59Z,,https://jobs.lever.co/veeva/cd6a0ae6-baed-4c4a-8cae-9003253458f9,2026-08-05T03:08:05Z,2026-08-05T03:08:05Z
lever,4286e64f-7359-48e9-bc41-8e7358840d0a,Veeva,Senior Product Manager - Ostro Medical,Ostro - NA,California - San Francisco,1,2026-07-10T14:13:24Z,,https://jobs.lever.co/veeva/4286e64f-7359-48e9-bc41-8e7358840d0a,2026-08-05T03:08:05Z,2026-08-05T03:08:05Z
lever,79e8a9f6-60ac-4348-a83e-272408fbde6e,Veeva,Senior Product Manager - Ostro Medical,Ostro - NA,New York - New York City,1,2026-07-10T14:12:08Z,,https://jobs.lever.co/veeva/79e8a9f6-60ac-4348-a83e-272408fbde6e,2026-08-05T03:08:05Z,2026-08-05T03:08:05Z
lever,77835038-3653-44ca-badd-57f8e6b3abc8,Veeva,Senior Product Manager - Patient CRM,Product Management & Alliances - NA,Massachusetts - Boston,1,2026-02-04T16:03:21Z,,https://jobs.lever.co/veeva/77835038-3653-44ca-badd-57f8e6b3abc8,2026-08-05T03:08:05Z,2026-08-05T03:08:05Z
lever,b74cac8c-a5d2-4835-81fd-fab53fda4a9c,Veeva,Senior Product Manager - Patient CRM,Product Management & Alliances - NA,California - Pleasanton,1,2026-02-04T15:51:15Z,,https://jobs.lever.co/veeva/b74cac8c-a5d2-4835-81fd-fab53fda4a9c,2026-08-05T03:08:05Z,2026-08-05T03:08:05Z
lever,be25d65a-6674-40fc-a899-3bee516595ac,Veeva,Senior Product Manager - Patient CRM,Product Management & Alliances - NA,Massachusetts - Boston,1,2026-02-04T16:02:57Z,,https://jobs.lever.co/veeva/be25d65a-6674-40fc-a899-3bee516595ac,2026-08-05T03:08:05Z,2026-08-05T03:08:05Z
lever,44e0a2ec-fa05-499b-9c37-a42e03cc2585,Veeva,Senior Product Manager - Safety,Product Management & Alliances - NA,Canada - Toronto,1,2026-07-10T16:37:47Z,,https://jobs.lever.co/veeva/44e0a2ec-fa05-499b-9c37-a42e03cc2585,2026-08-05T03:08:05Z,2026-08-05T03:08:05Z
lever,c32aafd3-43b5-49e4-a972-f1724a80b910,Veeva,Senior Product Manager - Safety,Product Management & Alliances - NA,Massachusetts - Boston,1,2026-07-10T16:34:39Z,,https://jobs.lever.co/veeva/c32aafd3-43b5-49e4-a972-f1724a80b910,2026-08-05T03:08:05Z,2026-08-05T03:08:05Z
lever,30fb6ab3-1906-4b13-976c-017ef552dee3,Veeva,Senior Product Manager - SAP ERP Integrations,Product Management & Alliances - NA,Canada - Toronto,1,2026-03-25T16:17:31Z,,https://jobs.lever.co/veeva/30fb6ab3-1906-4b13-976c-017ef552dee3,2026-08-05T03:08:05Z,2026-08-05T03:08:05Z
lever,ee49d4f3-6182-4385-92f3-443265e4920a,Veeva,Senior Product Manager - SAP ERP Integrations,Product Management & Alliances - NA,Massachusetts - Boston,1,2026-03-25T16:16:12Z,,https://jobs.lever.co/veeva/ee49d4f3-6182-4385-92f3-443265e4920a,2026-08-05T03:08:05Z,2026-08-05T03:08:05Z
lever,71b9c465-ddc3-4657-8a9e-3294fcaafc74,Veeva,Senior Product Manager - Vault CRM - Med Tech,Product Management & Alliances - NA,California - Pleasanton,1,2026-01-27T14:43:05Z,,https://jobs.lever.co/veeva/71b9c465-ddc3-4657-8a9e-3294fcaafc74,2026-08-05T03:08:05Z,2026-08-05T03:08:05Z
lever,b2397e64-e869-483a-888e-1e86b9f9b045,Veeva,Senior Product Manager - Vault CRM - Med Tech,Product Management & Alliances - NA,Massachusetts - Boston,1,2026-01-27T14:45:51Z,,https://jobs.lever.co/veeva/b2397e64-e869-483a-888e-1e86b9f9b045,2026-08-05T03:08:05Z,2026-08-05T03:08:05Z
lever,c06d88de-5ec8-4800-8d1f-3c290eee496b,Veeva,Senior Product Manager - Vault CRM - Med Tech,Product Management & Alliances - NA,Massachusetts - Boston,1,2026-01-27T14:47:09Z,,https://jobs.lever.co/veeva/c06d88de-5ec8-4800-8d1f-3c290eee496b,2026-08-05T03:08:05Z,2026-08-05T03:08:05Z
lever,71c5c7c6-611d-40ec-b7ba-827055c78651,Veeva,Senior Product Manager - Vault CRM - Service Center,Product Management & Alliances - NA,Massachusetts - Boston,1,2026-06-25T13:50:40Z,,https://jobs.lever.co/veeva/71c5c7c6-611d-40ec-b7ba-827055c78651,2026-08-05T03:08:05Z,2026-08-05T03:08:05Z
lever,0b75f374-b130-400b-be00-0040774bb9b6,Veeva,Senior Product Manager - Vault CRM Suite,Product Management & Alliances - NA,California - Pleasanton,1,2019-05-18T00:00:00Z,,https://jobs.lever.co/veeva/0b75f374-b130-400b-be00-0040774bb9b6,2026-08-05T03:08:05Z,2026-08-05T03:08:05Z
lever,c0ddf41f-f779-4eed-8354-1d19f04ba49b,Veeva,Senior Product Manager - Vault CRM Suite,Product Management & Alliances - NA,New York - New York City,1,2020-04-14T20:53:25Z,,https://jobs.lever.co/veeva/c0ddf41f-f779-4eed-8354-1d19f04ba49b,2026-08-05T03:08:05Z,2026-08-05T03:08:05Z
lever,e6cfa019-db16-4ab6-b429-04af3f8c2723,Veeva,Senior Product Manager - Vault CRM Suite,Product Management & Alliances - NA,Massachusetts - Boston,1,2019-08-27T20:44:46Z,,https://jobs.lever.co/veeva/e6cfa019-db16-4ab6-b429-04af3f8c2723,2026-08-05T03:08:05Z,2026-08-05T03:08:05Z
lever,ee29c65e-31cc-4b43-9c44-440c6a71d369,Veeva,Senior Product Manager - Vault Platform Access Control,Product Management & Alliances - NA,Massachusetts - Boston,1,2025-05-08T21:12:50Z,,https://jobs.lever.co/veeva/ee29c65e-31cc-4b43-9c44-440c6a71d369,2026-08-05T03:08:05Z,2026-08-05T03:08:05Z
lever,567e9222-fadd-4691-8c59-8cb4aceded54,Veeva,Senior Product Manager - Vault QMS,Product Management & Alliances - NA,California - Pleasanton,1,2025-09-29T18:17:34Z,,https://jobs.lever.co/veeva/567e9222-fadd-4691-8c59-8cb4aceded54,2026-08-05T03:08:05Z,2026-08-05T03:08:05Z
lever,88a7dc9b-3392-4d78-8aa4-51ddd33fb518,Veeva,Senior Product Manager - Vault QMS,Product Management & Alliances - NA,Massachusetts - Boston,1,2025-09-29T18:19:06Z,,https://jobs.lever.co/veeva/88a7dc9b-3392-4d78-8aa4-51ddd33fb518,2026-08-05T03:08:05Z,2026-08-05T03:08:05Z
lever,33ce3fbf-5a11-4abe-8462-b97940b5b2d9,Veeva,Senior Product Manager - Veeva Clinical Operations,Product Management & Alliances - NA,Massachusetts - Boston,1,2025-09-23T14:37:49Z,,https://jobs.lever.co/veeva/33ce3fbf-5a11-4abe-8462-b97940b5b2d9,2026-08-05T03:08:05Z,2026-08-05T03:08:05Z
lever,b1df475b-f204-401d-b348-b7e28bb5b3d0,Veeva,Senior Product Manager - Veeva Clinical Operations,Product Management & Alliances - NA,Massachusetts - Boston,1,2025-09-23T14:35:05Z,,https://jobs.lever.co/veeva/b1df475b-f204-401d-b348-b7e28bb5b3d0,2026-08-05T03:08:05Z,2026-08-05T03:08:05Z
lever,f735ca00-fc97-4ee8-ab3f-711e6e748bea,Veeva,Senior Product Manager - Veeva Clinical Operations,Product Management & Alliances - NA,New York - New York City,1,2025-09-23T14:37:28Z,,https://jobs.lever.co/veeva/f735ca00-fc97-4ee8-ab3f-711e6e748bea,2026-08-05T03:08:05Z,2026-08-05T03:08:05Z
lever,4fded4a8-d161-41b9-98fb-c01be2edbc10,Veeva,Senior Product Manager - Veeva Labs,Product Management & Alliances - NA,Utah - Salt Lake City,1,2023-09-25T13:34:04Z,,https://jobs.lever.co/veeva/4fded4a8-d161-41b9-98fb-c01be2edbc10,2026-08-05T03:08:05Z,2026-08-05T03:08:05Z
lever,684be88d-5e5d-456e-9ccc-72551cf11651,Veeva,Senior Product Manager - Veeva Labs,Product Management & Alliances - NA,California - Pleasanton,1,2023-09-25T13:43:33Z,,https://jobs.lever.co/veeva/684be88d-5e5d-456e-9ccc-72551cf11651,2026-08-05T03:08:05Z,2026-08-05T03:08:05Z
lever,1ce9d335-0b06-4a90-8776-a8348f7a5c46,Veeva,Senior Project Manager,Digital Events,New Jersey - Lyndhurst,0,2026-06-04T19:46:59Z,,https://jobs.lever.co/veeva/1ce9d335-0b06-4a90-8776-a8348f7a5c46,2026-08-05T03:08:05Z,2026-08-05T03:08:05Z
lever,38edf8b2-d5f7-44b2-a348-9c326110edcd,Veeva,Senior Release Engineering,QA & Release Engineering - APAC,India - Hyderabad,0,2023-12-19T14:41:41Z,,https://jobs.lever.co/veeva/38edf8b2-d5f7-44b2-a348-9c326110edcd,2026-08-05T03:08:05Z,2026-08-05T03:08:05Z
lever,1b0eb80f-74b7-4705-909d-09593824eb49,Veeva,Senior Safety Domain Expert - Falcon,Falcon - NA,Massachusetts - Boston,1,2026-07-02T01:09:12Z,,https://jobs.lever.co/veeva/1b0eb80f-74b7-4705-909d-09593824eb49,2026-08-05T03:08:05Z,2026-08-05T03:08:05Z
lever,17138dc6-1759-4d6c-bf5e-207debd3a070,Veeva,Senior Software Engineer - Ostro,Ostro - NA,Canada - Toronto,1,2026-07-15T21:50:46Z,,https://jobs.lever.co/veeva/17138dc6-1759-4d6c-bf5e-207debd3a070,2026-08-05T03:08:05Z,2026-08-05T03:08:05Z
lever,aa612764-6dc2-49f9-ab5a-125b03f6954a,Veeva,Senior Software Engineer - Ostro,Ostro - NA,Massachusetts - Boston,1,2026-07-15T21:49:48Z,,https://jobs.lever.co/veeva/aa612764-6dc2-49f9-ab5a-125b03f6954a,2026-08-05T03:08:05Z,2026-08-05T03:08:05Z
lever,7be12e3a-8b62-475d-bdc5-b9af06e9ab35,Veeva,Senior Software Engineer - Test Automation,QA & Release Engineering - APAC,India - Hyderabad,0,2022-10-14T11:35:16Z,,https://jobs.lever.co/veeva/7be12e3a-8b62-475d-bdc5-b9af06e9ab35,2026-08-05T03:08:05Z,2026-08-05T03:08:05Z
lever,fe758f22-571d-4046-ae7b-ba403aafde22,Veeva,Senior Software Engineer - Test Automation (Clinical Platform),QA & Release Engineering - APAC,India - Hyderabad,1,2024-02-20T16:43:37Z,,https://jobs.lever.co/veeva/fe758f22-571d-4046-ae7b-ba403aafde22,2026-08-05T03:08:05Z,2026-08-05T03:08:05Z
lever,3348a8f5-cde6-4860-8e11-8e8bae7295eb,Veeva,Senior Software Engineer - Test Infrastructure,QA & Release Engineering - APAC,India - Hyderabad,0,2024-05-23T19:17:02Z,,https://jobs.lever.co/veeva/3348a8f5-cde6-4860-8e11-8e8bae7295eb,2026-08-05T03:08:05Z,2026-08-05T03:08:05Z
lever,13fda28f-9019-4e67-881a-f397ea8c6129,Veeva,Senior Solution Consultant - China Quality,Quality - APAC,China - Shanghai,0,2026-07-29T15:39:32Z,,https://jobs.lever.co/veeva/13fda28f-9019-4e67-881a-f397ea8c6129,2026-08-05T03:08:05Z,2026-08-05T03:08:05Z
lever,787e4097-b312-4e5e-8033-9cda49d6bf3c,Veeva,Senior Solution Consultant - China Quality,Quality - APAC,China - Suzhou,0,2026-07-29T15:43:17Z,,https://jobs.lever.co/veeva/787e4097-b312-4e5e-8033-9cda49d6bf3c,2026-08-05T03:08:05Z,2026-08-05T03:08:05Z
lever,14058120-3eb1-42b4-a6c4-bfb4f9e469ed,Veeva,Senior Tax Analyst,Finance & Accounting - NA,United States,1,2026-06-17T16:41:40Z,,https://jobs.lever.co/veeva/14058120-3eb1-42b4-a6c4-bfb4f9e469ed,2026-08-05T03:08:05Z,2026-08-05T03:08:05Z
lever,46463619-b4b4-4119-b8d2-4c77eabad454,Veeva,Senior Team Lead - Data Operations,Data Operations - EU,Spain - Barcelona,1,2026-01-22T19:42:15Z,,https://jobs.lever.co/veeva/46463619-b4b4-4119-b8d2-4c77eabad454,2026-08-05T03:08:05Z,2026-08-05T03:08:05Z
lever,b9cd6d68-d26a-4727-86a6-f4f668ce50fc,Veeva,Senior Team Lead - Data Operations,Data Operations - EU,Portugal - Lisbon,1,2025-10-23T13:41:25Z,,https://jobs.lever.co/veeva/b9cd6d68-d26a-4727-86a6-f4f668ce50fc,2026-08-05T03:08:05Z,2026-08-05T03:08:05Z
lever,77e2a16e-9bff-475a-bf6f-d71e0cbed8dc,Veeva,Senior Team Lead - ODC,Data Operations - EU,Portugal - Lisbon,1,2026-03-26T19:24:07Z,,https://jobs.lever.co/veeva/77e2a16e-9bff-475a-bf6f-d71e0cbed8dc,2026-08-05T03:08:05Z,2026-08-05T03:08:05Z
lever,d76c289e-0e06-4d87-89d5-7f45d7c99c04,Veeva,Senior Team Lead - ODC,Data Operations - EU,Spain - Barcelona,1,2026-03-26T19:23:07Z,,https://jobs.lever.co/veeva/d76c289e-0e06-4d87-89d5-7f45d7c99c04,2026-08-05T03:08:05Z,2026-08-05T03:08:05Z
lever,280de21a-c2b2-4010-a76e-8f834f5ddab1,Veeva,Senior Team Lead Link Key People,Data Operations - EU,Portugal - Lisbon,1,2025-02-13T15:37:24Z,,https://jobs.lever.co/veeva/280de21a-c2b2-4010-a76e-8f834f5ddab1,2026-08-05T03:08:05Z,2026-08-05T03:08:05Z
lever,5395cb46-4e8b-43c4-b894-7fdfe6899b74,Veeva,Senior Technical Architect - Patient CRM,Professional Services,Massachusetts - Boston,1,2026-04-06T18:18:38Z,,https://jobs.lever.co/veeva/5395cb46-4e8b-43c4-b894-7fdfe6899b74,2026-08-05T03:08:05Z,2026-08-05T03:08:05Z
lever,ef0c4e0d-2f01-4a9e-86b5-e1dd6f46e4ab,Veeva,Senior Technical Architect - Patient CRM,Professional Services,New York - New York City,1,2026-05-01T18:07:24Z,,https://jobs.lever.co/veeva/ef0c4e0d-2f01-4a9e-86b5-e1dd6f46e4ab,2026-08-05T03:08:05Z,2026-08-05T03:08:05Z
lever,ffb5c005-6313-418b-b508-1c8aa4a3432c,Veeva,Senior Technical Architect - Patient CRM,Professional Services,Illinois - Chicago,1,2026-05-01T18:06:14Z,,https://jobs.lever.co/veeva/ffb5c005-6313-418b-b508-1c8aa4a3432c,2026-08-05T03:08:05Z,2026-08-05T03:08:05Z
lever,a4f45298-9cab-4865-b964-f277367a05af,Veeva,Senior Technical Consultant - English & Korean Speaking,Asia Services,China - Dalian,0,2026-05-22T14:32:06Z,,https://jobs.lever.co/veeva/a4f45298-9cab-4865-b964-f277367a05af,2026-08-05T03:08:05Z,2026-08-05T03:08:05Z
lever,2d9b1ed8-ce47-451b-86a1-c0ff974833ba,Veeva,Senior Technical Consultant - Front-end Development,Commercial Services - NA,Massachusetts - Boston,1,2026-01-26T19:12:17Z,,https://jobs.lever.co/veeva/2d9b1ed8-ce47-451b-86a1-c0ff974833ba,2026-08-05T03:08:05Z,2026-08-05T03:08:05Z
lever,64772d3d-adcb-48ce-a21c-761135c29d6e,Veeva,Senior Technical Consultant - Quality Systems,Quality Cloud Services - EU,Hungary - Budapest,1,2022-07-14T08:57:06Z,,https://jobs.lever.co/veeva/64772d3d-adcb-48ce-a21c-761135c29d6e,2026-08-05T03:08:05Z,2026-08-05T03:08:05Z
lever,8ee346cf-6dd2-4159-8336-78f117f4823f,Veeva,Senior Technical Consultant - Quality Systems,Quality Cloud Services - EU,Poland - Warsaw,1,2022-07-14T08:57:39Z,,https://jobs.lever.co/veeva/8ee346cf-6dd2-4159-8336-78f117f4823f,2026-08-05T03:08:05Z,2026-08-05T03:08:05Z
lever,535ef7c3-3048-470e-aa59-9a95793ded7b,Veeva,Senior Technical Consultant - R&D,Global Technical Services,Massachusetts - Boston,1,2023-01-06T16:25:27Z,,https://jobs.lever.co/veeva/535ef7c3-3048-470e-aa59-9a95793ded7b,2026-08-05T03:08:05Z,2026-08-05T03:08:05Z
lever,949e6204-6199-4ae6-b329-32a63e85224c,Veeva,Senior Technical Consultant - R&D,Global Technical Services,Texas - Austin,1,2025-10-07T18:07:49Z,,https://jobs.lever.co/veeva/949e6204-6199-4ae6-b329-32a63e85224c,2026-08-05T03:08:05Z,2026-08-05T03:08:05Z
lever,9cd11b31-1642-423a-a1b2-5c47df34a41b,Veeva,Senior Technical Writer,Product Management & Alliances - NA,California - San Francisco,1,2026-07-16T18:14:23Z,,https://jobs.lever.co/veeva/9cd11b31-1642-423a-a1b2-5c47df34a41b,2026-08-05T03:08:05Z,2026-08-05T03:08:05Z
lever,ff58d81c-5f07-433f-9a37-6f028e85843a,Veeva,Senior Technical Writer,Product Management & Alliances - NA,Massachusetts - Boston,1,2026-07-16T21:31:48Z,,https://jobs.lever.co/veeva/ff58d81c-5f07-433f-9a37-6f028e85843a,2026-08-05T03:08:05Z,2026-08-05T03:08:05Z
lever,d0f086a3-fabb-4e20-80f2-3614bc91f3d5,Veeva,Senior/Commercial Strategy Consultant,Commercial - APAC,China - Shanghai,1,2024-11-15T14:28:47Z,,https://jobs.lever.co/veeva/d0f086a3-fabb-4e20-80f2-3614bc91f3d5,2026-08-05T03:08:05Z,2026-08-05T03:08:05Z
lever,314278f3-e8d0-4380-a701-2fa3fc76c171,Veeva,Service Delivery Lead - MedTech Commercial,MedTech Services,Minnesota - Minneapolis,1,2025-08-13T19:38:45Z,,https://jobs.lever.co/veeva/314278f3-e8d0-4380-a701-2fa3fc76c171,2026-08-05T03:08:05Z,2026-08-05T03:08:05Z
lever,6afc115d-f823-4b47-9b1c-23c82ad0226f,Veeva,Service Delivery Lead - MedTech Commercial,MedTech Services,Wisconsin - Madison,1,2025-08-13T14:33:16Z,,https://jobs.lever.co/veeva/6afc115d-f823-4b47-9b1c-23c82ad0226f,2026-08-05T03:08:05Z,2026-08-05T03:08:05Z
lever,a6d03a4f-ccd3-4d8d-8a01-f4950cb04e98,Veeva,Service Delivery Lead - MedTech Commercial,MedTech Services,Illinois - Chicago,1,2025-08-13T14:34:00Z,,https://jobs.lever.co/veeva/a6d03a4f-ccd3-4d8d-8a01-f4950cb04e98,2026-08-05T03:08:05Z,2026-08-05T03:08:05Z
lever,1adf32ec-0698-4e03-8697-36a63edbb73d,Veeva,Services Engagement Manager - Commercial Cloud,Asia Services,Japan - Tokyo,0,2026-05-28T14:06:24Z,,https://jobs.lever.co/veeva/1adf32ec-0698-4e03-8697-36a63edbb73d,2026-08-05T03:08:05Z,2026-08-05T03:08:05Z
lever,42b4e20e-9ec4-4304-94ed-695475ace394,Veeva,Services Engagement Manager - Development Cloud,DevCloud Services - NA,Massachusetts - Boston,1,2026-07-24T15:06:06Z,,https://jobs.lever.co/veeva/42b4e20e-9ec4-4304-94ed-695475ace394,2026-08-05T03:08:05Z,2026-08-05T03:08:05Z
lever,70ead5eb-013f-4127-aafc-c1487322525a,Veeva,Services Engagement Manager - Development Cloud,DevCloud Services - NA,Wisconsin - Madison,1,2026-07-24T15:07:13Z,,https://jobs.lever.co/veeva/70ead5eb-013f-4127-aafc-c1487322525a,2026-08-05T03:08:05Z,2026-08-05T03:08:05Z
lever,b111f0bb-5494-4553-b3b1-199255ed03b3,Veeva,Services Engagement Manager - Development Cloud,DevCloud Services - NA,Massachusetts - Boston,1,2026-07-24T15:08:04Z,,https://jobs.lever.co/veeva/b111f0bb-5494-4553-b3b1-199255ed03b3,2026-08-05T03:08:05Z,2026-08-05T03:08:05Z
lever,2e49e7ba-effb-43e1-8adc-db294d64297a,Veeva,Services Engagement Manager - Quality Cloud,Quality Cloud Services - NA,Massachusetts - Boston,1,2025-03-11T13:51:58Z,,https://jobs.lever.co/veeva/2e49e7ba-effb-43e1-8adc-db294d64297a,2026-08-05T03:08:05Z,2026-08-05T03:08:05Z
lever,44d1c63d-1270-4cd6-bf8d-f9da2027b14f,Veeva,Services Engagement Manager - Quality Cloud,Quality Cloud Services - NA,Massachusetts - Boston,1,2025-03-11T14:04:46Z,,https://jobs.lever.co/veeva/44d1c63d-1270-4cd6-bf8d-f9da2027b14f,2026-08-05T03:08:05Z,2026-08-05T03:08:05Z
lever,5f44d6d3-0401-49e4-a066-12fbc8fc582c,Veeva,Services Engagement Manager - Quality Cloud,Quality Cloud Services - NA,Pennsylvania - Philadelphia,1,2025-03-11T14:04:24Z,,https://jobs.lever.co/veeva/5f44d6d3-0401-49e4-a066-12fbc8fc582c,2026-08-05T03:08:05Z,2026-08-05T03:08:05Z
lever,872bb725-148e-4c57-875c-52b157ec7183,Veeva,Software Engineer - Automation Platform,QA & Release Engineering - APAC,India - Hyderabad,0,2023-01-31T11:28:59Z,,https://jobs.lever.co/veeva/872bb725-148e-4c57-875c-52b157ec7183,2026-08-05T03:08:05Z,2026-08-05T03:08:05Z
lever,79256ab7-1862-4195-9f8b-87735247d017,Veeva,Software Engineer - Infra,QA & Release Engineering - APAC,India - Hyderabad,0,2026-04-24T14:16:50Z,,https://jobs.lever.co/veeva/79256ab7-1862-4195-9f8b-87735247d017,2026-08-05T03:08:05Z,2026-08-05T03:08:05Z
lever,361ccc4a-7175-43d8-8e1c-bd442f77b9fe,Veeva,Software Engineer - Test Automation,QA & Release Engineering - APAC,India - Hyderabad,0,2026-02-17T16:16:22Z,,https://jobs.lever.co/veeva/361ccc4a-7175-43d8-8e1c-bd442f77b9fe,2026-08-05T03:08:05Z,2026-08-05T03:08:05Z
lever,4a8835fe-d0ab-40c8-8164-db1527bd5905,Veeva,Solution Architect - AI Solution,Asia Services,China - Shanghai,0,2026-04-14T17:25:55Z,,https://jobs.lever.co/veeva/4a8835fe-d0ab-40c8-8164-db1527bd5905,2026-08-05T03:08:05Z,2026-08-05T03:08:05Z
lever,aace3e5a-bdef-4a82-ac63-87b3fdf9cb06,Veeva,Solution Architect - AI Solution,Asia Services,China - Beijing,0,2026-04-14T17:26:49Z,,https://jobs.lever.co/veeva/aace3e5a-bdef-4a82-ac63-87b3fdf9cb06,2026-08-05T03:08:05Z,2026-08-05T03:08:05Z
lever,410fd326-a1e8-4506-b1dc-00a9eb2794a8,Veeva,Solution Consultant,Commercial - APAC,South Korea - Seoul,0,2026-07-07T21:46:44Z,,https://jobs.lever.co/veeva/410fd326-a1e8-4506-b1dc-00a9eb2794a8,2026-08-05T03:08:05Z,2026-08-05T03:08:05Z
lever,f83f352e-06ca-40be-a5d2-65589ac1c7f3,Veeva,Solution Consultant,Strategy - APAC,China - Shanghai,0,2025-03-03T15:01:10Z,,https://jobs.lever.co/veeva/f83f352e-06ca-40be-a5d2-65589ac1c7f3,2026-08-05T03:08:05Z,2026-08-05T03:08:05Z
lever,92d076b4-d13d-4319-8d7f-81a9fbe5b7c2,Veeva,Solution Consultant - Compass,Compass - NA,Massachusetts - Boston,1,2025-10-27T15:03:40Z,,https://jobs.lever.co/veeva/92d076b4-d13d-4319-8d7f-81a9fbe5b7c2,2026-08-05T03:08:05Z,2026-08-05T03:08:05Z
lever,c739f85b-acd0-4357-b91a-c368afe44a90,Veeva,Solution Consultant - Compass,Compass - NA,Pennsylvania - Philadelphia,1,2025-10-27T15:02:55Z,,https://jobs.lever.co/veeva/c739f85b-acd0-4357-b91a-c368afe44a90,2026-08-05T03:08:05Z,2026-08-05T03:08:05Z
lever,cafe3b22-bee1-4bd8-aabd-e61b9ae15e80,Veeva,Solution Consultant - Compass,Compass - NA,Massachusetts - Boston,1,2025-10-27T15:01:28Z,,https://jobs.lever.co/veeva/cafe3b22-bee1-4bd8-aabd-e61b9ae15e80,2026-08-05T03:08:05Z,2026-08-05T03:08:05Z
lever,1c2f89c2-e267-4ae7-bba9-c42f599bdfef,Veeva,Solution Consultant - Korea Quality,Quality - APAC,South Korea - Seoul,0,2025-08-21T14:05:59Z,,https://jobs.lever.co/veeva/1c2f89c2-e267-4ae7-bba9-c42f599bdfef,2026-08-05T03:08:05Z,2026-08-05T03:08:05Z
lever,6b15dcc9-1c67-4632-ade0-e63947752b33,Veeva,Solution Consultant - MedTech,Medtech - APAC,Japan - Tokyo,0,2026-01-20T16:35:40Z,,https://jobs.lever.co/veeva/6b15dcc9-1c67-4632-ade0-e63947752b33,2026-08-05T03:08:05Z,2026-08-05T03:08:05Z
lever,950d7390-9de1-45ce-b219-291339d02b09,Veeva,Solution Consultant - MedTech,Medtech - APAC,Japan - Osaka,0,2026-01-20T16:36:15Z,,https://jobs.lever.co/veeva/950d7390-9de1-45ce-b219-291339d02b09,2026-08-05T03:08:05Z,2026-08-05T03:08:05Z
lever,c62dbdc1-2a2c-4439-a052-f95c7a2ab55a,Veeva,Solution Consultant - Quality,Quality - APAC,China - Shanghai,0,2025-12-23T14:59:48Z,,https://jobs.lever.co/veeva/c62dbdc1-2a2c-4439-a052-f95c7a2ab55a,2026-08-05T03:08:05Z,2026-08-05T03:08:05Z
lever,28657ea2-6fa4-4d40-a5d3-6570d87bbc23,Veeva,Solution Consultant - Safety,R&D - NA,Massachusetts - Boston,1,2026-03-11T16:16:46Z,,https://jobs.lever.co/veeva/28657ea2-6fa4-4d40-a5d3-6570d87bbc23,2026-08-05T03:08:05Z,2026-08-05T03:08:05Z
lever,9215add7-2afc-4bda-be6d-e1b998050b23,Veeva,Solution Consultant - Safety,R&D - NA,Massachusetts - Boston,1,2026-03-11T16:17:19Z,,https://jobs.lever.co/veeva/9215add7-2afc-4bda-be6d-e1b998050b23,2026-08-05T03:08:05Z,2026-08-05T03:08:05Z
lever,d34bdd00-7cbd-426c-955b-76d4d500636c,Veeva,Solution Consultant - Safety,R&D - NA,Pennsylvania - Philadelphia,1,2026-03-11T16:16:04Z,,https://jobs.lever.co/veeva/d34bdd00-7cbd-426c-955b-76d4d500636c,2026-08-05T03:08:05Z,2026-08-05T03:08:05Z
lever,f5686be7-2854-49fc-a8f5-60b63e316c87,Veeva,Solution Consultant - Taiwan Quality,Quality - APAC,Taiwan - Taipei,1,2026-04-10T14:37:21Z,,https://jobs.lever.co/veeva/f5686be7-2854-49fc-a8f5-60b63e316c87,2026-08-05T03:08:05Z,2026-08-05T03:08:05Z
lever,cfb1e08b-211a-4805-86b0-818ece45fb8f,Veeva,Solution Consultant - Veeva QualityOne - Korea,Quality - APAC,South Korea - Seoul,0,2026-07-10T20:40:19Z,,https://jobs.lever.co/veeva/cfb1e08b-211a-4805-86b0-818ece45fb8f,2026-08-05T03:08:05Z,2026-08-05T03:08:05Z
lever,82835673-f2a9-47a4-93a4-18b6c8a0f7e3,Veeva,Solution Consultant - Veeva Safety,R&D - EU,Germany - Berlin,1,2026-03-26T16:56:40Z,,https://jobs.lever.co/veeva/82835673-f2a9-47a4-93a4-18b6c8a0f7e3,2026-08-05T03:08:05Z,2026-08-05T03:08:05Z
lever,82c503df-3956-433c-880b-10998101dbd2,Veeva,Solution Consultant - Veeva Safety,R&D - EU,United Kingdom - London,1,2026-03-26T16:58:30Z,,https://jobs.lever.co/veeva/82c503df-3956-433c-880b-10998101dbd2,2026-08-05T03:08:05Z,2026-08-05T03:08:05Z
lever,4e89cd51-6ff1-4504-beb2-10c2b5664026,Veeva,Solutions Consulting Associate,Crossix - NA,New York - New York City,1,2025-03-04T23:04:11Z,,https://jobs.lever.co/veeva/4e89cd51-6ff1-4504-beb2-10c2b5664026,2026-08-05T03:08:05Z,2026-08-05T03:08:05Z
lever,ea9f8e7f-2a7c-4df0-98d5-cc8b7d8cb08f,Veeva,Statutory Reporting Accountant,Finance & Accounting - EU,Hungary - Budapest,1,2026-03-12T17:11:27Z,,https://jobs.lever.co/veeva/ea9f8e7f-2a7c-4df0-98d5-cc8b7d8cb08f,2026-08-05T03:08:05Z,2026-08-05T03:08:05Z
lever,8e68c2a9-e0cb-4b68-80fd-f6820563c5e6,Veeva,Strategy Director - Crossix Analytics,Crossix - NA,New York - New York City,1,2024-11-14T18:22:45Z,,https://jobs.lever.co/veeva/8e68c2a9-e0cb-4b68-80fd-f6820563c5e6,2026-08-05T03:08:05Z,2026-08-05T03:08:05Z
lever,b9c2e15e-bb0a-4a6b-bc61-075729a60bf9,Veeva,Strategy Director - Crossix Analytics,Crossix - NA,Pennsylvania - Philadelphia,1,2024-11-14T18:23:14Z,,https://jobs.lever.co/veeva/b9c2e15e-bb0a-4a6b-bc61-075729a60bf9,2026-08-05T03:08:05Z,2026-08-05T03:08:05Z
lever,671f61c5-eb09-4eff-bd00-1a70131433eb,Veeva,Strategy Director - Crossix Analytics - Partner Products,Crossix - NA,Massachusetts - Boston,1,2026-07-30T15:09:05Z,,https://jobs.lever.co/veeva/671f61c5-eb09-4eff-bd00-1a70131433eb,2026-08-05T03:08:05Z,2026-08-05T03:08:05Z
lever,db55960e-c823-450e-8258-99fdc1ca7429,Veeva,Strategy Director - Crossix Analytics - Partner Products,Crossix - NA,New York - New York City,1,2026-07-30T15:07:50Z,,https://jobs.lever.co/veeva/db55960e-c823-450e-8258-99fdc1ca7429,2026-08-05T03:08:05Z,2026-08-05T03:08:05Z
lever,0371466d-53b7-4ffe-95a4-435cbfd558d8,Veeva,Strategy Director - Crossix Audience Segments,Crossix - NA,Pennsylvania - Philadelphia,1,2025-10-03T21:27:31Z,,https://jobs.lever.co/veeva/0371466d-53b7-4ffe-95a4-435cbfd558d8,2026-08-05T03:08:05Z,2026-08-05T03:08:05Z
lever,d2bcb5c7-cb96-4c2d-8164-b22e04a4ee21,Veeva,Strategy Director - Crossix Audience Segments,Crossix - NA,New York - New York City,1,2025-10-03T20:29:02Z,,https://jobs.lever.co/veeva/d2bcb5c7-cb96-4c2d-8164-b22e04a4ee21,2026-08-05T03:08:05Z,2026-08-05T03:08:05Z
lever,6d1ec2e2-b93c-4b17-a4d3-9793587965bb,Veeva,Supervisor - OpenData Research Center,Data Operations - NA,Pennsylvania - Radnor,1,2024-04-22T20:09:41Z,,https://jobs.lever.co/veeva/6d1ec2e2-b93c-4b17-a4d3-9793587965bb,2026-08-05T03:08:05Z,2026-08-05T03:08:05Z
lever,44220a52-4b10-4fe7-9928-47d9e8b537ae,Veeva,Team Lead - ODC,Data Operations - EU,Portugal - Lisbon,1,2026-04-16T19:34:45Z,,https://jobs.lever.co/veeva/44220a52-4b10-4fe7-9928-47d9e8b537ae,2026-08-05T03:08:05Z,2026-08-05T03:08:05Z
lever,7186634a-ed2a-4ed5-a8da-9dc0678ded45,Veeva,Team Lead - ODC,Data Operations - EU,Spain - Barcelona,1,2026-04-16T19:33:43Z,,https://jobs.lever.co/veeva/7186634a-ed2a-4ed5-a8da-9dc0678ded45,2026-08-05T03:08:05Z,2026-08-05T03:08:05Z
lever,545ad3ff-e15e-45c7-be50-aaf8bc361a26,Veeva,Team Manager - Cloud Managed Services,Global Leaders - EU,Poland - Warsaw,1,2025-10-23T18:27:37Z,,https://jobs.lever.co/veeva/545ad3ff-e15e-45c7-be50-aaf8bc361a26,2026-08-05T03:08:05Z,2026-08-05T03:08:05Z
lever,6b64f84f-c961-4957-9517-2edc233c913f,Veeva,Team Manager - Cloud Managed Services,Global Leaders - EU,Hungary - Budapest,1,2025-10-23T18:28:20Z,,https://jobs.lever.co/veeva/6b64f84f-c961-4957-9517-2edc233c913f,2026-08-05T03:08:05Z,2026-08-05T03:08:05Z
lever,d277509f-64a9-422a-a0ee-6d83d4fcdb0d,Veeva,Team Manager - Commercial Content,Commercial Services - NA,Massachusetts - Boston,1,2026-06-24T22:13:17Z,,https://jobs.lever.co/veeva/d277509f-64a9-422a-a0ee-6d83d4fcdb0d,2026-08-05T03:08:05Z,2026-08-05T03:08:05Z
lever,707e59b2-f47c-44de-a840-9a6ddc875129,Veeva,Team Manager - Implementation Services,DevCloud Services - EU,Spain - Barcelona,1,2026-07-30T18:57:19Z,,https://jobs.lever.co/veeva/707e59b2-f47c-44de-a840-9a6ddc875129,2026-08-05T03:08:05Z,2026-08-05T03:08:05Z
lever,a6ebad9f-a792-4061-9230-2a3c1acdc45e,Veeva,Team Manager - Implementation Services,DevCloud Services - EU,United Kingdom - London,1,2026-07-30T18:58:28Z,,https://jobs.lever.co/veeva/a6ebad9f-a792-4061-9230-2a3c1acdc45e,2026-08-05T03:08:05Z,2026-08-05T03:08:05Z
lever,578f11c0-c03d-4b28-a03e-d3f92797baa2,Veeva,Team Manager - Post-Implementation Services,Quality Cloud Services - NA,Massachusetts - Boston,1,2026-03-25T20:53:23Z,,https://jobs.lever.co/veeva/578f11c0-c03d-4b28-a03e-d3f92797baa2,2026-08-05T03:08:05Z,2026-08-05T03:08:05Z
lever,cdc48ce7-0cc2-43b9-a7ce-00a4c9a73c78,Veeva,Team Manager - Post-Implementation Services,Quality Cloud Services - NA,Massachusetts - Boston,1,2026-03-25T19:03:45Z,,https://jobs.lever.co/veeva/cdc48ce7-0cc2-43b9-a7ce-00a4c9a73c78,2026-08-05T03:08:05Z,2026-08-05T03:08:05Z
lever,ed6fe0e0-8aec-44d2-92fa-cae91d052a54,Veeva,Team Manager - Post-Implementation Services,Quality Cloud Services - NA,Wisconsin - Madison,1,2026-03-25T20:52:31Z,,https://jobs.lever.co/veeva/ed6fe0e0-8aec-44d2-92fa-cae91d052a54,2026-08-05T03:08:05Z,2026-08-05T03:08:05Z
lever,c7321d68-84cb-4b35-8975-88d42267a402,Veeva,Team Manager - X-pages - Technical Services,Commercial Services - EU,Hungary - Budapest,1,2026-05-18T22:15:41Z,,https://jobs.lever.co/veeva/c7321d68-84cb-4b35-8975-88d42267a402,2026-08-05T03:08:05Z,2026-08-05T03:08:05Z
lever,fcadafaf-5edf-44b3-adc7-678b62019afc,Veeva,Team Manager & Country Lead - Cloud Managed Services (Vault),Global Leaders - EU,Poland - Cracow,1,2026-07-03T15:02:34Z,,https://jobs.lever.co/veeva/fcadafaf-5edf-44b3-adc7-678b62019afc,2026-08-05T03:08:05Z,2026-08-05T03:08:05Z
lever,76102116-f0bc-488a-ad5b-b9db688f6837,Veeva,Technical Consultant - Integrations,Commercial Services - EU,United Kingdom - London,1,2026-05-08T15:57:42Z,,https://jobs.lever.co/veeva/76102116-f0bc-488a-ad5b-b9db688f6837,2026-08-05T03:08:05Z,2026-08-05T03:08:05Z
lever,b959d70c-112a-4c88-98c5-1c57312e3973,Veeva,Technical Consultant - Integrations,Commercial Services - EU,Germany - Berlin,1,2026-05-13T20:55:11Z,,https://jobs.lever.co/veeva/b959d70c-112a-4c88-98c5-1c57312e3973,2026-08-05T03:08:05Z,2026-08-05T03:08:05Z
lever,dd1d2834-b9d2-400b-987e-d9b102c3996b,Veeva,Technical Consultant - Integrations,Commercial Services - EU,Spain - Barcelona,1,2026-05-08T15:58:45Z,,https://jobs.lever.co/veeva/dd1d2834-b9d2-400b-987e-d9b102c3996b,2026-08-05T03:08:05Z,2026-08-05T03:08:05Z
lever,a650d303-2949-47f5-8afd-a39a585ac9dc,Veeva,Technical Consultant - Quality Systems,Quality Cloud Services - EU,Poland - Warsaw,1,2022-07-14T10:16:49Z,,https://jobs.lever.co/veeva/a650d303-2949-47f5-8afd-a39a585ac9dc,2026-08-05T03:08:05Z,2026-08-05T03:08:05Z
lever,dfc30ffb-5981-46bc-abc3-28172a683790,Veeva,Technical Consultant - Quality Systems,Quality Cloud Services - EU,Hungary - Budapest,1,2022-07-14T10:16:16Z,,https://jobs.lever.co/veeva/dfc30ffb-5981-46bc-abc3-28172a683790,2026-08-05T03:08:05Z,2026-08-05T03:08:05Z
lever,ee968fd8-1a34-4932-86b9-f0ea6cf73bc8,Veeva,Technical Consultant - R&D (Remote),Global Technical Services,Tennessee - Nashville,1,2022-07-07T18:45:46Z,,https://jobs.lever.co/veeva/ee968fd8-1a34-4932-86b9-f0ea6cf73bc8,2026-08-05T03:08:05Z,2026-08-05T03:08:05Z
lever,9edf8ca2-3854-4b93-b339-e3014b4fbb2f,Veeva,Technical Consultant - RTSM,Professional Services,Croatia - Zagreb,1,2023-04-19T17:19:00Z,,https://jobs.lever.co/veeva/9edf8ca2-3854-4b93-b339-e3014b4fbb2f,2026-08-05T03:08:05Z,2026-08-05T03:08:05Z
lever,13f75090-f290-4654-bc71-237b99d310ae,Veeva,Technical Consultant - RTSM (Remote),Professional Services,North Carolina - Raleigh,1,2023-09-01T19:21:31Z,,https://jobs.lever.co/veeva/13f75090-f290-4654-bc71-237b99d310ae,2026-08-05T03:08:05Z,2026-08-05T03:08:05Z
lever,7cb47452-8298-4523-81cf-40906f45ebad,Veeva,Technical Consultant - RTSM (Remote),Professional Services,Wisconsin - Madison,1,2023-02-08T18:17:21Z,,https://jobs.lever.co/veeva/7cb47452-8298-4523-81cf-40906f45ebad,2026-08-05T03:08:05Z,2026-08-05T03:08:05Z
lever,95874c28-bdf7-42bb-8f3c-39e75642dde2,Veeva,Technical Consultant - RTSM (Remote),Professional Services,Missouri - Kansas City,1,2023-09-01T19:23:47Z,,https://jobs.lever.co/veeva/95874c28-bdf7-42bb-8f3c-39e75642dde2,2026-08-05T03:08:05Z,2026-08-05T03:08:05Z
lever,9944c7e2-b86c-4c45-812d-dfaa943eebb2,Veeva,Technical Customer Service Associate,Product Support - NA,Ohio - Columbus,1,2024-10-17T17:58:03Z,,https://jobs.lever.co/veeva/9944c7e2-b86c-4c45-812d-dfaa943eebb2,2026-08-05T03:08:05Z,2026-08-05T03:08:05Z
lever,28b0a183-8302-4a6b-90ac-ac8bca98c08f,Veeva,Technical Customer Service Associate - Bilingual (English and Spanish),Product Support - NA,Ohio - Columbus,1,2021-09-24T17:47:29Z,,https://jobs.lever.co/veeva/28b0a183-8302-4a6b-90ac-ac8bca98c08f,2026-08-05T03:08:05Z,2026-08-05T03:08:05Z
lever,d403972d-cec8-4772-9197-c44024bc5cc3,Veeva,Technical Product Manager,Product Management & Alliances - NA,Massachusetts - Boston,1,2021-07-16T18:57:51Z,,https://jobs.lever.co/veeva/d403972d-cec8-4772-9197-c44024bc5cc3,2026-08-05T03:08:05Z,2026-08-05T03:08:05Z
lever,d7001e2a-50f3-436c-8d81-908fdd172461,Veeva,Technical Product Manager,Product Management & Alliances - NA,Massachusetts - Boston,1,2026-06-08T17:17:32Z,,https://jobs.lever.co/veeva/d7001e2a-50f3-436c-8d81-908fdd172461,2026-08-05T03:08:05Z,2026-08-05T03:08:05Z
lever,6cd74bcb-461a-451d-8233-70b4ce9c5582,Veeva,Technical Product Manager - AI Solutions,Product Management & Alliances - NA,Massachusetts - Boston,1,2025-03-13T18:15:25Z,,https://jobs.lever.co/veeva/6cd74bcb-461a-451d-8233-70b4ce9c5582,2026-08-05T03:08:05Z,2026-08-05T03:08:05Z
lever,756fc7c3-f155-4eaf-b5c6-5544604024b4,Veeva,Technical Product Manager - AI Solutions,Product Management & Alliances - NA,Massachusetts - Boston,1,2025-03-13T18:05:58Z,,https://jobs.lever.co/veeva/756fc7c3-f155-4eaf-b5c6-5544604024b4,2026-08-05T03:08:05Z,2026-08-05T03:08:05Z
lever,3840a8a5-64b6-42af-a1ef-e160afeba4d0,Veeva,Technical Product Manager - Veeva Labeling AI,Product Management & Alliances - NA,Massachusetts - Boston,1,2026-07-09T14:41:34Z,,https://jobs.lever.co/veeva/3840a8a5-64b6-42af-a1ef-e160afeba4d0,2026-08-05T03:08:05Z,2026-08-05T03:08:05Z
lever,5fc64911-1f9d-4339-aabb-ddc9f5af4bcf,Veeva,Technical Product Manager - Veeva Labeling AI,Product Management & Alliances - NA,Canada - Toronto,1,2026-07-10T13:54:38Z,,https://jobs.lever.co/veeva/5fc64911-1f9d-4339-aabb-ddc9f5af4bcf,2026-08-05T03:08:05Z,2026-08-05T03:08:05Z
lever,fe20550d-85c6-4868-a3ad-0f77f944fed7,Veeva,Technical Product Manager - Veeva Labeling AI,Product Management & Alliances - NA,Pennsylvania - Radnor,1,2026-07-09T15:00:28Z,,https://jobs.lever.co/veeva/fe20550d-85c6-4868-a3ad-0f77f944fed7,2026-08-05T03:08:05Z,2026-08-05T03:08:05Z
lever,0a6817fd-bc3a-4f25-aea6-777ce9f3093f,Veeva,Technical Product Manager (AI) - Veeva Quality Cloud,Product Management & Alliances - NA,Missouri - Kansas City,1,2026-07-29T20:22:37Z,,https://jobs.lever.co/veeva/0a6817fd-bc3a-4f25-aea6-777ce9f3093f,2026-08-05T03:08:05Z,2026-08-05T03:08:05Z
lever,22f3c712-9119-4403-acb1-eb7d783cef94,Veeva,Technical Product Manager (AI) - Veeva Quality Cloud,Product Management & Alliances - NA,Massachusetts - Boston,1,2026-07-29T19:01:35Z,,https://jobs.lever.co/veeva/22f3c712-9119-4403-acb1-eb7d783cef94,2026-08-05T03:08:05Z,2026-08-05T03:08:05Z
lever,9323dc71-74a8-4ae3-8d30-d2fb3271b106,Veeva,Technical Product Manager (AI) - Veeva Quality Cloud,Product Management & Alliances - NA,Canada - Toronto,1,2026-07-29T19:02:35Z,,https://jobs.lever.co/veeva/9323dc71-74a8-4ae3-8d30-d2fb3271b106,2026-08-05T03:08:05Z,2026-08-05T03:08:05Z
lever,a65d1918-e99e-4179-bebf-6ae040cfab12,Veeva,Technical Product Manager (AI) - Veeva QualityDocs & Training,Product Management & Alliances - NA,Massachusetts - Boston,1,2026-07-29T18:49:54Z,,https://jobs.lever.co/veeva/a65d1918-e99e-4179-bebf-6ae040cfab12,2026-08-05T03:08:05Z,2026-08-05T03:08:05Z
lever,c0f4972b-95e3-4f90-96be-ba8e033b4c03,Veeva,Technical Product Manager (AI) - Veeva QualityDocs & Training,Product Management & Alliances - NA,Canada - Toronto,1,2026-07-29T18:51:49Z,,https://jobs.lever.co/veeva/c0f4972b-95e3-4f90-96be-ba8e033b4c03,2026-08-05T03:08:05Z,2026-08-05T03:08:05Z
lever,f522d80f-0d29-4285-82fa-035cf919a458,Veeva,Technical Product Manager (AI) - Veeva QualityDocs & Training,Product Management & Alliances - NA,Missouri - Kansas City,1,2026-07-29T20:24:37Z,,https://jobs.lever.co/veeva/f522d80f-0d29-4285-82fa-035cf919a458,2026-08-05T03:08:05Z,2026-08-05T03:08:05Z
lever,4a393cdf-0ace-4d6d-90b5-c3e7e1c5cd54,Veeva,Technical Writer,Product Management & Alliances - NA,Massachusetts - Boston,1,2026-07-16T21:35:23Z,,https://jobs.lever.co/veeva/4a393cdf-0ace-4d6d-90b5-c3e7e1c5cd54,2026-08-05T03:08:05Z,2026-08-05T03:08:05Z
lever,6dfff9a0-6fc8-43f3-b26f-5f3d496349ee,Veeva,Technical Writer,Product Management & Alliances - NA,California - San Francisco,1,2026-07-16T18:04:51Z,,https://jobs.lever.co/veeva/6dfff9a0-6fc8-43f3-b26f-5f3d496349ee,2026-08-05T03:08:05Z,2026-08-05T03:08:05Z
lever,f7cea665-3f74-4f37-8e49-80e4d0805c3a,Veeva,Technology Consulting Intern (Hungary) - Entry-Level,806-G&A ES Corp,Hungary - Budapest,1,2021-11-12T11:40:12Z,,https://jobs.lever.co/veeva/f7cea665-3f74-4f37-8e49-80e4d0805c3a,2026-08-05T03:08:05Z,2026-08-05T03:08:05Z
lever,398125a9-51ab-43ca-a7ef-f9886f94a93a,Veeva,Travel Coordinator - Program/Event,Digital Events,New Jersey - Lyndhurst,0,2025-10-16T17:49:46Z,,https://jobs.lever.co/veeva/398125a9-51ab-43ca-a7ef-f9886f94a93a,2026-08-05T03:08:05Z,2026-08-05T03:08:05Z
lever,ce9b4cb3-40ad-4d75-b580-fc4c54be21e8,Veeva,Travel Coordinator - Program/Event,Digital Events,Massachusetts - Boston,1,2025-10-16T17:23:47Z,,https://jobs.lever.co/veeva/ce9b4cb3-40ad-4d75-b580-fc4c54be21e8,2026-08-05T03:08:05Z,2026-08-05T03:08:05Z
lever,93ddd8b9-0756-4e5f-a034-ce1d529b8ed5,Veeva,Vault Platform Pre-Sales Solution Architect,R&D - NA,Massachusetts - Boston,1,2026-01-28T21:48:10Z,,https://jobs.lever.co/veeva/93ddd8b9-0756-4e5f-a034-ce1d529b8ed5,2026-08-05T03:08:05Z,2026-08-05T03:08:05Z
lever,95291f96-62bc-4ee8-a833-58fd5de50446,Veeva,Vault Platform Pre-Sales Solution Architect,R&D - NA,Pennsylvania - Philadelphia,1,2026-02-02T18:12:17Z,,https://jobs.lever.co/veeva/95291f96-62bc-4ee8-a833-58fd5de50446,2026-08-05T03:08:05Z,2026-08-05T03:08:05Z
lever,a5382229-7d05-4fdd-9153-16be1bffa79a,Veeva,Vault Platform Pre-Sales Solution Architect,R&D - NA,Massachusetts - Boston,1,2026-02-02T18:10:57Z,,https://jobs.lever.co/veeva/a5382229-7d05-4fdd-9153-16be1bffa79a,2026-08-05T03:08:05Z,2026-08-05T03:08:05Z
lever,6e986cbd-f3c5-47e5-b346-2e6d725dcc56,Veeva,VP - Business Consulting Lead - China,Commercial - APAC,China - Shanghai,0,2026-01-29T17:23:10Z,,https://jobs.lever.co/veeva/6e986cbd-f3c5-47e5-b346-2e6d725dcc56,2026-08-05T03:08:05Z,2026-08-05T03:08:05Z
lever,3414ba28-35f7-45d3-8e13-35c883959635,Match Group,Android Engineer III,Engineering,"New York, New York",0,2026-05-19T20:38:11Z,,https://jobs.lever.co/matchgroup/3414ba28-35f7-45d3-8e13-35c883959635,2026-08-05T03:08:05Z,2026-08-05T03:08:05Z
lever,0152fd07-2715-4fe1-a208-af9d03c0b358,Match Group,APAC Sr. Localization Program Manager (Tinder Korea),Product,"Seoul, South Korea",0,2025-10-22T06:37:30Z,,https://jobs.lever.co/matchgroup/0152fd07-2715-4fe1-a208-af9d03c0b358,2026-08-05T03:08:05Z,2026-08-05T03:08:05Z
lever,307bfde1-1acd-4e34-afc5-e91c07550f73,Match Group,Apprenticeship - Junior Brand Copywriter,Marketing,"Paris, France",0,2026-07-17T08:52:43Z,,https://jobs.lever.co/matchgroup/307bfde1-1acd-4e34-afc5-e91c07550f73,2026-08-05T03:08:05Z,2026-08-05T03:08:05Z
lever,4f8b6ca1-70f4-4629-8cca-435397226e29,Match Group,Apprenticeship - Junior Brand Designer,Marketing,"Paris, France",0,2026-07-17T12:40:50Z,,https://jobs.lever.co/matchgroup/4f8b6ca1-70f4-4629-8cca-435397226e29,2026-08-05T03:08:05Z,2026-08-05T03:08:05Z
lever,0894dfce-c38b-4346-b37e-38b72d7bbf4d,Match Group,Apprenticeship - Junior Marketing Assistant,Marketing,"Paris, France",0,2026-07-24T09:45:28Z,,https://jobs.lever.co/matchgroup/0894dfce-c38b-4346-b37e-38b72d7bbf4d,2026-08-05T03:08:05Z,2026-08-05T03:08:05Z
lever,1e93447f-dfcb-4e73-aed6-d62895a6d5db,Match Group,Apprenticeship - Junior Traffic Manager,Marketing,"Paris, France",0,2026-07-17T08:28:43Z,,https://jobs.lever.co/matchgroup/1e93447f-dfcb-4e73-aed6-d62895a6d5db,2026-08-05T03:08:05Z,2026-08-05T03:08:05Z
lever,1deea0b0-c0c9-4541-972e-2a437b64b023,Match Group,"Back-end Engineer, Platform","Development, Technology",Tokyo,0,2024-07-22T02:39:02Z,,https://jobs.lever.co/matchgroup/1deea0b0-c0c9-4541-972e-2a437b64b023,2026-08-05T03:08:05Z,2026-08-05T03:08:05Z
lever,750053cb-5ace-444a-9c64-070fb4d46439,Match Group,"Backend Engineer (Trust & Safety), Platform","Development, Technology",Tokyo,0,2026-06-04T07:32:29Z,,https://jobs.lever.co/matchgroup/750053cb-5ace-444a-9c64-070fb4d46439,2026-08-05T03:08:05Z,2026-08-05T03:08:05Z
lever,74295d7a-31a8-4765-afef-9784e1950386,Match Group,CRM Manager (Azar),Business,"Seoul, South Korea",0,2026-06-10T08:51:31Z,,https://jobs.lever.co/matchgroup/74295d7a-31a8-4765-afef-9784e1950386,2026-08-05T03:08:05Z,2026-08-05T03:08:05Z
lever,3c12c050-2719-43e6-a69e-fdb971f399a7,Match Group,Data Analyst (Azar),Engineering,"Seoul, South Korea",0,2026-07-08T08:57:06Z,,https://jobs.lever.co/matchgroup/3c12c050-2719-43e6-a69e-fdb971f399a7,2026-08-05T03:08:05Z,2026-08-05T03:08:05Z
lever,fba1fb55-a29f-47e8-93d1-b0c60993aff5,Match Group,Digital & Social Communications Manager (Americas),Communications,"Los Angeles, California",0,2026-07-07T21:21:56Z,,https://jobs.lever.co/matchgroup/fba1fb55-a29f-47e8-93d1-b0c60993aff5,2026-08-05T03:08:05Z,2026-08-05T03:08:05Z
lever,1ce78c26-349b-42f2-b193-2ff0a86861dd,Match Group,"Director of AI, Dating Outcomes",Engineering,"New York, New York",0,2026-06-12T20:34:43Z,,https://jobs.lever.co/matchgroup/1ce78c26-349b-42f2-b193-2ff0a86861dd,2026-08-05T03:08:05Z,2026-08-05T03:08:05Z
lever,9a8d4a8f-2880-4399-899b-5c1a20f1f9a4,Match Group,"Director of UX Research, Dating Outcomes & Platform",Product,"New York, New York",0,2026-06-10T17:38:53Z,,https://jobs.lever.co/matchgroup/9a8d4a8f-2880-4399-899b-5c1a20f1f9a4,2026-08-05T03:08:05Z,2026-08-05T03:08:05Z
lever,11cfd1b2-b47e-49a5-a349-93e14463ac18,Match Group,"Director, Brand, Communications & Partnerships",Marketing,Tokyo,0,2026-07-16T08:26:46Z,,https://jobs.lever.co/matchgroup/11cfd1b2-b47e-49a5-a349-93e14463ac18,2026-08-05T03:08:05Z,2026-08-05T03:08:05Z
lever,8ce0fec6-bbaf-4cb6-bd34-0a4424e9c1ab,Match Group,"Director, Equity Accounting",Finance,"Dallas, Texas",0,2026-04-01T22:23:06Z,,https://jobs.lever.co/matchgroup/8ce0fec6-bbaf-4cb6-bd34-0a4424e9c1ab,2026-08-05T03:08:05Z,2026-08-05T03:08:05Z
lever,9b60866a-bc48-467a-8531-1a7717296ef5,Match Group,"Director, Global Safety Regulatory Compliance",Trust and Safety,"Dublin, Ireland",0,2026-07-10T11:38:32Z,,https://jobs.lever.co/matchgroup/9b60866a-bc48-467a-8531-1a7717296ef5,2026-08-05T03:08:05Z,2026-08-05T03:08:05Z
lever,406499f8-1b35-48e6-87fa-353764909ca3,Match Group,"Director, West Coast Sales",Ad Sales,"Los Angeles, California",0,2026-07-24T14:29:59Z,,https://jobs.lever.co/matchgroup/406499f8-1b35-48e6-87fa-353764909ca3,2026-08-05T03:08:05Z,2026-08-05T03:08:05Z
lever,e9ebbab0-2428-4651-828e-8c3af0dec1bf,Match Group,"Founding Full Stack Engineer, AI Incubation",Engineering,"Los Angeles, California",0,2026-07-20T18:56:55Z,,https://jobs.lever.co/matchgroup/e9ebbab0-2428-4651-828e-8c3af0dec1bf,2026-08-05T03:08:05Z,2026-08-05T03:08:05Z
lever,8edbdf5c-b22f-4449-9c68-08c86ed6dcdf,Match Group,"Full-stack Engineer, Trust & Safety","Development, Technology",Tokyo,0,2026-06-23T00:51:21Z,,https://jobs.lever.co/matchgroup/8edbdf5c-b22f-4449-9c68-08c86ed6dcdf,2026-08-05T03:08:05Z,2026-08-05T03:08:05Z
lever,978161cd-f678-4968-990f-f8f9757a258a,Match Group,Global Operations Specialist (6 month temp),Unassigned,"Vancouver, British Columbia",0,2026-08-04T22:44:00Z,,https://jobs.lever.co/matchgroup/978161cd-f678-4968-990f-f8f9757a258a,2026-08-05T03:08:05Z,2026-08-05T03:08:05Z
lever,de5a1789-e8c1-4f45-814a-6d1d110d5fb3,Match Group,Head of Product & Tech Operations,Operations,"New York, New York",0,2026-03-06T20:38:40Z,,https://jobs.lever.co/matchgroup/de5a1789-e8c1-4f45-814a-6d1d110d5fb3,2026-08-05T03:08:05Z,2026-08-05T03:08:05Z
lever,2900bc00-e1f0-4611-a818-458cd7ba721a,Match Group,Knowledge Management Program Lead,Trust & Safety,"New York, New York",0,2026-06-08T20:38:50Z,,https://jobs.lever.co/matchgroup/2900bc00-e1f0-4611-a818-458cd7ba721a,2026-08-05T03:08:05Z,2026-08-05T03:08:05Z
lever,9786dd19-a0b3-4f0a-8efb-98f1537e7e1e,Match Group,Lead Product Manager,Product Design,"Dallas, Texas",0,2026-06-23T22:21:46Z,,https://jobs.lever.co/matchgroup/9786dd19-a0b3-4f0a-8efb-98f1537e7e1e,2026-08-05T03:08:05Z,2026-08-05T03:08:05Z
lever,66555915-0671-4679-82a0-aaddc8cb6585,Match Group,"Lead Researcher, Cultural & Consumer Insights",Marketing,"New York, New York",0,2026-07-24T20:13:13Z,,https://jobs.lever.co/matchgroup/66555915-0671-4679-82a0-aaddc8cb6585,2026-08-05T03:08:05Z,2026-08-05T03:08:05Z
lever,7b7f0cd2-062d-48cb-a3a3-86e1bde6ae2d,Match Group,Lead Talent Acquisition Partner,People,"New York, New York",0,2026-07-10T20:07:15Z,,https://jobs.lever.co/matchgroup/7b7f0cd2-062d-48cb-a3a3-86e1bde6ae2d,2026-08-05T03:08:05Z,2026-08-05T03:08:05Z
lever,302d967b-3cb3-47c2-9208-6d4e69a1b5b2,Match Group,"Lead UX Researcher, Growth",Product,"New York, New York",0,2026-07-08T14:39:57Z,,https://jobs.lever.co/matchgroup/302d967b-3cb3-47c2-9208-6d4e69a1b5b2,2026-08-05T03:08:05Z,2026-08-05T03:08:05Z
lever,2196948b-9338-4943-acba-cb529335ed16,Match Group,Machine Learning Engineer (Match Group AI),Core,"Seoul, South Korea",0,2026-08-04T02:36:47Z,,https://jobs.lever.co/matchgroup/2196948b-9338-4943-acba-cb529335ed16,2026-08-05T03:08:05Z,2026-08-05T03:08:05Z
lever,613fab0e-1e84-4604-9fae-08785c3a792e,Match Group,Machine Learning Engineer II,Engineering,"Palo Alto, California",0,2026-06-02T21:48:42Z,,https://jobs.lever.co/matchgroup/613fab0e-1e84-4604-9fae-08785c3a792e,2026-08-05T03:08:05Z,2026-08-05T03:08:05Z
lever,cb6122d7-9b0b-4e26-9f58-d6706f5cae66,Match Group,Machine Learning Software Engineer (Match Group AI),Core,"Seoul, South Korea",0,2026-07-27T05:32:20Z,,https://jobs.lever.co/matchgroup/cb6122d7-9b0b-4e26-9f58-d6706f5cae66,2026-08-05T03:08:05Z,2026-08-05T03:08:05Z
lever,fd38ac08-e085-4b7b-98bd-1f6a38484fb6,Match Group,"Manager, Strategy",Strategy,"Dallas, Texas",0,2026-07-24T01:31:12Z,,https://jobs.lever.co/matchgroup/fd38ac08-e085-4b7b-98bd-1f6a38484fb6,2026-08-05T03:08:05Z,2026-08-05T03:08:05Z
lever,a7597ed4-44de-463f-9eb8-637b155fa866,Match Group,"Mobile Engineering Manager, Trust & Safety",Engineering,"New York, New York",0,2026-05-19T20:55:28Z,,https://jobs.lever.co/matchgroup/a7597ed4-44de-463f-9eb8-637b155fa866,2026-08-05T03:08:05Z,2026-08-05T03:08:05Z
lever,f5172470-df74-4291-94b1-8da411c0ec66,Match Group,Operations Engineer - Data Center (SysOps),Engineering,"Dallas, Texas",0,2026-07-16T21:48:44Z,,https://jobs.lever.co/matchgroup/f5172470-df74-4291-94b1-8da411c0ec66,2026-08-05T03:08:05Z,2026-08-05T03:08:05Z
lever,66815647-0c52-4780-9772-3ff00d5e06cb,Match Group,Principal AI Learning & Enablement Partner,People,"Los Angeles, California",0,2026-05-13T17:26:26Z,,https://jobs.lever.co/matchgroup/66815647-0c52-4780-9772-3ff00d5e06cb,2026-08-05T03:08:05Z,2026-08-05T03:08:05Z
lever,2cd2616d-a5b9-4514-961e-da95fb60112a,Match Group,"Principal, Applied AI Enablement, Legal",Legal,"West Hollywood, California",0,2026-06-18T18:42:27Z,,https://jobs.lever.co/matchgroup/2cd2616d-a5b9-4514-961e-da95fb60112a,2026-08-05T03:08:05Z,2026-08-05T03:08:05Z
lever,93d72b39-cb72-4885-94ad-162302b47d8f,Match Group,Privacy Analyst,Legal,"New York, New York",0,2026-07-31T23:13:51Z,,https://jobs.lever.co/matchgroup/93d72b39-cb72-4885-94ad-162302b47d8f,2026-08-05T03:08:05Z,2026-08-05T03:08:05Z
lever,4f3e70ea-d843-4666-844a-c0ba07f2033f,Match Group,Product Back-end Engineer,"Development, Technology",Tokyo,0,2024-05-17T08:05:36Z,,https://jobs.lever.co/matchgroup/4f3e70ea-d843-4666-844a-c0ba07f2033f,2026-08-05T03:08:05Z,2026-08-05T03:08:05Z
lever,a1090777-a58d-4622-aa5f-b35f2f61b5f0,Match Group,"Product Designer, International Growth (Tinder Seoul)",Product Design,"Seoul, South Korea",0,2026-07-21T09:58:33Z,,https://jobs.lever.co/matchgroup/a1090777-a58d-4622-aa5f-b35f2f61b5f0,2026-08-05T03:08:05Z,2026-08-05T03:08:05Z
lever,a28b58c9-f90f-43ef-b5b2-46cf0b88ecd1,Match Group,Product Manager (Azar),Business,"Seoul, South Korea",0,2026-07-23T01:20:32Z,,https://jobs.lever.co/matchgroup/a28b58c9-f90f-43ef-b5b2-46cf0b88ecd1,2026-08-05T03:08:05Z,2026-08-05T03:08:05Z
lever,be908eda-1ae9-4563-9252-fe9b35df61d4,Match Group,Product Manager (Match Group AI),Core,"Seoul, South Korea",0,2026-07-27T05:28:23Z,,https://jobs.lever.co/matchgroup/be908eda-1ae9-4563-9252-fe9b35df61d4,2026-08-05T03:08:05Z,2026-08-05T03:08:05Z
lever,dc1c554b-58ab-425d-880d-4d304ee20fc8,Match Group,Product Manager（プロダクトマネージャー）,Product,Tokyo,0,2024-10-21T09:53:17Z,,https://jobs.lever.co/matchgroup/dc1c554b-58ab-425d-880d-4d304ee20fc8,2026-08-05T03:08:05Z,2026-08-05T03:08:05Z
lever,fb436862-c9d3-4eb0-ad89-b70cad8a7480,Match Group,"Product Marketing Lead, Growth",Marketing,"New York, New York",0,2026-04-29T19:07:21Z,,https://jobs.lever.co/matchgroup/fb436862-c9d3-4eb0-ad89-b70cad8a7480,2026-08-05T03:08:05Z,2026-08-05T03:08:05Z
lever,fba8cbfe-cbdb-4e66-b94a-57bcb0025e22,Match Group,"Quality Assurance Analyst, Global Operations (18 Month Temp)",Trust and Safety,"Vancouver, British Columbia",0,2026-06-09T00:00:48Z,,https://jobs.lever.co/matchgroup/fba8cbfe-cbdb-4e66-b94a-57bcb0025e22,2026-08-05T03:08:05Z,2026-08-05T03:08:05Z
lever,a7ed5a7e-d47a-4c87-80e7-0bfd7a446a59,Match Group,Quality Engineering Lead,"Development, Technology",Tokyo,0,2026-07-31T07:53:34Z,,https://jobs.lever.co/matchgroup/a7ed5a7e-d47a-4c87-80e7-0bfd7a446a59,2026-08-05T03:08:05Z,2026-08-05T03:08:05Z
lever,eee3f501-72ed-4d28-a25b-8a18288a60d6,Match Group,Senior Backend Engineer,Engineering,"New York, New York",0,2026-04-30T14:07:08Z,,https://jobs.lever.co/matchgroup/eee3f501-72ed-4d28-a25b-8a18288a60d6,2026-08-05T03:08:05Z,2026-08-05T03:08:05Z
lever,553d4da2-ff94-4306-b985-2ea09bf48dca,Match Group,"Senior Backend Engineering Manager, Recommendations",Engineering,"New York, New York",0,2026-04-28T21:48:40Z,,https://jobs.lever.co/matchgroup/553d4da2-ff94-4306-b985-2ea09bf48dca,2026-08-05T03:08:05Z,2026-08-05T03:08:05Z
lever,e413396c-265b-4856-a83a-e217b4072af5,Match Group,Senior Data & Analytics Engineer,Engineering,"Seoul, South Korea",0,2026-06-11T02:52:30Z,,https://jobs.lever.co/matchgroup/e413396c-265b-4856-a83a-e217b4072af5,2026-08-05T03:08:05Z,2026-08-05T03:08:05Z
lever,b70c8cbd-79d2-4dcf-a1a6-4a56bc47dfc8,Match Group,Senior Data Platform Engineer,Engineering,"New York, New York",0,2026-04-16T19:33:05Z,,https://jobs.lever.co/matchgroup/b70c8cbd-79d2-4dcf-a1a6-4a56bc47dfc8,2026-08-05T03:08:05Z,2026-08-05T03:08:05Z
lever,2695c869-f0d4-4d61-8522-716338cf9508,Match Group,"Senior Engineering Manager, Enablement",Engineering,"New York, New York",0,2026-06-25T20:01:37Z,,https://jobs.lever.co/matchgroup/2695c869-f0d4-4d61-8522-716338cf9508,2026-08-05T03:08:05Z,2026-08-05T03:08:05Z
lever,43a95371-d8d9-4dfe-a04b-7249adceee35,Match Group,"Senior Global Escalations Specialist, Member Experience (Singapore)",Community,Singapore,0,2026-02-10T02:09:02Z,,https://jobs.lever.co/matchgroup/43a95371-d8d9-4dfe-a04b-7249adceee35,2026-08-05T03:08:05Z,2026-08-05T03:08:05Z
lever,81717593-d79d-4287-b5d6-6ad43a48bc4f,Match Group,Senior iOS Engineer,Engineering,"New York, New York",0,2025-09-16T19:50:51Z,,https://jobs.lever.co/matchgroup/81717593-d79d-4287-b5d6-6ad43a48bc4f,2026-08-05T03:08:05Z,2026-08-05T03:08:05Z
lever,4791b212-d02c-4814-ba9a-afa03d07d6a3,Match Group,Senior Machine Learning Engineer,Engineering,"Vancouver, British Columbia",0,2026-07-27T20:16:07Z,,https://jobs.lever.co/matchgroup/4791b212-d02c-4814-ba9a-afa03d07d6a3,2026-08-05T03:08:05Z,2026-08-05T03:08:05Z
lever,4eca7f77-c7f3-4225-bf81-6c409c25f66f,Match Group,Senior Machine Learning Engineer (Match Group AI),Core,"Seoul, South Korea",0,2025-06-30T10:23:39Z,,https://jobs.lever.co/matchgroup/4eca7f77-c7f3-4225-bf81-6c409c25f66f,2026-08-05T03:08:05Z,2026-08-05T03:08:05Z
lever,f6d1cdb5-efcd-4c13-bd51-570568138794,Match Group,Senior Machine Learning Platform Engineer,Engineering,"New York, New York",0,2024-01-11T18:20:39Z,,https://jobs.lever.co/matchgroup/f6d1cdb5-efcd-4c13-bd51-570568138794,2026-08-05T03:08:05Z,2026-08-05T03:08:05Z
lever,f11bd452-cf32-4914-960d-26413890d2d3,Match Group,"Senior Manager, Consumer Communications IMEA",Marketing & PR,"Gurgaon, India",0,2026-04-22T09:35:32Z,,https://jobs.lever.co/matchgroup/f11bd452-cf32-4914-960d-26413890d2d3,2026-08-05T03:08:05Z,2026-08-05T03:08:05Z
lever,4b304f3c-a2fd-426c-8988-727a5e16bd26,Match Group,Senior Product Manager,Product,"Tokyo, Japan",0,2023-12-14T04:51:26Z,,https://jobs.lever.co/matchgroup/4b304f3c-a2fd-426c-8988-727a5e16bd26,2026-08-05T03:08:05Z,2026-08-05T03:08:05Z
lever,1b9394b5-cfea-4d10-961a-b3b7ab01f951,Match Group,"Senior Product Manager, Recommendations",Product,"New York, New York",0,2026-07-16T18:33:49Z,,https://jobs.lever.co/matchgroup/1b9394b5-cfea-4d10-961a-b3b7ab01f951,2026-08-05T03:08:05Z,2026-08-05T03:08:05Z
lever,0c028cfd-109d-4420-9663-d3663dad1f2c,Match Group,Senior Recruiter,People,"Dallas, Texas",0,2026-06-26T23:07:24Z,,https://jobs.lever.co/matchgroup/0c028cfd-109d-4420-9663-d3663dad1f2c,2026-08-05T03:08:05Z,2026-08-05T03:08:05Z
lever,ef27d211-c82d-4b28-acf4-b9154784a906,Match Group,"Senior Software Engineer, Backend — Seoul Studios (Tinder Seoul)",Engineering,"Seoul, South Korea",0,2026-07-22T06:06:39Z,,https://jobs.lever.co/matchgroup/ef27d211-c82d-4b28-acf4-b9154784a906,2026-08-05T03:08:05Z,2026-08-05T03:08:05Z
lever,c2cae6b4-2b36-4b50-81ea-e87c34c2b792,Match Group,Senior System Engineer (IT Support),Security,Tokyo,0,2026-06-10T01:45:48Z,,https://jobs.lever.co/matchgroup/c2cae6b4-2b36-4b50-81ea-e87c34c2b792,2026-08-05T03:08:05Z,2026-08-05T03:08:05Z
lever,36e10c24-6f52-4912-b633-87f7aa6fc795,Match Group,Senior Traffic Manager,Marketing & PR,"Paris, France",0,2026-06-26T13:30:56Z,,https://jobs.lever.co/matchgroup/36e10c24-6f52-4912-b633-87f7aa6fc795,2026-08-05T03:08:05Z,2026-08-05T03:08:05Z
lever,83ecb51f-033d-4c9b-8fcb-81a7052ff4dd,Match Group,Social Content Lead,Marketing,"Los Angeles, California",0,2026-05-07T18:14:18Z,,https://jobs.lever.co/matchgroup/83ecb51f-033d-4c9b-8fcb-81a7052ff4dd,2026-08-05T03:08:05Z,2026-08-05T03:08:05Z
lever,61b35189-63de-402d-85a3-6d6a04b1981e,Match Group,Software Engineer III,Engineering,"Dallas, Texas",0,2026-07-20T21:57:02Z,,https://jobs.lever.co/matchgroup/61b35189-63de-402d-85a3-6d6a04b1981e,2026-08-05T03:08:05Z,2026-08-05T03:08:05Z
lever,61e35c3c-3156-4760-a088-4a3765e37f8e,Match Group,"Software Engineer, iOS",Engineering,"Los Angeles, California",0,2023-10-23T14:37:36Z,,https://jobs.lever.co/matchgroup/61e35c3c-3156-4760-a088-4a3765e37f8e,2026-08-05T03:08:05Z,2026-08-05T03:08:05Z
lever,5b175670-6a11-4d47-9760-1641d8988762,Match Group,Sr. Director Brand Marketing - Europe,Marketing,"Paris, France",0,2026-06-25T08:16:40Z,,https://jobs.lever.co/matchgroup/5b175670-6a11-4d47-9760-1641d8988762,2026-08-05T03:08:05Z,2026-08-05T03:08:05Z
lever,1eedad2c-15b0-4150-8e6d-15dccb26317d,Match Group,"Sr. Director, Head of Consumer Communications APAC",Marketing & PR,Singapore,0,2026-03-24T01:42:26Z,,https://jobs.lever.co/matchgroup/1eedad2c-15b0-4150-8e6d-15dccb26317d,2026-08-05T03:08:05Z,2026-08-05T03:08:05Z
lever,4f97f35d-9c74-42a2-92b7-fbfcaab5f122,Match Group,Sr. Integrated MarComms Manager AUS,Communications,Melbourne,0,2026-06-23T20:36:04Z,,https://jobs.lever.co/matchgroup/4f97f35d-9c74-42a2-92b7-fbfcaab5f122,2026-08-05T03:08:05Z,2026-08-05T03:08:05Z
lever,542c9323-4516-43f7-ba58-ffe18814aff8,Match Group,"Sr. Manager, Brand Marketing, E&E (Match)",Marketing & PR,"Los Angeles, California",0,2026-07-06T16:43:25Z,,https://jobs.lever.co/matchgroup/542c9323-4516-43f7-ba58-ffe18814aff8,2026-08-05T03:08:05Z,2026-08-05T03:08:05Z
lever,d2fb27c1-df00-46ff-9985-876f26d90d94,Match Group,"Sr. Manager, Brand Marketing, E&E (Match)",Marketing & PR,"Dallas, Texas",0,2026-07-10T03:50:12Z,,https://jobs.lever.co/matchgroup/d2fb27c1-df00-46ff-9985-876f26d90d94,2026-08-05T03:08:05Z,2026-08-05T03:08:05Z
lever,c574dcac-346b-4d4a-bcf9-9f7512ccc29c,Match Group,Sr. People Business Partner,People,"Vancouver, British Columbia",0,2026-07-22T18:13:43Z,,https://jobs.lever.co/matchgroup/c574dcac-346b-4d4a-bcf9-9f7512ccc29c,2026-08-05T03:08:05Z,2026-08-05T03:08:05Z
lever,73e359c8-8535-4db1-a3b1-81dfc26b4a3b,Match Group,Sr. Regional Business Analyst (Tinder Asia),Finance & Analytics,Singapore,0,2026-05-21T03:02:33Z,,https://jobs.lever.co/matchgroup/73e359c8-8535-4db1-a3b1-81dfc26b4a3b,2026-08-05T03:08:05Z,2026-08-05T03:08:05Z
lever,3e5e8627-40d0-4a8e-8543-2cf60148ee16,Match Group,"Sr. Software Engineer, MarTech",Marketing & PR,"Palo Alto, California",0,2026-07-21T17:17:54Z,,https://jobs.lever.co/matchgroup/3e5e8627-40d0-4a8e-8543-2cf60148ee16,2026-08-05T03:08:05Z,2026-08-05T03:08:05Z
lever,a2f6aae9-20e4-476d-857e-763e191cb982,Match Group,Sr. Talent & Culture Business Partner,People,"Dallas, Texas",0,2026-07-15T21:16:50Z,,https://jobs.lever.co/matchgroup/a2f6aae9-20e4-476d-857e-763e191cb982,2026-08-05T03:08:05Z,2026-08-05T03:08:05Z
lever,825cc934-7cd6-4462-a9a9-99a61558ebe1,Match Group,Sr. Talent Acquisition Partner (Technical),People,"New York, New York",0,2026-06-18T21:33:42Z,,https://jobs.lever.co/matchgroup/825cc934-7cd6-4462-a9a9-99a61558ebe1,2026-08-05T03:08:05Z,2026-08-05T03:08:05Z
lever,38a680c1-07a6-438e-9448-b677b5f044e0,Match Group,"Sr. Technical Program Manager, Events (IRL)",Program Management,"Los Angeles, California",0,2026-08-03T18:26:46Z,,https://jobs.lever.co/matchgroup/38a680c1-07a6-438e-9448-b677b5f044e0,2026-08-05T03:08:05Z,2026-08-05T03:08:05Z
lever,44f43bbf-9483-4a65-a738-5596f6770880,Match Group,"Sr. Technical Program Manager, Marketing Technology",Marketing & PR,"Los Angeles, California",0,2026-06-09T14:10:28Z,,https://jobs.lever.co/matchgroup/44f43bbf-9483-4a65-a738-5596f6770880,2026-08-05T03:08:05Z,2026-08-05T03:08:05Z
lever,2f11c7b8-71ed-480b-9368-ca23b7c559d4,Match Group,"Sr. Technical Program Manager, Security Engineering",Security,"Vancouver, British Columbia",0,2026-04-13T20:07:24Z,,https://jobs.lever.co/matchgroup/2f11c7b8-71ed-480b-9368-ca23b7c559d4,2026-08-05T03:08:05Z,2026-08-05T03:08:05Z
lever,b263e3b8-adc5-4b7c-aceb-28aae688b9d3,Match Group,"Sr. Technical Program Manager, Trust & Safety",Program Management,"Los Angeles, California",0,2026-06-22T18:55:03Z,,https://jobs.lever.co/matchgroup/b263e3b8-adc5-4b7c-aceb-28aae688b9d3,2026-08-05T03:08:05Z,2026-08-05T03:08:05Z
lever,e809d32c-e472-453c-96bc-6c5c59bb2a6c,Match Group,Staff Recruiter,People,"Dallas, Texas",0,2026-06-26T23:02:27Z,,https://jobs.lever.co/matchgroup/e809d32c-e472-453c-96bc-6c5c59bb2a6c,2026-08-05T03:08:05Z,2026-08-05T03:08:05Z
lever,d209b937-de44-4e0b-a678-ea0815751448,Match Group,"Staff Software Engineer, iOS",Engineering,"New York, New York",0,2026-03-30T19:30:26Z,,https://jobs.lever.co/matchgroup/d209b937-de44-4e0b-a678-ea0815751448,2026-08-05T03:08:05Z,2026-08-05T03:08:05Z
lever,d0bd4bda-8e48-4761-b795-206bcb6e3101,Match Group,"Staff Software Engineer, MarTech",Marketing & PR,"Palo Alto, California",0,2026-07-21T17:08:28Z,,https://jobs.lever.co/matchgroup/d0bd4bda-8e48-4761-b795-206bcb6e3101,2026-08-05T03:08:05Z,2026-08-05T03:08:05Z
lever,1eb4892c-e947-4505-b343-df8cdc31eb08,Match Group,Talent and Operations Coordinator,People,"San Francisco, California",0,2026-06-26T23:17:24Z,,https://jobs.lever.co/matchgroup/1eb4892c-e947-4505-b343-df8cdc31eb08,2026-08-05T03:08:05Z,2026-08-05T03:08:05Z
lever,759405d9-d142-40f6-a379-51f64366d812,Match Group,"VP of Product Management, Trust & Safety, Match Group",Product,"West Hollywood, California",0,2026-07-09T21:56:52Z,,https://jobs.lever.co/matchgroup/759405d9-d142-40f6-a379-51f64366d812,2026-08-05T03:08:05Z,2026-08-05T03:08:05Z
lever,d74b426e-3da3-44e1-a510-76610d7a6df3,Match Group,長期Internshipに直結！【9月9日(水)・9月10日(木)】Pairs 2 Days Internship Workshop,Unassigned,Tokyo,0,2025-07-04T07:37:10Z,,https://jobs.lever.co/matchgroup/d74b426e-3da3-44e1-a510-76610d7a6df3,2026-08-05T03:08:05Z,2026-08-05T03:08:05Z
lever,a60fb104-ce93-4ba0-8763-ffb075b3eed1,Outreach,"Account Executive, Commercial",Account Executives,United States,1,2026-06-29T17:15:06Z,,https://jobs.lever.co/outreach/a60fb104-ce93-4ba0-8763-ffb075b3eed1,2026-08-05T03:08:05Z,2026-08-05T03:08:05Z
lever,9a24e6ad-3af2-4db0-a606-672946284b40,Outreach,"Account Manager, Commercial",Account Managers,United States,1,2026-05-13T15:11:37Z,,https://jobs.lever.co/outreach/9a24e6ad-3af2-4db0-a606-672946284b40,2026-08-05T03:08:05Z,2026-08-05T03:08:05Z
lever,f9e62dad-44bf-4e52-88ca-854a2b26fa58,Outreach,"Account Manager, Commercial, EMEA",Account Executives,London,0,2026-07-13T18:36:36Z,,https://jobs.lever.co/outreach/f9e62dad-44bf-4e52-88ca-854a2b26fa58,2026-08-05T03:08:05Z,2026-08-05T03:08:05Z
lever,1ee6929b-42c3-4ada-83cf-2ea170f7b430,Outreach,AI GTM Architect (Revenue Operations),Revenue Operations,United States,1,2026-06-17T16:30:37Z,,https://jobs.lever.co/outreach/1ee6929b-42c3-4ada-83cf-2ea170f7b430,2026-08-05T03:08:05Z,2026-08-05T03:08:05Z
lever,aa98974b-096f-403c-8d38-ba08961f0fd2,Outreach,"Applied Scientist, Sync",Commit Analytics and Data Platform,"Seattle, WA",0,2026-04-20T22:35:34Z,,https://jobs.lever.co/outreach/aa98974b-096f-403c-8d38-ba08961f0fd2,2026-08-05T03:08:05Z,2026-08-05T03:08:05Z
lever,648d32a5-310e-4a95-9a77-46614ccfe802,Outreach,"Client Account Executive, EMEA",Account Executives,London,0,2026-04-20T17:59:07Z,,https://jobs.lever.co/outreach/648d32a5-310e-4a95-9a77-46614ccfe802,2026-08-05T03:08:05Z,2026-08-05T03:08:05Z
lever,dc29c7f1-d7ef-431f-a35a-173dac2a4138,Outreach,Director of Applied Science and Engineering - Knowledge Graphs & AI,Engineering,Hyderabad,1,2026-04-15T10:12:47Z,,https://jobs.lever.co/outreach/dc29c7f1-d7ef-431f-a35a-173dac2a4138,2026-08-05T03:08:05Z,2026-08-05T03:08:05Z
lever,18210dbb-a2ad-49a8-9ee9-c31ad14da0f6,Outreach,"Director of Product Strategy, Sales Engagement",Product Management,"Atlanta, GA",1,2026-04-08T19:31:36Z,,https://jobs.lever.co/outreach/18210dbb-a2ad-49a8-9ee9-c31ad14da0f6,2026-08-05T03:08:05Z,2026-08-05T03:08:05Z
lever,3c27d8b2-bdef-4a0c-8507-092ef90fab33,Outreach,"Director, Product Management – Conversational Intelligence & Voice",Product Management,"Seattle, WA",0,2026-07-09T17:10:17Z,,https://jobs.lever.co/outreach/3c27d8b2-bdef-4a0c-8507-092ef90fab33,2026-08-05T03:08:05Z,2026-08-05T03:08:05Z
lever,c050b2d3-1c6b-4eea-86d1-ef505bd2b4cb,Outreach,Forward Deployed Engineer – AI Revenue Agents,Professional Services,United States,1,2026-06-18T16:24:17Z,,https://jobs.lever.co/outreach/c050b2d3-1c6b-4eea-86d1-ef505bd2b4cb,2026-08-05T03:08:05Z,2026-08-05T03:08:05Z
lever,b6064956-a36d-4c07-92e1-b32330f13dda,Outreach,Global Sales Development Representative,Sales Development Representatives,"Atlanta, GA",0,2025-11-20T18:54:09Z,,https://jobs.lever.co/outreach/b6064956-a36d-4c07-92e1-b32330f13dda,2026-08-05T03:08:05Z,2026-08-05T03:08:05Z
lever,f7f81638-432a-4f44-8bb3-89f68ae8183c,Outreach,Lead Proposal Manager,Solutions Consultants,United States,1,2026-07-29T18:04:46Z,,https://jobs.lever.co/outreach/f7f81638-432a-4f44-8bb3-89f68ae8183c,2026-08-05T03:08:05Z,2026-08-05T03:08:05Z
lever,721685da-ad4d-4047-a90c-2113631ec185,Outreach,Lead Solutions Consultant,Solutions Consultants,United States,1,2026-07-06T19:54:59Z,,https://jobs.lever.co/outreach/721685da-ad4d-4047-a90c-2113631ec185,2026-08-05T03:08:05Z,2026-08-05T03:08:05Z
lever,37cb8f89-e459-4020-a243-3b08348b418f,Outreach,"Lead Solutions Consultant, EMEA",Solutions Consultants,London,0,2025-11-10T17:10:34Z,,https://jobs.lever.co/outreach/37cb8f89-e459-4020-a243-3b08348b418f,2026-08-05T03:08:05Z,2026-08-05T03:08:05Z
lever,08d9a7e4-4fcc-40f3-85ae-549cb1e8c0fc,Outreach,Lead Value Consultant,Value Consulting,United States,1,2026-07-10T20:09:56Z,,https://jobs.lever.co/outreach/08d9a7e4-4fcc-40f3-85ae-549cb1e8c0fc,2026-08-05T03:08:05Z,2026-08-05T03:08:05Z
lever,1ec537cb-d3fc-42ed-bb0e-15264ecf7446,Outreach,"Manager, Customer Operations (Revenue Operations)",Revenue Operations,United States,1,2026-07-30T21:41:29Z,,https://jobs.lever.co/outreach/1ec537cb-d3fc-42ed-bb0e-15264ecf7446,2026-08-05T03:08:05Z,2026-08-05T03:08:05Z
lever,e53296a9-c838-45fd-bf99-111c349da2d5,Outreach,"Manager, Recruiting, Tech/G&A",Recruiting,United States,1,2026-07-29T21:10:23Z,,https://jobs.lever.co/outreach/e53296a9-c838-45fd-bf99-111c349da2d5,2026-08-05T03:08:05Z,2026-08-05T03:08:05Z
lever,5fc4b4d3-4023-4cf3-9f12-65ba93593e83,Outreach,"Manager, Technical Support",Technical Support,"Seattle, WA",1,2026-07-31T16:54:12Z,,https://jobs.lever.co/outreach/5fc4b4d3-4023-4cf3-9f12-65ba93593e83,2026-08-05T03:08:05Z,2026-08-05T03:08:05Z
lever,d6c7de50-a4a0-4f6d-83f2-348b0927a17e,Outreach,"Principal Product Manager, Platform - Prague, Czechia",Product Management,Prague,0,2026-02-05T16:37:50Z,,https://jobs.lever.co/outreach/d6c7de50-a4a0-4f6d-83f2-348b0927a17e,2026-08-05T03:08:05Z,2026-08-05T03:08:05Z
lever,39303d33-b32a-4a66-8e35-475e0892b038,Outreach,"Principal Product Marketing Manager, Competitive",Product Marketing,United States,1,2026-07-09T21:09:51Z,,https://jobs.lever.co/outreach/39303d33-b32a-4a66-8e35-475e0892b038,2026-08-05T03:08:05Z,2026-08-05T03:08:05Z
lever,ba8e96f8-15a7-4301-8a3b-d206aefa7285,Outreach,Public Relations Manager,Marketing,United States,1,2026-07-29T18:43:32Z,,https://jobs.lever.co/outreach/ba8e96f8-15a7-4301-8a3b-d206aefa7285,2026-08-05T03:08:05Z,2026-08-05T03:08:05Z
lever,03198a0a-e455-43fd-9666-30ec5fedcb6b,Outreach,Senior Applied Scientist,Voice,"Seattle, WA",0,2026-05-26T15:10:54Z,,https://jobs.lever.co/outreach/03198a0a-e455-43fd-9666-30ec5fedcb6b,2026-08-05T03:08:05Z,2026-08-05T03:08:05Z
lever,cc0715d3-8bbf-4a5c-bd32-7d12c243e2c9,Outreach,Senior Applied Scientist - Knowledge Graphs & AI,Engineering,Hyderabad,1,2026-07-03T10:31:33Z,,https://jobs.lever.co/outreach/cc0715d3-8bbf-4a5c-bd32-7d12c243e2c9,2026-08-05T03:08:05Z,2026-08-05T03:08:05Z
lever,91b45521-0ad3-499f-8c05-514beb39c2e5,Outreach,Senior Customer Success Manager,Customer Success Managers,United States,1,2026-07-29T17:49:43Z,,https://jobs.lever.co/outreach/91b45521-0ad3-499f-8c05-514beb39c2e5,2026-08-05T03:08:05Z,2026-08-05T03:08:05Z
lever,40ffc01a-1ffd-4625-893f-3f9a2006dfec,Outreach,"Senior Director, Growth Marketing",Marketing,United States,1,2026-06-16T15:46:34Z,,https://jobs.lever.co/outreach/40ffc01a-1ffd-4625-893f-3f9a2006dfec,2026-08-05T03:08:05Z,2026-08-05T03:08:05Z
lever,545ab151-bf70-4575-b5d7-bceaa27e2486,Outreach,"Senior Product Manager, AI",Product Management,"Seattle, WA",0,2025-12-05T05:02:08Z,,https://jobs.lever.co/outreach/545ab151-bf70-4575-b5d7-bceaa27e2486,2026-08-05T03:08:05Z,2026-08-05T03:08:05Z
lever,26c82468-d46a-4b43-89cb-7640ce317d11,Outreach,Senior Product Marketing Manager,Product Marketing,United States,1,2026-06-25T16:36:21Z,,https://jobs.lever.co/outreach/26c82468-d46a-4b43-89cb-7640ce317d11,2026-08-05T03:08:05Z,2026-08-05T03:08:05Z
lever,e73a73a7-0d05-4137-9dca-7ce36fbf125d,Outreach,"Senior Product Marketing Manager, Growth",Product Marketing,United States,1,2026-06-25T16:26:51Z,,https://jobs.lever.co/outreach/e73a73a7-0d05-4137-9dca-7ce36fbf125d,2026-08-05T03:08:05Z,2026-08-05T03:08:05Z
lever,c340ddc9-a952-4d16-bb78-4e250abe1bb9,Outreach,Senior Sales Operations Manager,Revenue Operations,United States,1,2026-07-28T19:25:59Z,,https://jobs.lever.co/outreach/c340ddc9-a952-4d16-bb78-4e250abe1bb9,2026-08-05T03:08:05Z,2026-08-05T03:08:05Z
lever,36e02d02-28a0-4e77-b0b0-a5b0d46fd0a5,Outreach,Senior Solutions Consultant,Solutions Consultants,United States,1,2026-07-06T19:55:10Z,,https://jobs.lever.co/outreach/36e02d02-28a0-4e77-b0b0-a5b0d46fd0a5,2026-08-05T03:08:05Z,2026-08-05T03:08:05Z
lever,830d5d8c-0e32-4452-8a76-423bff27ace5,Outreach,Social Media Manager,Marketing,United States,1,2026-07-29T18:47:24Z,,https://jobs.lever.co/outreach/830d5d8c-0e32-4452-8a76-423bff27ace5,2026-08-05T03:08:05Z,2026-08-05T03:08:05Z
lever,4ef30219-4dd5-4f40-b3b8-76c3c2277ebb,Outreach,Staff Applied Scientist - Knowledge Graphs & AI,Engineering,Hyderabad,1,2026-07-03T10:47:02Z,,https://jobs.lever.co/outreach/4ef30219-4dd5-4f40-b3b8-76c3c2277ebb,2026-08-05T03:08:05Z,2026-08-05T03:08:05Z
lever,ea23565e-fe60-4e8c-adb4-ced225fd7179,Outreach,"Staff Software Engineer (GOlang, Back-end) - Prague, Czechia",Core Experience,Prague,0,2026-06-25T11:33:19Z,,https://jobs.lever.co/outreach/ea23565e-fe60-4e8c-adb4-ced225fd7179,2026-08-05T03:08:05Z,2026-08-05T03:08:05Z
lever,5b9cc299-e18c-4d85-a833-9fa0422a0a51,Swile,Account Manager Sédentaire (Alternance)📍Montpellier,Business-Mass / Mass-AM,"Montpellier, France",0,2026-07-21T08:52:27Z,,https://jobs.lever.co/swile/5b9cc299-e18c-4d85-a833-9fa0422a0a51,2026-08-05T03:08:05Z,2026-08-05T03:08:05Z
lever,f9bd6c16-faeb-423b-b350-72fd5cb8c764,Swile,Backend Software Engineer Senior  - Vaga afirmativa para mulheres,Engineering,"Remote, Brasil",1,2024-04-05T13:41:34Z,,https://jobs.lever.co/swile/f9bd6c16-faeb-423b-b350-72fd5cb8c764,2026-08-05T03:08:05Z,2026-08-05T03:08:05Z
lever,c57f9c16-65c1-4354-9156-5839a546efe2,Swile,Customer Care Travel Specialist (Care+),Care-Travel,"Montpellier, France",0,2026-04-14T12:01:51Z,,https://jobs.lever.co/swile/c57f9c16-65c1-4354-9156-5839a546efe2,2026-08-05T03:08:05Z,2026-08-05T03:08:05Z
lever,8eaf4b57-1de9-4215-bcf4-05fdb7f4c136,Swile,Engineering Director,Engineering,"Montpellier, France",0,2026-06-05T07:59:54Z,,https://jobs.lever.co/swile/8eaf4b57-1de9-4215-bcf4-05fdb7f4c136,2026-08-05T03:08:05Z,2026-08-05T03:08:05Z
lever,e4ba831e-c4dc-421a-adf7-0a528803cc17,Swile,Engineering Manager,Engineering,"São Paulo, Brazil",1,2025-11-10T13:33:01Z,,https://jobs.lever.co/swile/e4ba831e-c4dc-421a-adf7-0a528803cc17,2026-08-05T03:08:05Z,2026-08-05T03:08:05Z
lever,fc7511ec-9cba-4e66-b20f-e0b9a78d375c,Swile,Engineering Manager,Engineering,"Montpellier, France",0,2026-05-07T14:54:10Z,,https://jobs.lever.co/swile/fc7511ec-9cba-4e66-b20f-e0b9a78d375c,2026-08-05T03:08:05Z,2026-08-05T03:08:05Z
lever,d7529e46-362d-4ba0-94ed-f37c902229f9,Swile,Engineering Manager - Payments,Engineering-Payment,Brasil,0,2026-06-22T18:10:13Z,,https://jobs.lever.co/swile/d7529e46-362d-4ba0-94ed-f37c902229f9,2026-08-05T03:08:05Z,2026-08-05T03:08:05Z
lever,455518e9-dc36-4efe-af27-d91bf30abfb8,Swile,IT Support Analyst,Innovation / Corporate IT / Corporate IT,"São Paulo, Brazil",0,2025-12-15T13:11:31Z,,https://jobs.lever.co/swile/455518e9-dc36-4efe-af27-d91bf30abfb8,2026-08-05T03:08:05Z,2026-08-05T03:08:05Z
lever,af1ba9e9-b02c-4e7d-b0c6-4395aa746a4c,Swile,Sales Acquisition Affiliates,Affiliates / Inside Sales Affiliates,"Montpellier, France",0,2025-02-17T09:08:59Z,,https://jobs.lever.co/swile/af1ba9e9-b02c-4e7d-b0c6-4395aa746a4c,2026-08-05T03:08:05Z,2026-08-05T03:08:05Z
lever,db1f38b6-76ae-423a-b9ad-03a06a4f88b4,Swile,Senior IT Support Specialist,Innovation / Corporate IT / Corporate IT,"São Paulo, Brazil",0,2026-03-27T20:56:34Z,,https://jobs.lever.co/swile/db1f38b6-76ae-423a-b9ad-03a06a4f88b4,2026-08-05T03:08:05Z,2026-08-05T03:08:05Z
lever,59f04e65-bc11-457a-ba12-85d97ba5be22,Swile,Senior Salesforce Developer - Montpellier,Engineering,"Montpellier, France",0,2026-04-21T10:24:04Z,,https://jobs.lever.co/swile/59f04e65-bc11-457a-ba12-85d97ba5be22,2026-08-05T03:08:05Z,2026-08-05T03:08:05Z
lever,4a9c8a10-226f-4d35-a4bb-d52c3082599b,Swile,Senior Salesforce Developer - Paris,Engineering,"Paris, France",0,2026-04-21T09:30:19Z,,https://jobs.lever.co/swile/4a9c8a10-226f-4d35-a4bb-d52c3082599b,2026-08-05T03:08:05Z,2026-08-05T03:08:05Z
lever,b247d063-6b5b-43cf-a340-949c238bdeeb,Swile,Senior Site Reliability Engineer (SRE),Innovation / Platform / Platform,"Paris, France",0,2024-07-10T15:43:23Z,,https://jobs.lever.co/swile/b247d063-6b5b-43cf-a340-949c238bdeeb,2026-08-05T03:08:05Z,2026-08-05T03:08:05Z
lever,b974a3b3-2384-43e8-8ebd-10714910e690,Swile,Senior Site Reliability Engineer (SRE),Innovation / Platform / Platform,"Montpellier, France",0,2025-04-10T12:30:04Z,,https://jobs.lever.co/swile/b974a3b3-2384-43e8-8ebd-10714910e690,2026-08-05T03:08:05Z,2026-08-05T03:08:05Z
lever,da48a613-ddea-416e-9556-faaf8dba70c8,Swile,Senior Site Reliability Engineer (SRE),Innovation / Corporate IT / Corporate IT,"Remote, Brasil",1,2024-07-24T12:20:44Z,,https://jobs.lever.co/swile/da48a613-ddea-416e-9556-faaf8dba70c8,2026-08-05T03:08:05Z,2026-08-05T03:08:05Z
lever,f5e14fca-c0dd-40a9-995a-d97bc8f2a5c9,Swile,Senior Software Engineer - Montpellier,Engineering,"Montpellier, France",0,2024-01-10T13:48:19Z,,https://jobs.lever.co/swile/f5e14fca-c0dd-40a9-995a-d97bc8f2a5c9,2026-08-05T03:08:05Z,2026-08-05T03:08:05Z
lever,303e156c-fa51-4c5f-8e17-784d318510cd,Swile,Senior Software Engineer - Paris,Engineering,"Paris, France",0,2024-05-23T09:02:03Z,,https://jobs.lever.co/swile/303e156c-fa51-4c5f-8e17-784d318510cd,2026-08-05T03:08:05Z,2026-08-05T03:08:05Z
lever,229b5b92-30ef-4ecf-a984-e1f2d893bb2a,Swile,Senior Software Engineer - Toulouse,Engineering,"Toulouse, France",0,2025-08-25T08:07:52Z,,https://jobs.lever.co/swile/229b5b92-30ef-4ecf-a984-e1f2d893bb2a,2026-08-05T03:08:05Z,2026-08-05T03:08:05Z
lever,6509f43a-8dbb-413f-a105-0f8d6fa6f78b,Swile,"Senior Software Engineer, Android",Engineering-Employee,"São Paulo, Brazil",1,2025-08-11T19:25:59Z,,https://jobs.lever.co/swile/6509f43a-8dbb-413f-a105-0f8d6fa6f78b,2026-08-05T03:08:05Z,2026-08-05T03:08:05Z
lever,c7c29d73-95fe-4680-93fd-4c2c19b1d6e9,Swile,"Senior Software Engineer, Backend",Engineering,"Remote, Brasil",1,2024-04-01T15:55:25Z,,https://jobs.lever.co/swile/c7c29d73-95fe-4680-93fd-4c2c19b1d6e9,2026-08-05T03:08:05Z,2026-08-05T03:08:05Z
lever,ba335751-9ae3-4d18-a5c8-b47596d577de,Swile,"Senior Software Engineer, Backend (Payments)",Engineering-Payment,Brasil,1,2026-06-05T13:28:26Z,,https://jobs.lever.co/swile/ba335751-9ae3-4d18-a5c8-b47596d577de,2026-08-05T03:08:05Z,2026-08-05T03:08:05Z
lever,d05af4f1-2760-47d9-83d2-65fd6a8c5b79,Highspot,Account Development Representative,Account Development,Seattle,0,2026-07-21T21:19:11Z,,https://jobs.lever.co/highspot/d05af4f1-2760-47d9-83d2-65fd6a8c5b79,2026-08-05T03:08:05Z,2026-08-05T03:08:05Z
lever,12b7f6f1-6582-4288-911b-746e9c502665,Highspot,"Account Executive, Mid Market- Remote",Sales,United States,1,2026-06-17T20:33:43Z,,https://jobs.lever.co/highspot/12b7f6f1-6582-4288-911b-746e9c502665,2026-08-05T03:08:05Z,2026-08-05T03:08:05Z
lever,10f06d50-cfbb-402f-bf29-02dd19606509,Highspot,Lead Implementation Manager,Customer Services,India - Hyderabad,0,2026-07-01T05:34:03Z,,https://jobs.lever.co/highspot/10f06d50-cfbb-402f-bf29-02dd19606509,2026-08-05T03:08:05Z,2026-08-05T03:08:05Z
lever,0fda0625-115e-4fcc-bec2-7ceef53ab53b,Highspot,"Manager, Customer Success Management",Customer Services,India - Hyderabad,0,2026-07-08T05:32:13Z,,https://jobs.lever.co/highspot/0fda0625-115e-4fcc-bec2-7ceef53ab53b,2026-08-05T03:08:05Z,2026-08-05T03:08:05Z
lever,477e674d-90af-4f63-9714-9e0fd021754a,Highspot,"Manager, Solution Consulting Operations",Sales,India - Hyderabad,0,2026-08-04T05:35:43Z,,https://jobs.lever.co/highspot/477e674d-90af-4f63-9714-9e0fd021754a,2026-08-05T03:08:05Z,2026-08-05T03:08:05Z
lever,9aaaf871-365c-4ecf-b7f6-42792fda5f24,Highspot,"Manager, Technical Account Management- Remote",Customer Services,United States,1,2026-06-25T20:58:39Z,,https://jobs.lever.co/highspot/9aaaf871-365c-4ecf-b7f6-42792fda5f24,2026-08-05T03:08:05Z,2026-08-05T03:08:05Z
lever,f222ad5c-b7dd-43c4-9008-ee1a53174afa,Highspot,"Principal Software Engineer, Applied AI",Engineering,Seattle,0,2026-06-15T18:28:59Z,,https://jobs.lever.co/highspot/f222ad5c-b7dd-43c4-9008-ee1a53174afa,2026-08-05T03:08:05Z,2026-08-05T03:08:05Z
lever,c49beaf1-a5fe-4883-865a-d8885fbef5df,Highspot,"Principal Software Engineer, Data Engineering",Engineering,Seattle,0,2026-06-15T18:22:09Z,,https://jobs.lever.co/highspot/c49beaf1-a5fe-4883-865a-d8885fbef5df,2026-08-05T03:08:05Z,2026-08-05T03:08:05Z
lever,c16b50c8-a181-40cb-a1fa-1a0b99da73ae,Highspot,Renewals Manager,Customer Services,India - Hyderabad,0,2025-11-06T10:04:27Z,,https://jobs.lever.co/highspot/c16b50c8-a181-40cb-a1fa-1a0b99da73ae,2026-08-05T03:08:05Z,2026-08-05T03:08:05Z
lever,8b5aca4f-a904-47e8-b5d0-6952727a1772,Highspot,Renewals Operations  Specialist (EMEA),Sales,India - Hyderabad,0,2026-01-09T08:40:23Z,,https://jobs.lever.co/highspot/8b5aca4f-a904-47e8-b5d0-6952727a1772,2026-08-05T03:08:05Z,2026-08-05T03:08:05Z
lever,c8f3a109-76e4-4074-b602-f8944007fdba,Highspot,Renewals Operations Specialist,Customer Services,India - Hyderabad,0,2026-07-28T10:19:11Z,,https://jobs.lever.co/highspot/c8f3a109-76e4-4074-b602-f8944007fdba,2026-08-05T03:08:05Z,2026-08-05T03:08:05Z
lever,636d6661-2559-433c-bac0-f50a92af9ccd,Highspot,"Senior Technical Account Manager, EMEA",Customer Services,London,0,2025-12-08T19:32:41Z,,https://jobs.lever.co/highspot/636d6661-2559-433c-bac0-f50a92af9ccd,2026-08-05T03:08:05Z,2026-08-05T03:08:05Z
lever,c62796e5-a0ab-421b-a8d2-e3c2292df977,Highspot,Sr. Customer Success Manager - Remote,Customer Services,United States,1,2024-11-25T20:15:03Z,,https://jobs.lever.co/highspot/c62796e5-a0ab-421b-a8d2-e3c2292df977,2026-08-05T03:08:05Z,2026-08-05T03:08:05Z
lever,8fd322ce-a597-4562-9f94-0e0ad87da786,Highspot,"Sr. Customer Success Manager, ANZ",Customer Services,Sydney,0,2026-08-03T17:22:44Z,,https://jobs.lever.co/highspot/8fd322ce-a597-4562-9f94-0e0ad87da786,2026-08-05T03:08:05Z,2026-08-05T03:08:05Z
lever,61fa65a7-80a2-4978-aea7-c44134416aac,Highspot,"Sr. Director, Product Design",Product Design,Seattle,0,2026-06-04T16:59:19Z,,https://jobs.lever.co/highspot/61fa65a7-80a2-4978-aea7-c44134416aac,2026-08-05T03:08:05Z,2026-08-05T03:08:05Z
lever,103931f8-9161-4c0d-ac5b-770149349c37,Highspot,Sr. Product Manager - Agentic Identity,Engineering,Seattle,0,2026-06-29T17:52:20Z,,https://jobs.lever.co/highspot/103931f8-9161-4c0d-ac5b-770149349c37,2026-08-05T03:08:05Z,2026-08-05T03:08:05Z
lever,32cf35bf-3f0b-42a5-b2ad-b2c26c1edfdb,Highspot,Sr. Renewals Manager- Remote,Customer Services,Canada,1,2026-07-01T18:07:56Z,,https://jobs.lever.co/highspot/32cf35bf-3f0b-42a5-b2ad-b2c26c1edfdb,2026-08-05T03:08:05Z,2026-08-05T03:08:05Z
lever,0553a96d-bfdc-48ba-8ccc-a077ae00d5f5,Highspot,Sr. Technical Account Manager - Remote,Customer Services,Canada,1,2026-06-24T21:16:41Z,,https://jobs.lever.co/highspot/0553a96d-bfdc-48ba-8ccc-a077ae00d5f5,2026-08-05T03:08:05Z,2026-08-05T03:08:05Z
lever,1d1b1e72-6e3e-45c4-a97b-75137d0fdb9d,Highspot,Sr. Technical Account Manager - Remote,Customer Services,United States,1,2026-06-24T20:49:35Z,,https://jobs.lever.co/highspot/1d1b1e72-6e3e-45c4-a97b-75137d0fdb9d,2026-08-05T03:08:05Z,2026-08-05T03:08:05Z
lever,66395ad2-d983-4cbc-a620-b1dae71ecdd5,Highspot,Technical Support Specialist III,Customer Services,India - Hyderabad,0,2026-07-14T05:06:28Z,,https://jobs.lever.co/highspot/66395ad2-d983-4cbc-a620-b1dae71ecdd5,2026-08-05T03:08:05Z,2026-08-05T03:08:05Z
